,spatial X_st rnd d_c train,spatial X_st rnd d_c val,spatial X_st min d_c train,spatial X_st min d_c val,spatial X_st max d_c train,spatial X_st max d_c val,spatial X_st avg d_c train,spatial X_st avg d_c val,"spatial X_(t,s) rnd d_c train","spatial X_(t,s) rnd d_c val","spatial X_(t,s) min d_c train","spatial X_(t,s) min d_c val","spatial X_(t,s) max d_c train","spatial X_(t,s) max d_c val","spatial X_(t,s) avg d_c train","spatial X_(t,s) avg d_c val","spatial Y_hat_(t,s) rnd d_c train","spatial Y_hat_(t,s) rnd d_c val","spatial Y_hat_(t,s) min d_c train","spatial Y_hat_(t,s) min d_c val","spatial Y_hat_(t,s) max d_c train","spatial Y_hat_(t,s) max d_c val","spatial Y_hat_(t,s) avg d_c train","spatial Y_hat_(t,s) avg d_c val","spatial Y_(t,s) rnd d_c train","spatial Y_(t,s) rnd d_c val","spatial Y_(t,s) min d_c train","spatial Y_(t,s) min d_c val","spatial Y_(t,s) max d_c train","spatial Y_(t,s) max d_c val","spatial Y_(t,s) avg d_c train","spatial Y_(t,s) avg d_c val"
test_loss,0.19939536,0.19939536,0.33436078,0.33436078,0.8293183,0.8293183,0.49043196,0.49043196,0.33603725,0.33603725,0.46572152,0.46572152,0.40269703,0.40269703,0.35113508,0.35113508,0.13598119,0.13598119,0.14197545,0.14197545,0.12443052,0.12443052,0.11792257,0.11792257,0.26901084,0.26901084,0.29879162,0.29879162,0.47395426,0.47395426,0.32513043,0.32513043
0,3.09237,0.60517836,3.7202132,0.58952016,6.9565787,0.43092722,5.5338106,0.5285149,1.5810779,0.86453414,1.4437691,0.90766555,1.9924105,0.85160166,1.5364199,0.8771201,3.3878047,0.595522,3.7431796,0.6113528,3.9134312,0.5462883,4.0531983,0.7709309,3.9732313,0.644869,4.42099,0.65894693,5.4261794,0.56164277,4.7996054,0.71668166
1,2.1804202,0.63355273,2.4477243,0.5415393,5.0850053,0.40752256,3.7776089,0.5927155,1.2791915,0.8445972,1.1319567,0.9332641,1.5486906,0.73709923,1.2947255,0.9675546,2.6293838,0.5545976,2.715314,0.60645014,2.8411334,0.49455798,3.1547303,0.6282904,2.899864,0.5370081,2.996019,0.6155616,3.2650306,0.5286119,3.4410841,0.5472054
2,2.129839,0.5463239,2.173166,0.57112384,4.895866,0.41663635,3.4560163,0.52039325,1.1636012,0.6885049,1.0750701,0.7470635,1.38527,0.79269207,1.2509501,0.7908184,2.327947,0.5266609,2.4284537,0.5303031,2.4613502,0.51608485,3.0345128,0.50366867,2.506782,0.9483831,2.9158542,0.51499474,2.801877,0.52608734,2.9995313,0.54161066
3,1.9216344,0.54373175,1.9824024,0.58100075,4.7505207,0.38980433,3.2256026,0.49688974,1.0125433,0.6553678,0.9188052,0.8053645,1.1945183,0.71312356,1.1204786,0.8385736,2.1507986,0.4972918,2.3717332,0.5390493,2.3329477,0.5324089,2.6807647,0.5033036,2.464754,0.5785946,2.6586437,0.53968084,2.74099,0.52118903,2.6839828,0.64456004
4,1.7676724,0.52560306,1.9075671,0.5162288,4.4054155,0.4620157,3.0733042,0.4977774,1.0186943,0.81691664,0.8618632,0.78718346,1.1790695,0.73045874,1.1109751,0.7824001,2.021662,0.6285014,2.1181781,0.52450806,2.1527731,0.5489337,2.6115348,0.48270518,2.3360748,0.5087775,2.3935752,0.51960427,2.4346423,0.6220526,2.7070966,0.47882923
5,1.7554955,0.56651896,1.7688673,0.5765517,4.3420115,0.40092933,2.788599,0.5220641,1.065074,0.7733435,0.75130713,0.7376349,1.1060462,0.69553685,1.0182176,0.8070179,2.0146546,0.50419736,1.9625739,0.52349234,2.0385761,0.4977926,2.364554,0.53760016,2.1666322,0.5724288,2.4717793,0.53447086,2.2309299,0.5838965,2.602121,0.46052966
6,1.6022342,0.5458115,1.686541,0.53209114,3.93445,0.42454278,2.692091,0.4695858,0.9141575,0.6538163,0.7350602,0.7814444,0.9680172,0.60911876,0.9150937,0.66469777,1.84772,0.51306075,1.8374581,0.5533435,1.964939,0.4975411,2.413555,0.4743025,2.0701358,0.6559185,2.3649666,0.6106675,2.2740011,0.63071716,2.3062983,0.6966909
7,1.4267007,0.5424845,1.5704575,0.53215337,3.7790818,0.5196899,2.490486,0.52608836,0.89955854,0.6986414,0.6571984,0.6933169,0.91651505,0.66325426,0.8369506,0.6998389,1.8006066,0.52504796,1.8077192,0.5279306,1.8863271,0.5223227,2.0662403,0.48062745,1.8623052,0.54937047,2.1473763,0.480645,2.074114,0.6193049,2.2123096,0.5706605
8,1.3526598,0.6514454,1.4554327,0.5631385,3.598549,0.49400285,2.5361938,0.496996,0.82864946,0.72576046,0.6585579,0.70405334,0.8440507,0.64036244,0.7121372,0.76123595,1.6711333,0.6076149,1.7336618,0.56868404,1.6205765,0.50859106,1.9821995,0.51497656,1.7236848,0.72735125,2.0881982,0.5175393,1.9546455,0.579637,2.1879346,0.52027416
9,1.3754094,0.53363866,1.2812699,0.5738846,3.2819679,0.42700934,2.1565523,0.49418235,0.785761,0.71643645,0.5426228,0.8377669,0.83856916,0.6693394,0.6657745,0.69029385,1.4388798,0.5354016,1.504054,0.5920772,1.5433229,0.51743937,2.069023,0.46994713,1.8102565,0.5597706,1.9368148,0.5798319,1.8438424,0.7476741,2.0013313,0.5234381
10,1.220513,0.5403602,1.2444152,0.5438367,2.9371898,0.7330998,2.113796,0.5164836,0.8547616,0.77461904,0.5356391,0.7006404,0.6275216,0.7648839,0.6485057,0.6559444,1.4793689,0.6165948,1.4618535,0.61064434,1.4607661,0.52204114,1.7470348,0.4598747,1.508831,0.5423718,1.787835,0.5759409,1.9350839,0.65243965,2.040304,0.56667477
11,1.1019425,0.5875777,1.2033162,0.50997627,3.123627,0.47471806,1.9196393,0.4986338,0.7580047,0.6739514,0.47517666,0.7967256,0.69074595,0.70443034,0.5643781,0.74834317,1.4164923,0.5950457,1.2288241,0.58080804,1.3391254,0.60246867,1.6617695,0.4778538,1.5275888,0.56062734,1.7720652,0.4908256,1.7245895,0.60976475,1.8746992,0.5413243
12,0.9807159,0.5583637,1.1573578,0.559057,2.902322,0.5928114,1.8152153,0.49561813,0.58318967,0.85581386,0.45532578,0.76998866,0.674902,0.6537187,0.58163315,0.6999671,1.2802094,0.5533758,1.1446778,0.5872589,2.4075408,0.3889756,1.5084101,0.48275128,1.3570045,0.5837439,1.7397735,0.5222836,1.7329156,0.5575157,1.7811525,0.682943
13,0.89432657,0.57086617,1.0234206,0.5527569,2.74304,0.57235116,1.5947345,0.5507065,0.6592268,0.8325367,0.4001352,0.70874906,0.58670264,0.6941629,0.5200663,0.73823273,1.1603242,0.6289075,0.99421465,0.5997147,1.9857469,0.43833664,1.4108691,0.49126548,1.2452245,0.5357937,1.5337964,0.4899736,1.6038768,0.7633601,1.8229659,0.49684948
14,0.9067823,0.5922126,0.99354535,0.5157901,3.4579723,0.6214034,1.5553815,0.5718939,0.54783237,0.8142192,0.4327251,0.7636147,0.51537806,0.65164953,0.5013211,0.7172976,2.1143136,0.44432566,0.9850524,0.5701492,1.8593566,0.38699645,1.320147,0.46271855,1.1396725,0.6647062,1.6072928,0.53966165,2.4942493,0.42451173,1.6029083,0.49029118
15,1.4032991,0.57022387,0.8987407,0.5363938,3.0063279,0.52112,1.4303473,0.60756767,0.5456722,0.7706532,0.36228442,0.7516023,0.57311255,0.7115994,0.43256694,0.69343895,1.8193613,0.44849378,1.0027318,0.66626954,1.5651631,0.39921018,1.261852,0.48227197,2.0010946,0.5166564,1.4592437,0.55712926,2.0459604,0.48863286,1.5581797,0.7900158
16,1.2189275,0.5135822,0.8394564,0.5503394,2.7450683,0.7324213,1.2419213,0.6371703,0.4542998,0.75861895,0.32780975,0.7617223,0.50797826,0.70251626,0.42540982,0.76289177,1.6897146,0.47938854,2.41994,0.4176295,1.4892408,0.38159463,1.2279603,0.4456818,1.6493257,0.4626255,1.4050651,0.49940524,1.9328134,0.49949017,2.4610753,0.4896471
17,1.1378162,0.51298577,0.84151393,0.60013103,2.430858,0.3966419,2.238255,0.41350248,1.916601,0.6341161,0.32744145,0.7615332,1.2036523,0.6127205,0.3866342,0.71937037,1.3843776,0.44854504,2.1196258,0.43598884,1.3615654,0.46228173,1.1523505,0.4938269,1.4119468,0.5056695,1.3164731,0.54703015,1.7614173,0.5425021,2.1189675,0.473573
18,0.91750425,0.7140794,0.7444362,0.54688686,2.3256843,0.51442325,1.8927304,0.39337048,1.520376,0.6026876,1.2520053,0.7338164,1.1046251,0.57352555,0.346844,0.7150497,1.4657123,0.44291246,1.7073302,0.4279329,1.2243536,0.39133182,1.1553271,0.49355468,1.3231406,0.45249453,2.2259128,0.3959979,1.6648452,0.4943755,1.9680036,0.5046409
19,0.92383087,0.5097221,0.7213396,0.55696756,2.0700974,0.42515483,1.5951111,0.46071765,1.4873453,0.5859312,1.1117157,0.6089011,0.94619894,0.5833388,0.33983558,0.7194723,1.3029249,0.4442519,1.4792969,0.4152623,1.1148009,0.43299982,1.0459337,0.4634509,1.1284989,0.5135096,1.7848368,0.4000849,1.5288521,0.507496,1.7141811,0.5431233
20,0.78784525,0.53040975,0.68857867,0.5362375,1.9374592,0.60900134,1.5915558,0.40705734,1.3460013,0.56169003,0.7975234,0.6886189,0.8761864,0.6251191,0.33845648,0.7297988,1.0913483,0.46509552,1.5581841,0.4120779,1.0414704,0.4655152,1.0143725,0.4602285,1.0114125,0.45829195,1.5443919,0.42329153,1.3957915,0.5387055,1.6000416,0.49946427
21,0.6963565,0.48552763,0.6760895,0.55343175,1.8544366,0.52100784,1.3259954,0.46983862,1.0810577,0.6190606,0.80900705,0.6610026,0.7589287,0.62754,1.096076,0.75855106,1.0494648,0.45642525,1.3240905,0.43200645,1.0031705,0.46897712,0.9944,0.48785618,0.9064674,0.45346218,1.4251328,0.4144866,1.3444762,0.40164462,1.5949663,0.4643825
22,0.693636,0.5059981,1.836345,0.4772391,1.7693294,0.669142,1.2138817,0.51524454,0.9492277,0.62516165,0.7127531,0.6217598,0.7179805,0.58969426,0.81426954,0.657667,1.0114497,0.4780303,1.1145759,0.47922602,0.9410843,0.46751827,0.88907605,0.5005039,0.8345974,0.46356377,1.304299,0.45898873,1.3134003,0.44812047,1.499629,0.45761982
23,0.59170425,0.5107378,1.5689105,0.43433508,1.5482997,0.5857831,1.2231246,0.40067846,0.99362606,0.8595155,0.63105834,0.6980694,0.70520824,0.6369727,0.7927077,0.6338352,0.93823016,0.4772489,1.0032086,0.43937856,0.88607424,0.429085,0.87753934,0.456489,0.753277,0.41950524,1.251843,0.4273587,1.2436118,0.46958047,1.4844098,0.5100753
24,0.48441797,0.54353017,1.2755212,0.42568728,1.516781,0.6016587,1.0316069,0.44028977,0.9543311,0.6233169,0.5892697,0.666181,0.5331979,0.6641094,0.64643943,0.73719627,0.909614,0.54648626,0.9019274,0.45258963,0.9069908,0.4238314,0.8258589,0.4889215,0.74175733,0.4819269,1.1239519,0.40029144,1.1093439,0.44892004,1.3175627,0.5141548
25,0.55746615,0.5037257,1.2545623,0.5130197,1.4497862,0.5869021,1.0756943,0.53675145,0.67670304,0.6325564,0.49394467,1.0078741,0.61751103,0.617112,0.5394663,0.63579905,0.8461951,0.47318217,0.9438172,0.44350994,0.8312553,0.41618392,0.7962108,0.47572705,0.66078883,0.43235314,1.0342139,0.38826644,1.1442012,0.51852417,1.2547679,0.47700772
26,0.4803067,0.51212686,1.0407094,0.44259,1.2954861,0.6731226,1.0076203,0.45384774,0.65414476,0.58142847,0.54293287,0.73831415,0.5226184,0.6106385,0.51206934,0.617861,0.7762044,0.4624938,0.78800815,0.45185158,0.8067767,0.43502867,0.7631248,0.4655322,0.68220204,0.5110448,1.0324656,0.42465132,1.0417008,0.4808139,1.2309318,0.439501
27,0.50155777,0.53076404,0.9071564,0.40871346,1.2907426,0.54452556,0.8874525,0.48256582,0.6375809,0.57938147,0.4708777,0.68823206,0.51303655,0.672324,0.526456,0.6702693,0.6852379,0.4908821,0.75873196,0.44989315,1.912214,0.5110578,2.310374,0.33787897,0.5853143,0.5106292,0.884579,0.425656,1.0441098,0.46584386,1.1339697,0.54431784
28,0.43802327,0.51639795,0.84069514,0.39119133,2.082233,0.7189174,0.8544248,0.51726097,0.508417,0.56946254,0.4286246,0.6925283,0.4598861,0.6386109,0.43649778,0.6493113,0.70378995,0.48085535,0.7139675,0.45479196,1.61563,0.33641067,1.7666099,0.35181114,0.5846214,0.50677097,0.9290275,0.45466483,0.9460346,0.46749583,1.119238,0.46071365
29,0.41855085,0.5293378,0.76987106,0.41019216,1.5673155,0.55982536,1.5061544,0.46168202,0.47785202,0.58691794,0.4507715,0.6477235,1.2097957,0.5918361,0.42846248,0.67874426,1.5436865,0.41993672,0.6581148,0.44993454,1.1423771,0.33289048,1.5235682,0.3423276,0.60684824,0.46408463,0.87928337,0.45540607,0.97911394,0.5099353,1.0955905,0.56788516
30,0.4189314,0.5194938,0.77112573,0.39835903,1.6859003,0.5282319,1.1719595,0.4148339,0.53486377,0.6387095,1.1665506,0.5596656,0.8644704,0.5976815,0.42817995,0.70328885,1.2010667,0.4085503,0.76256955,0.46107483,1.0300926,0.35316628,1.284653,0.352933,0.48787004,0.45983672,0.8454076,0.49946868,0.8808192,0.5028425,1.0516857,0.44488415
31,0.3608863,0.5106794,0.70571005,0.4220415,1.4230554,0.52173615,0.9949444,0.6052305,1.1655996,0.58184725,0.8618169,0.596467,0.7630179,0.6536483,0.34429553,0.67881453,1.0261867,0.44218963,1.991859,0.35624182,1.022647,0.36297777,1.1923696,0.3814388,0.52356225,0.5021101,0.74123794,0.45312256,0.90314436,0.4993252,0.97318685,0.47738916
32,2.1513934,0.429164,0.6897879,0.40064442,1.3539833,0.46792176,0.8999057,0.5342454,0.95050484,0.89605623,0.7700641,0.64127487,0.79521495,0.58245534,0.31653988,0.650308,0.90140665,0.39140767,1.5958323,0.37671393,0.8622735,0.34085774,1.1752344,0.37383604,0.47258973,0.4587063,0.8295074,0.43016148,2.0303998,0.6440735,0.93144333,0.49678543
33,1.6370587,0.39114612,0.6656581,0.42460302,1.3911746,0.6271749,0.8776066,0.39478958,0.82406145,0.57516336,0.6541385,0.6255289,0.6361097,0.5824823,0.3601437,0.6874596,0.80300885,0.39476487,1.2801179,0.3719028,0.8805173,0.35029453,0.9324705,0.3864819,0.46543273,0.50260717,0.7364136,0.48095953,1.6314737,0.5029451,0.92876387,0.47485384
34,1.2611358,0.4167418,0.56420195,0.42699113,1.2525377,0.7227424,1.0131093,0.63728243,0.63846844,0.5788686,0.7155945,0.5571792,0.56701446,0.63072807,0.31842571,0.65639853,0.6991872,0.40059388,1.1571918,0.36348483,0.7294286,0.3417517,0.97009724,0.35864672,2.0680518,0.46290675,0.67956436,0.44629648,1.5166085,0.50735563,0.8348199,0.49026364
35,1.1373291,0.40372255,0.53134024,0.42955348,1.15234,0.7042153,0.73547983,0.49016428,0.6008726,0.5349696,0.6418862,0.5917504,0.54822373,0.62958217,0.33436182,0.6697222,0.6581779,0.39965868,0.9436132,0.379335,0.6848444,0.32798606,0.92171794,0.36681622,1.4697827,0.45267394,0.69660825,0.43230075,1.3538139,0.47764236,0.8177632,0.48178947
36,0.9389242,0.42571196,0.6196365,0.41934553,1.0379434,0.57665205,0.74273723,0.4415604,0.48220432,0.54240817,0.4303774,0.5734544,0.42660725,0.70403624,0.32580686,0.9413638,0.6011502,0.3812856,0.87680537,0.37035975,0.64124095,0.36185023,0.83022,0.37913355,1.298771,0.39146504,2.1028602,0.3918056,1.2837588,0.42722625,0.82943296,0.4591945
37,0.89478594,0.52163035,0.56302315,0.4471658,0.98256963,0.65915376,0.73855066,0.5265365,0.41545197,0.523686,0.4493652,0.597273,0.45111817,0.62150764,1.6767311,0.63220453,0.60311496,0.42990205,0.85482746,0.36947298,0.7204089,0.3426845,0.7787665,0.36029425,1.0641078,0.47512302,1.6395179,0.3411896,1.1642009,0.4567455,2.0285258,0.42847496
38,0.9049839,0.41554573,0.4323826,0.44541875,1.3606535,0.7118336,0.6612909,0.5842996,0.50972503,0.5828517,0.41674903,0.68665427,0.4070205,0.61559355,1.0862665,0.5692386,0.5393791,0.41239136,0.7790303,0.38400996,0.63769895,0.3609145,1.7541606,0.30827355,0.98445773,0.42171913,1.5358089,0.39117268,1.1245807,0.43390623,1.4671257,0.4522455
39,0.7678872,0.44144925,1.0341859,0.4089486,0.92118496,0.7380956,0.58714485,0.7622708,0.40157875,0.58761525,0.45363343,0.65114146,0.38747132,0.718484,0.97063416,0.5453349,0.55115217,0.4007489,0.7021338,0.35072547,0.57531536,0.34431493,1.5146346,0.29706866,0.89971805,0.54856545,1.4279433,0.3678566,1.0375369,0.49574107,1.3203387,0.4452056
40,0.82540935,0.524897,0.723,0.40061092,0.89775383,0.8167259,0.5928225,0.58981305,0.4281044,0.53223807,0.38666102,0.7055741,0.44269198,0.6293339,0.7660707,0.53015345,0.4454745,0.39996552,0.69217277,0.35697883,0.5163062,0.3547264,1.0908654,0.28402156,0.7355288,0.45185032,1.1429211,0.37368673,1.039041,0.549556,1.1750046,0.3697201
41,0.7611998,0.4396582,0.66239154,0.3926554,0.8823263,0.7079298,0.55748445,0.44361365,0.35535282,0.56778365,0.3707603,0.6311944,0.38579363,0.71365386,0.6993637,0.8434165,0.44772202,0.4118126,0.70045996,0.39410204,0.54617095,0.3603173,0.952746,0.29906505,0.8193204,0.47642612,1.017518,0.3518106,1.0172962,0.46806824,1.0195444,0.3853771
42,0.7664819,0.43832037,0.5879003,0.41746676,0.8099916,0.7636864,0.56734216,0.54561263,0.38317394,0.5656089,0.2986152,0.6330792,0.30577263,0.623219,0.6612056,0.5500846,0.43969366,0.4164154,0.75104946,0.35756436,0.52903205,0.3599591,0.84339136,0.31448042,0.695976,0.41084313,1.057191,0.39013585,0.8822107,0.38098222,0.9348533,0.5060516
43,0.61152655,0.43958074,0.48044452,0.43397397,1.7314074,0.52980596,0.5193383,0.51634896,0.33116424,0.56004816,0.2961448,0.62486356,1.1367509,0.5891193,0.5210055,0.6368101,0.44414967,0.40864286,0.58075523,0.38680136,0.56289035,0.36315522,0.77347875,0.31045392,0.62965447,0.48362744,0.9117207,0.34096622,0.8673451,0.42895624,0.91493493,0.49478558
44,1.6984099,0.3584684,0.5213008,0.4084189,1.2179446,0.7179151,1.1905656,0.68154967,0.3418541,0.55846035,0.33496225,0.62115884,0.85345036,0.54254985,0.43986195,0.755042,0.41371,0.418349,0.5142054,0.38722372,0.4348938,0.35211867,0.7073086,0.3023193,0.59159285,0.41875446,0.879968,0.34144574,0.8811379,0.47656304,0.8597402,0.47990653
45,1.1052057,0.35170528,0.45447817,0.41631824,1.2210034,0.5451356,0.8782979,0.58801997,0.2881997,0.56029177,1.197838,0.7557232,0.6654862,0.5492245,0.43901765,0.578882,0.35363582,0.4224181,0.6334773,0.37487233,0.5001542,0.3410072,0.6840525,0.2843331,0.5875581,0.45779303,0.8279815,0.3494017,0.8517617,0.5085707,0.802777,0.40206882
46,0.96523595,0.33851525,0.42944232,0.42702195,1.0496601,0.5413384,0.87293446,0.46954137,0.3060716,0.601556,0.7685006,0.6617914,0.5467327,0.6541673,0.47027758,0.615271,0.39056018,0.44589832,0.53656596,0.38164762,2.030345,0.2714004,0.58804315,0.32247454,0.54133195,0.44402298,0.7805163,0.32507238,0.8276362,0.47126478,0.78113693,0.47882327
47,0.7752001,0.37674966,0.40985703,0.42033646,1.0264143,0.696351,0.718737,0.519036,0.2706099,0.5934748,1.1416866,0.67569137,0.44695246,0.58464754,0.39355487,0.6624706,1.8771138,0.36009857,0.5128838,0.3770727,1.3824017,0.27462998,0.61245483,0.2881919,1.4392917,0.42798007,0.72756255,0.34411654,0.74851733,0.49311802,0.7209557,0.50719464
48,0.77646613,0.37562165,0.38735288,0.42126113,0.9675072,0.65699965,0.72829425,0.47059196,1.7994493,0.47180393,0.6640423,0.6097212,0.40185156,0.57017946,0.43363926,0.64126325,1.4389774,0.3539391,0.4827758,0.3637186,1.2270464,0.25121292,0.56947094,0.32200786,1.0504222,0.45929402,0.71664244,0.35037047,0.7383383,0.49344298,0.76154244,0.4005483
49,0.6773861,0.3590063,0.35538894,0.4051616,0.94820994,0.6110413,0.6555226,0.51000565,1.284993,0.4871975,0.6281936,0.64768547,0.344185,0.5570739,0.4142451,0.59587485,1.1190443,0.33471373,0.48063126,0.38288188,0.9520401,0.2566302,0.496656,0.2956374,0.9051156,0.39109984,0.66917557,0.33874285,0.7477487,0.43783954,0.682408,0.41119453
50,0.5907539,0.35152617,0.3374053,0.41504186,0.81194276,0.65691435,0.5671024,0.6179082,0.860059,0.45556936,0.5087605,0.5963981,0.37845743,0.63860714,0.3799427,0.596724,0.88202786,0.34161928,1.8349589,0.3204347,0.8582774,0.24538976,0.49899575,0.3059792,0.8300159,0.4125854,0.63396275,0.3536161,0.6817209,0.5407253,0.66898334,0.46429223
51,0.583954,0.36006793,0.39345068,0.4543728,0.80423224,0.6103425,0.6516668,0.6864819,0.8123893,0.507519,0.54656106,0.6143579,0.33589864,0.6326508,1.1644969,0.5374514,0.7897801,0.36342058,1.3047844,0.31692374,0.7642772,0.25845435,1.5184141,0.2752101,0.68841326,0.40799543,0.60498834,0.35631105,0.7192996,0.44078574,1.6722537,0.3502736
52,0.55019623,0.34018943,0.94295704,0.35615396,0.78206486,0.65430415,0.5914484,0.63930005,0.6552956,0.51910704,0.38813555,0.65219647,0.29658413,0.57281756,0.8465745,0.58483607,0.77953327,0.35596445,1.0149621,0.3188467,0.76907134,0.26001355,1.0486548,0.24196734,0.7142585,0.43639147,0.59059834,0.34584194,0.6316762,0.44682717,1.2533834,0.38197193
53,0.5260908,0.3885386,0.66371125,0.37255776,0.74991477,0.6718427,0.55758905,0.72894144,0.5042415,0.5073387,0.31795967,0.6109983,0.26426545,0.5989637,0.6268822,0.53850627,0.706329,0.40123618,0.8677456,0.30497852,0.6806502,0.26492894,0.8667216,0.24958892,0.58644944,0.4409446,0.6054414,0.3479832,1.5284477,0.39609754,1.0825397,0.38922614
54,0.5425117,0.33447877,0.5508435,0.35283765,1.3897605,0.6280607,0.548668,0.82118046,0.5244496,0.5010546,0.43233547,0.6392184,0.2335266,0.5628007,0.5460639,0.579649,0.66473234,0.34648642,0.7247243,0.3059357,0.6015178,0.26798093,0.7630736,0.25401357,0.5627453,0.38207105,0.5837074,0.3923409,1.1570996,0.49154863,0.99673796,0.3047479
55,0.48644504,0.40609846,0.5573577,0.3571476,1.0796475,0.80050206,0.47727582,0.65414554,0.4809636,0.5863856,0.25326076,0.65780395,1.4488945,0.53117144,0.468999,0.54851013,0.5668571,0.3538432,0.6821654,0.3209726,0.63193995,0.25257602,0.6727687,0.24513811,0.5237192,0.40626496,0.4827525,0.36122203,1.064059,0.40395007,0.95714617,0.52911544
56,0.45381472,0.36991194,0.5028003,0.35477197,0.89582825,0.75184643,0.48349583,0.8621044,0.4057514,0.5116533,0.41730046,0.59239346,1.0586842,0.49331325,0.32716143,0.53027785,0.57528627,0.34175977,0.60102224,0.30165896,0.57021487,0.26220894,0.6284457,0.2640333,0.44573933,0.3812002,0.5389578,0.3548384,0.92580134,0.4124659,0.8845431,0.36426717
57,0.41457474,0.37649852,0.41272134,0.37469846,0.83687276,0.67999065,0.79298586,0.70243937,0.48219368,0.58728397,0.32301155,0.60390925,0.78681606,0.6082035,0.37066346,0.5420831,0.5721921,0.34047234,0.5953818,0.30992123,0.5557272,0.2602159,0.567594,0.26303306,0.46134847,0.41095388,1.795855,0.30335498,0.939028,0.42588958,0.81267226,0.40806893
58,0.40545908,0.3678009,0.45080382,0.3657883,0.8554821,1.0058846,0.6647545,0.5658031,0.36201307,0.5134777,0.20708959,0.74684143,0.8402733,0.53584266,0.31814095,0.64489317,0.56045395,0.36264232,0.54809606,0.34545144,0.4911056,0.2740954,0.4874901,0.27721566,0.44126618,0.44134125,1.225986,0.26860136,0.8592343,0.44831997,0.78598356,0.40552437
59,0.40221283,0.37382135,0.39924362,0.34468055,0.7726483,0.7173994,0.56523097,0.4417135,0.3565701,0.5030011,0.56245625,0.6019219,0.52384084,0.5176815,0.2967522,0.6305363,0.49438152,0.34839907,0.51901597,0.31635422,0.5292042,0.25801837,0.50008965,0.25792253,0.4793225,0.36194062,1.1162761,0.33862406,0.7336497,0.46139282,0.76187474,0.3534928
60,0.3802795,0.36197835,0.4448688,0.3792855,0.74357533,0.61765647,0.5574317,0.4717418,0.33431047,0.5463794,0.22612318,0.59961116,0.59714663,0.5320902,0.30200744,0.5536932,1.6503226,0.2920249,0.48144728,0.30731842,0.4553538,0.26306215,0.4541181,0.2694478,0.38560864,0.39639112,0.96150583,0.3065544,0.75479966,0.46403986,0.7344002,0.4432117
61,0.34342352,0.35305196,0.34506375,0.3657822,0.71258914,0.81936145,0.49524316,0.59215206,1.1537013,0.48010334,0.29670748,0.62217724,0.45263058,0.5569543,0.27177677,0.66418093,1.11677,0.29983088,0.46513885,0.31922296,1.3985677,0.22153267,0.413283,0.24900232,0.4077784,0.40115586,0.87572044,0.30631888,0.7312947,0.4673528,0.66287404,0.3758448
62,0.38780287,0.36005458,0.3816478,0.35700387,0.67342204,0.8887953,0.50399154,0.63875353,0.78879285,0.53405964,0.37474787,0.6340261,0.5727416,0.50282115,0.27685457,0.6109338,0.9668514,0.27680066,0.41549423,0.32079643,0.85760105,0.216379,0.4000472,0.2582438,0.38666975,0.4744321,0.8169932,0.34698796,0.67524654,0.4200071,0.6898133,0.5323338
63,0.33884025,0.36867407,0.33452466,0.369983,0.6018185,0.70456904,0.55428195,0.6354731,0.82388794,0.4716778,0.1947221,0.6443027,0.41756958,0.57688576,0.26091903,0.5735964,0.83263946,0.29393482,0.39271018,0.31828046,0.9726393,0.23891628,1.3242939,0.21818465,0.3607632,0.3818091,0.7433547,0.3113455,0.6540113,0.53726715,0.62533075,0.4194165
64,0.34086895,0.4074267,0.33286873,0.36746767,0.61057526,1.0728608,0.41159448,0.554527,0.6322152,0.5015482,0.2325523,0.67439616,0.44053745,0.5226814,0.2288978,0.6020547,0.68341416,0.29514828,0.43899673,0.3323416,0.6715303,0.22870852,0.92805415,0.21323338,0.35495293,0.47886083,0.7171103,0.3230768,1.1341882,0.46765304,0.5937933,0.43178162
65,1.3106201,0.31677014,0.35494336,0.36608252,0.5979367,1.0410924,0.46969035,0.5516072,0.58492833,0.54471266,0.339513,0.58822435,0.30508563,0.525177,0.22214983,0.56914586,0.6501795,0.3022847,0.35190275,0.3391202,0.61990136,0.21483368,0.70465124,0.20383686,0.3848775,0.3902294,0.6477329,0.2965889,0.9179781,0.49710095,1.3876897,0.46534634
66,0.8933684,0.2950022,0.35686153,0.37739715,0.5891472,0.8531496,0.42945474,0.55227304,0.4819724,0.5067438,0.1867723,0.6559111,0.32713428,0.5136,0.26982194,0.53970325,0.57041955,0.30023277,0.34711492,0.32704154,0.53656507,0.23903683,0.70651835,0.22108616,0.29622036,0.3969471,0.6281135,0.31390598,0.7995434,0.40601015,1.0618638,0.38347077
67,0.74559724,0.32144973,0.30014104,0.37585276,0.5661632,1.3129189,0.5110859,0.5934286,0.44122577,0.6352248,0.22214846,0.6444717,1.0025214,0.4939863,1.0708946,0.48919502,0.5405804,0.30997074,1.4206078,0.2753649,0.50547165,0.22560051,0.60493684,0.22032982,0.28267658,0.42671493,0.5892482,0.29202077,0.7528126,0.46794328,0.95407087,0.3493246
68,0.6279088,0.2956573,0.34019548,0.35340044,0.58302903,0.9949305,0.42082283,0.6898472,0.4172993,0.5079249,0.24757405,0.6447284,0.6020361,0.5245202,0.75230587,0.4947729,0.5103975,0.43734667,0.89155203,0.27330393,0.5208403,0.2197713,0.5891684,0.2266652,0.32293308,0.41773817,0.59625083,0.34551695,0.64550287,0.52036667,0.8162685,0.38721806
69,0.5427901,0.3136119,0.3012867,0.36081225,0.52962637,1.026214,0.3908032,0.752965,0.38461214,0.5037576,0.21136357,0.5949135,0.53660053,0.47473198,0.64260596,0.5131397,0.5556261,0.3070473,0.74006784,0.26098236,0.4473283,0.22558734,0.5541434,0.2029109,0.28422418,0.40207964,1.279324,0.28594714,0.65143204,0.46907645,0.7461338,0.38785145
70,0.5056709,0.30712315,0.75755864,0.34878567,0.54270643,0.7388053,0.6335551,0.3553133,0.3417499,0.50313234,0.16530998,0.645199,0.4221332,0.4915648,0.4786147,0.49549696,0.42532644,0.3380408,0.6960586,0.27782965,0.4203607,0.22436033,0.53227407,0.23166454,1.3747624,0.4060945,0.9393264,0.2979574,0.6026273,0.47068417,0.7300261,0.42968968
71,0.506709,0.3093879,0.58656067,0.34062237,1.4246815,0.730304,0.49054104,0.52793616,0.40154627,0.49600974,0.2178435,0.63387567,0.3878882,0.5175548,0.4996939,0.5128353,0.4371997,0.28022206,0.5412917,0.25878134,0.43266603,0.22711922,0.48471016,0.21040386,0.9187958,0.37596658,0.7517028,0.27340513,0.56015503,0.4182866,0.7087361,0.3985933
72,0.4579159,0.2923546,0.4384404,0.3384768,1.1837212,0.84725386,0.45481804,0.6638308,0.28291175,0.51743734,0.25228363,0.5923668,0.34700269,0.48444763,0.36377454,0.506398,0.39762902,0.30444852,0.5107741,0.26604778,0.42408654,0.2218371,0.45026034,0.20804767,0.7611793,0.35661814,0.6947315,0.2845114,0.5844103,0.4478476,0.6015756,0.40839094
73,0.39612412,0.32369202,0.43599284,0.3498849,0.87496114,0.5929351,0.43791598,0.45683408,0.29487637,0.49120367,0.18844435,0.7473939,0.32892153,0.49819022,0.31785643,0.49591604,1.5815996,0.22337103,0.542735,0.2698718,0.37208685,0.22344556,0.48982847,0.22600113,0.7236014,0.3670018,0.6462161,0.31854743,0.5451864,0.44749233,0.65097225,0.41055912
74,0.43229094,0.30097923,0.39233524,0.34601086,0.8635678,0.7391294,0.40712643,0.5093228,1.0983175,0.4447651,0.22259305,0.6053386,0.4132031,0.5230258,0.36214536,0.5248915,1.0328262,0.22823991,0.43372154,0.26977873,0.4213335,0.23130807,0.3808148,0.2167301,0.6761381,0.36756542,0.58875966,0.32116508,0.554237,0.48554102,0.5716119,0.43585822
75,0.36354297,0.3034295,0.37437817,0.34527162,0.8373864,0.49724293,0.358552,0.587971,0.67188627,0.4497994,1.2012001,0.5500455,0.33729404,0.4996068,0.37206626,0.49992707,0.79186976,0.23164144,0.45344573,0.26219633,0.3235394,0.2249044,0.5248801,0.22261092,0.5718094,0.3479446,0.5173957,0.2895624,0.5005084,0.37920132,0.57741183,0.38541394
76,0.42588228,0.3052394,0.36089048,0.34777698,0.72431606,0.6993588,0.41688153,0.40356484,0.5108418,0.41998258,0.7909698,0.55536073,0.27256688,0.49713907,0.2781313,0.5291515,0.76105756,0.23925145,0.4156278,0.26558357,1.3789148,0.19984369,0.5032382,0.22922164,0.5539371,0.35262147,0.54269737,0.31212208,0.46614733,0.5546407,0.60072005,0.40472975
77,0.32111558,0.31271452,0.38125396,0.3669804,0.7310305,0.9840408,0.36232185,0.6397034,0.42508024,0.47276658,0.697998,0.54349184,0.26803848,0.5004482,0.24822769,0.48085895,0.5969467,0.24017423,0.35909066,0.25999656,0.9660059,0.18402772,0.48454508,0.21801664,0.478471,0.35991144,0.5142976,0.30319834,0.45017388,0.43901023,0.5430431,0.36356756
78,0.6424086,0.29798773,0.37169853,0.3495312,0.6803003,0.6986473,0.35684103,0.48131284,0.3379164,0.438727,0.5037034,0.5703096,0.33643702,0.48208374,0.24150796,0.5264963,0.57188165,0.23881799,0.39187068,0.27891713,0.8101545,0.18058227,0.3236851,0.2317994,0.4688692,0.33657882,0.54452103,0.28188032,0.4803494,0.42037797,1.0490015,0.4256997
79,0.32123074,0.30741432,0.31336063,0.34814563,0.6965889,0.5608403,0.3627627,0.5687187,0.36243752,0.45769286,0.48101982,0.5673393,0.23892312,0.5138595,0.2690674,0.55168813,0.6145425,0.23176937,0.38798982,0.26138923,0.7346673,0.18229495,0.37168607,0.23388477,0.43437615,0.3498132,0.49834633,0.33491686,0.45799363,0.5007639,0.8685125,0.36735493
80,0.30192783,0.30503145,0.32397896,0.34382573,0.62189543,0.7734316,0.31167832,0.5570616,0.32570451,0.45321825,0.33202642,0.60995114,1.2419249,0.45153844,0.26898,0.5294709,0.53660965,0.23812233,0.38621804,0.26876825,0.62733996,0.18534584,1.4337217,0.18460974,0.4252701,0.3240706,0.43543327,0.2903608,0.49134472,0.433557,0.737673,0.38044468
81,0.2870871,0.3044089,0.30067903,0.37052444,0.582573,0.70387965,0.5564208,0.5618788,0.29668877,0.45989433,0.3892898,0.5886311,0.849529,0.4685221,0.2738214,0.50155,0.47721717,0.23940766,0.34576222,0.25339004,0.65241945,0.17742135,1.0407377,0.19208005,0.4656075,0.38752213,0.43414932,0.28567594,0.3715127,0.47335386,0.64160615,0.36042783
82,0.3017962,0.31353328,0.29015288,0.3481557,0.6501315,0.74942416,0.42496246,0.660975,0.28011778,0.47843468,0.28916463,0.6094597,0.646968,0.5074982,0.23073108,0.52430093,0.47430715,0.24008182,0.304665,0.2729305,0.5516335,0.17837214,0.7792029,0.17902543,0.4136793,0.3505373,1.2694167,0.3930166,0.41703698,0.46566382,0.6451145,0.3764063
83,1.132277,0.26211017,0.52125734,0.332332,0.60332763,0.6498036,0.41473827,0.63364494,0.27823853,0.46378458,0.2896592,0.5872319,0.58718294,0.49142024,0.19542427,0.53550905,0.44634527,0.23301683,0.29404646,0.25990433,0.51268107,0.19949766,0.7205503,0.18488836,0.40021747,0.35282293,0.9662335,0.27826294,0.38761318,0.5266518,0.5981831,0.36952686
84,0.7534022,0.26160154,0.39683366,0.35293117,0.51062363,0.85139745,0.39262718,0.7789668,0.4573025,0.43634942,0.2822518,0.5602311,0.48117682,0.4837579,0.23595558,0.5127828,1.3631047,0.19132769,0.3236936,0.2697499,0.4740804,0.18242091,0.5679857,0.19354312,0.37009695,0.35493487,0.75927603,0.27686214,0.39444306,0.4759036,0.54707736,0.39916626
85,0.6020189,0.2590478,0.34678593,0.34562966,0.5503826,0.6104953,0.32008457,0.71196854,0.21353754,0.44942746,0.37593925,0.6288023,0.41063347,0.5014102,0.23085234,0.51487637,0.8361916,0.18349674,0.31336778,0.28398976,0.46737924,0.18093272,0.565528,0.18189871,0.33208656,0.396614,0.6558039,0.28264326,0.4218025,0.47491276,0.51460075,0.37104005
86,0.56965977,0.26092458,0.30323032,0.36883873,0.9287673,0.71674734,0.37833947,0.66139436,0.29411498,0.4439652,0.23892626,0.5904505,0.38141498,0.50017256,0.15925653,0.5001505,0.7238587,0.18846864,0.26755646,0.26848158,0.45281056,0.19271193,0.5257718,0.18872765,0.3331444,0.39326346,0.61037874,0.30541933,1.1901639,0.3936998,0.5027405,0.4140986
87,0.4578599,0.26603732,0.34353244,0.33299556,0.7007945,0.97115046,0.320719,0.85435516,1.1368896,0.3905205,0.2426186,0.6106535,0.33356997,0.51159346,0.17699479,0.52296257,0.567801,0.21135531,0.28027865,0.2605847,0.42627457,0.18988894,0.5125627,0.1835077,0.31960747,0.34473127,0.5411267,0.31332624,0.83325726,0.4291175,0.55727905,0.3607769
88,0.41135573,0.27839583,0.28826013,0.33966792,0.6355253,0.7191125,0.33746463,0.85459363,0.72018945,0.38301998,0.82005435,0.5317102,0.34942836,0.4840323,1.1528262,0.46200907,0.51502,0.19530545,0.28368604,0.26119238,0.4154651,0.201748,0.41372263,0.19454092,0.32477155,0.41042167,0.5659903,0.2835749,0.7540694,0.45922062,0.47528863,0.43966374
89,0.39869207,0.28142753,0.29845726,0.35165656,0.5463252,0.67661613,0.33142608,0.7463645,0.5563407,0.392848,0.5276449,0.55177456,0.3313689,0.49282184,0.6337515,0.4499393,0.5218804,0.18487403,0.2577881,0.26693198,0.38280448,0.18180144,0.42881554,0.19564791,0.2885466,0.3450007,0.5169661,0.29930115,0.67916495,0.41634473,0.4633961,0.39233205
90,0.37480223,0.27781233,0.2606587,0.35640135,0.6144936,0.8100344,0.2866327,0.637968,0.54839736,0.39237964,0.42899144,0.5372645,0.33160725,0.5270104,0.5671954,0.48043162,0.37763608,0.19238365,0.24857876,0.25989315,0.36837098,0.18662812,0.431498,0.18710534,0.3005096,0.40164563,0.51898134,0.33785132,0.61080813,0.4113768,0.4615075,0.4177467
91,0.36582968,0.2597839,0.3186033,0.35626322,0.5142154,0.8461242,0.3146383,0.95463747,0.38501224,0.40353698,0.3219021,0.6269418,1.2114094,0.48012295,0.46593574,0.4653818,0.446778,0.19203746,0.22650869,0.2644876,0.38596603,0.1802263,0.38278323,0.18256703,1.3592389,0.35320902,0.47264114,0.31388202,0.53494924,0.42469445,0.43833965,0.37916166
92,0.30924237,0.32226068,0.25459403,0.34048882,0.49715522,0.7100773,0.48395482,0.62065476,0.43269473,0.3984701,0.39419842,0.57259786,1.0257198,0.43250272,0.4504331,0.45838898,0.3540612,0.19398953,1.3139265,0.22135645,1.2127348,0.15555358,0.37475988,0.19161537,0.99208647,0.35226738,0.452037,0.2816374,0.5233413,0.5257501,1.0435807,0.43471333
93,0.36420944,0.27906922,0.28518647,0.3631149,0.5478234,0.8147808,0.43335584,0.6368599,0.3567166,0.38792098,0.3087969,0.55724066,0.5961319,0.41774076,0.4284632,0.4862439,0.414128,0.19380508,0.8579565,0.21583642,0.82730335,0.17286967,1.3730853,0.16921991,0.8339899,0.35097653,0.43758023,0.2865742,0.4826802,0.45934433,0.7966075,0.36898544
94,0.3042357,0.27222815,0.386016,0.3512071,0.43274844,0.9481726,0.34762636,0.4529441,0.39356026,0.38896805,0.24944718,0.5724568,0.47122097,0.4532505,0.3081709,0.49242792,0.36332473,0.19209617,0.7181928,0.21032517,0.6755985,0.15287867,0.90172464,0.16124196,0.6649954,0.36076817,0.43587372,0.34102923,0.47095683,0.42824665,0.68892777,0.40571597
95,0.2880177,0.2685743,0.381506,0.3426042,0.49762952,0.7865196,0.4024362,0.45567062,0.3160598,0.4245847,0.25141698,0.5864041,0.41288754,0.42519814,0.3539484,0.4631435,0.3149784,0.19542341,0.5578217,0.22469634,0.6112732,0.15354007,0.7490806,0.16179854,0.6062446,0.3938011,1.042074,0.30622712,0.43519393,0.4638568,0.6198806,0.36933714
96,0.997001,0.24896269,0.3090709,0.34042922,0.43442783,0.74684536,0.35894036,0.38997352,0.34904104,0.3928512,0.32765347,0.54078573,0.33452326,0.45622477,0.29642352,0.4748616,1.2275001,0.16869141,0.526799,0.21963644,0.5715844,0.14797053,0.8132902,0.16264255,0.65359914,0.331818,0.7197584,0.34672034,0.42247218,0.4632747,0.62944406,0.38053295
97,0.6232039,0.24950635,0.30388263,0.3415179,0.45694235,0.93275595,0.325737,0.60549986,0.28631836,0.42295757,0.22008096,0.56923175,0.28820536,0.4407734,0.29294568,0.45738068,0.738793,0.16398902,0.49673647,0.21385697,0.49296013,0.1540581,0.59756017,0.16295052,0.52729243,0.3251554,0.74029285,0.29136965,0.949695,0.45365095,0.55704814,0.38856936
98,0.52541333,0.2448971,0.28838307,0.33451402,0.4419652,0.80042654,0.31791854,0.44893903,0.27258658,0.4282178,0.19444287,0.56898695,0.27363315,0.51532584,0.28287944,0.48212072,0.6203784,0.16045114,0.4024338,0.21450347,0.43858883,0.155468,0.5671172,0.16649058,0.4794194,0.31137496,0.6238607,0.29835346,0.7564274,0.45781082,0.5553997,0.3636884
99,0.44727558,0.2417514,0.2706649,0.34453544,0.4090166,0.91010886,0.31919467,0.49033117,0.8675747,0.3963809,0.8324363,0.50519025,0.24308391,0.4325017,0.25123876,0.4748322,0.57091343,0.17523512,0.37981564,0.22067696,0.41966912,0.15838255,0.5343225,0.16307358,0.43692163,0.29104087,0.53635836,0.28272653,0.6386454,0.45544133,0.49166706,0.38166526
100,0.37963283,0.26181546,0.25096,0.3493351,0.78594947,0.7498312,0.35378394,0.5334269,0.7561935,0.37732673,0.5359717,0.4924523,0.2470053,0.45860398,1.0037885,0.42228433,0.49468172,0.16861953,0.38229054,0.21554522,0.4261998,0.1541593,0.46294314,0.16283202,0.4203594,0.39659667,0.46773016,0.32679033,0.6225842,0.45551208,0.45079976,0.44427565
101,0.38490686,0.25517356,0.22879466,0.337084,0.6231362,0.78775436,0.28684676,0.611869,0.51982254,0.37062192,0.4557927,0.5150194,0.25512582,0.4269796,0.6596047,0.47743416,0.5087103,0.16874135,0.36793226,0.21620305,0.39422056,0.16315466,0.44761008,0.17919327,0.39895752,0.29593298,0.47666168,0.28280905,0.6256382,0.4354831,0.48742548,0.39435136
102,0.4730157,0.24921109,0.26851192,0.3398916,0.57412046,0.85157293,0.29409325,0.83559334,0.4266056,0.39345306,0.36834273,0.5087615,0.25331798,0.43894398,0.5523669,0.45388404,0.4303921,0.16373107,0.29325423,0.2226929,0.47370595,0.16122846,0.44519112,0.16105774,0.4139,0.29650503,0.43016598,0.29160517,0.5371639,0.48074603,0.48816755,0.40505287
103,0.30732736,0.24785492,0.22721426,0.34443256,0.5324593,0.75655454,0.30138752,0.49540848,0.3340628,0.37697187,0.27270612,0.51316816,0.1960828,0.44230652,0.37262434,0.47386515,0.42377698,0.18055634,0.32460797,0.21814013,0.3689937,0.16878887,0.3950203,0.16761525,0.36645043,0.33760095,0.41483173,0.30407786,0.5228032,0.43722075,0.44229683,0.42258364
104,0.3308704,0.24965121,0.2253287,0.35238135,0.48916113,0.90933025,0.29468772,0.6327432,0.35386184,0.38881415,0.33482176,0.51083475,0.88567644,0.43513703,0.3810521,0.44507205,0.38647977,0.16873394,0.33539605,0.21857268,0.3148373,0.15963407,0.3591399,0.16763012,0.37055013,0.33419186,0.43114278,0.29379156,0.49097914,0.41450384,0.4101854,0.39364222
105,0.34629747,0.2529654,0.28652468,0.33720595,0.50184965,0.9906258,0.32107353,0.56945145,0.27751204,0.3714116,0.27031064,0.5099545,0.5273864,0.4357004,0.36315158,0.42763343,0.37213016,0.17173426,1.241116,0.19080491,0.34492782,0.15402097,0.3687574,0.16478892,0.34606025,0.33981764,0.38210547,0.34336296,0.4392303,0.40171304,0.3776313,0.33331317
106,0.29445466,0.2446954,0.21831094,0.33913356,0.4794661,1.1238259,0.274759,0.47774673,0.2621495,0.37809068,0.25681487,0.51058745,0.40669078,0.43514776,0.2642798,0.45279425,0.35552475,0.17267852,0.8325787,0.18188974,0.3082412,0.15736108,0.33697116,0.17897308,0.3399149,0.3185082,0.4232397,0.27247816,0.4435045,0.4988173,0.40685028,0.36692607
107,0.2607517,0.25931638,0.20724086,0.34391612,0.4307546,1.2140598,0.44469145,0.6008734,0.23427467,0.39251322,0.22295709,0.4924593,0.3603936,0.413478,0.2799679,0.45096624,0.32310194,0.17217642,0.6071214,0.19105938,1.2075548,0.13412839,0.3771278,0.16953504,0.30278924,0.32830593,0.3560565,0.3111471,0.48432797,0.48060122,0.43304822,0.41383785
108,0.35195103,0.25327957,0.21076728,0.34138265,0.41898713,1.187393,0.45285723,0.53296244,0.19346227,0.40407616,0.22518787,0.48457965,0.36865,0.40147492,0.2437626,0.42077202,0.3574159,0.16963696,0.4975193,0.18951902,0.74441636,0.12855218,0.3320641,0.16538168,0.33208355,0.33165097,0.38670075,0.269385,0.41708925,0.48996592,0.36243156,0.42223558
109,0.23857392,0.24860053,0.42743537,0.3250322,0.43505076,1.0526562,0.29780066,0.53534603,0.24001816,0.38264534,0.16275881,0.5017879,0.26455963,0.45092186,0.22341496,0.4726894,1.1657307,0.15639603,0.4597002,0.19696891,0.61798453,0.13674109,0.303115,0.1691023,0.26117894,0.35958326,0.36900523,0.33208203,0.39867458,0.46813038,0.3350718,0.36227244
110,0.9699101,0.2233414,0.3000222,0.33312818,0.40759468,0.886352,0.35873255,0.49421817,0.22857852,0.37837446,0.20681995,0.49802145,0.2696734,0.41537336,0.25457755,0.45210585,0.71786505,0.15193744,0.39664775,0.2030107,0.49955916,0.13842243,0.35322893,0.16730918,1.004561,0.2778624,0.3389104,0.3136628,0.4574864,0.49745047,0.38238043,0.41302365
111,0.65472746,0.21456204,0.2859659,0.33497605,0.6102063,0.7938113,0.28137103,0.4462376,0.21109252,0.36795786,0.20520626,0.5086537,0.25145116,0.40298536,0.19752954,0.46233112,0.59305316,0.1616964,0.39255634,0.18719837,0.5181956,0.13845405,0.29622006,0.16892566,0.6274197,0.31010062,0.31840202,0.31599918,0.3694908,0.3785773,0.37862405,0.35961202
112,0.52786005,0.21719255,0.25837043,0.32673606,0.50931543,0.8564599,0.31951097,0.44745314,0.17724787,0.37605268,0.20976174,0.51096505,0.234771,0.45967525,0.2003847,0.47448924,0.53118175,0.15854505,0.3764745,0.19916497,0.4438607,0.13801448,0.3332098,0.16891085,0.53474456,0.3107159,0.38730535,0.3219399,0.4198374,0.42188406,0.35728768,0.47565633
113,0.44406384,0.21942486,0.25016627,0.34249404,0.45903644,0.6895441,0.29424977,0.5219769,0.21912639,0.40236738,0.17070279,0.49763733,0.21257888,0.42947188,0.23614207,0.4516668,0.5351202,0.15897776,0.37246558,0.18956685,0.41655856,0.13429071,1.1477941,0.13861464,0.4269866,0.31423128,0.30412218,0.2673855,0.37532184,0.47715417,0.38286325,0.38016146
114,0.37259695,0.22326653,0.203413,0.32654598,0.4838078,0.8835778,0.3011762,0.5430129,0.15678301,0.39547902,0.14614883,0.49628866,0.20664413,0.408393,0.16504891,0.44135943,0.4322842,0.15875141,0.30285472,0.19160785,0.35617316,0.14315037,0.72636807,0.13774034,0.41740686,0.29830447,0.30225453,0.29518884,0.4429238,0.5239498,0.34758583,0.34211963
115,0.33635387,0.21589077,0.23932712,0.34088734,0.41534102,0.8860877,0.2774122,0.45657972,0.197789,0.5057764,0.18292777,0.4822458,0.16629682,0.41914693,0.21166177,0.4716976,0.39788657,0.15928067,0.3230496,0.19113195,0.39766505,0.1531817,0.62778026,0.14020327,0.3481551,0.26659787,0.32442078,0.2866192,0.35781077,0.4754033,0.31009662,0.40742892
116,0.36771092,0.22236678,0.22733778,0.34923854,0.49022856,1.0236893,0.273338,0.58649516,0.19963457,0.38341954,0.14939311,0.5269038,0.29638144,0.43339467,0.15918955,0.46275753,0.37373704,0.15814193,0.27481815,0.19762348,0.33715928,0.13878016,0.50440097,0.16302146,0.3296416,0.2475626,0.25765765,0.30925903,0.33875462,0.44842646,0.98777324,0.3562629
117,0.33894715,0.21379335,0.22093406,0.35254383,0.4053102,0.8853038,0.29671073,0.4876872,0.12768121,0.38836926,0.18174969,0.5582699,0.16511874,0.41516247,0.19525698,0.43984467,0.34132826,0.1551433,1.1951895,0.16595547,0.3289775,0.14491385,0.5427626,0.13880803,0.36218306,0.2983599,0.2748135,0.29074737,0.33056512,0.4479775,0.6695234,0.32716173
118,0.25168368,0.22933172,0.3362384,0.33595416,0.38328284,0.973822,0.23391438,0.65732354,0.15508512,0.39067954,0.13929884,0.49607328,0.17736322,0.42580178,0.18047294,0.43576875,0.45457113,0.15634285,0.7121527,0.16602434,0.29800314,0.14597684,0.46085158,0.14818871,0.30963987,0.3187029,0.2920191,0.3263847,0.34387505,0.47311336,0.5907465,0.3491938
119,0.32158145,0.22032703,0.18180127,0.3444867,0.38611773,0.77398854,0.2563104,0.4337614,0.12676069,0.38830388,0.1484528,0.49442557,1.0695517,0.41556475,1.2215828,0.38884285,0.2807843,0.15491368,0.5409845,0.16336128,1.0536984,0.12683067,0.4448868,0.14739351,0.24954344,0.3047232,0.28842536,0.3177939,0.35143661,0.46225974,0.52998954,0.36798322
120,0.28991777,0.22563508,0.4107208,0.3319858,0.37053135,1.0793467,0.2549905,0.60728717,0.15876573,0.38746247,0.13817339,0.538673,0.5351133,0.4151531,0.7744642,0.39727816,0.31648535,0.15803252,0.456049,0.17906289,0.679395,0.12599356,0.3877899,0.15130402,0.30573505,0.35107386,0.25300065,0.37409633,0.30034623,0.4491172,0.49841368,0.3020217
121,0.26389012,0.22633095,0.31532183,0.33413535,0.53802454,1.1613655,0.24349576,0.540819,0.12658966,0.39694983,0.16007744,0.5073187,0.36190477,0.41332227,0.58291954,0.41969633,1.216088,0.13088787,0.4522055,0.16852257,0.61201626,0.12694043,0.3673658,0.14482078,0.24158171,0.31576496,0.27530265,0.31522182,0.34438348,0.45147565,0.47102726,0.36725336
122,0.2633289,0.22630091,0.2726557,0.34694678,0.34574023,0.88774514,0.22662859,0.6894249,1.083936,0.44011715,0.13506755,0.48310366,0.2785433,0.44403693,0.4554365,0.41525605,0.75626576,0.13133857,0.41284806,0.16830035,0.4427723,0.13168573,0.36937782,0.14125352,0.24247366,0.2840413,0.29704064,0.3260835,0.8981324,0.4150358,0.39878958,0.32988545
123,0.32744977,0.23356856,0.253834,0.33524057,0.35293302,1.3172157,0.21895114,0.6286389,0.7654546,0.40053356,0.12703098,0.53206235,0.30291435,0.40856868,0.3546749,0.43436486,0.6223855,0.13070387,0.39591783,0.16968541,0.45959342,0.12436443,0.3536303,0.14106412,0.26270866,0.31625733,0.24596131,0.27446628,0.6536213,0.5667384,0.44845852,0.3387728
124,0.2296681,0.23505616,0.25481543,0.33744496,0.5549656,0.89185554,0.24884887,0.6823717,0.54767036,0.35473678,0.16682564,0.49721923,0.21490303,0.40291825,0.34804288,0.42573008,0.4850349,0.13525262,0.3327991,0.16198388,0.3617283,0.1312003,0.30829108,0.14674811,0.29223487,0.29525644,1.0850147,0.2554847,0.5577438,0.51262504,0.36396343,0.3118288
125,0.24567334,0.22821881,0.2475187,0.33685014,0.47765157,0.795538,0.23447894,0.6923952,0.47412482,0.40394175,0.16556862,0.4818844,0.20309283,0.43152773,0.32868662,0.41974592,0.46901843,0.1359051,0.34701198,0.16937064,0.3440998,0.12641737,1.1015412,0.1280298,0.27189383,0.27488992,0.6995421,0.31522894,0.51657677,0.42039368,0.36386406,0.411999
126,0.24543577,0.22348769,0.21914528,0.3392736,0.4042614,1.2402127,0.23114027,0.5262513,0.4098343,0.39656156,0.12510632,0.50070286,0.22318897,0.40355244,0.2977508,0.41732845,0.5018357,0.13203663,0.30832776,0.17456762,0.34968567,0.12873042,0.6877331,0.124347806,0.19115734,0.28114653,0.5399987,0.28347203,0.47263542,0.508581,0.37209058,0.3403
127,0.20920351,0.23332448,0.24017258,0.35669255,0.40703568,0.8089309,0.24904288,0.5137434,0.30208632,0.39172626,0.1466516,0.5057193,0.15397917,0.41118196,0.26628098,0.4184017,0.38448521,0.1376649,0.3116976,0.16577087,0.30993864,0.12777133,0.5564978,0.123675056,0.9609315,0.32269636,0.5036326,0.29990497,0.44160146,0.4342291,0.37085932,0.33982885
128,0.78740865,0.21173038,0.21144675,0.33986166,0.38945448,0.85780734,0.21661018,0.5941914,0.29154116,0.37842903,0.14216703,0.4907743,0.15713115,0.4009111,0.25616443,0.43775925,0.38037607,0.13257527,0.28932536,0.17385916,0.33327225,0.1367431,0.5391647,0.124698944,0.6455049,0.27528566,0.4770283,0.28490025,0.40678316,0.44233403,0.37992314,0.36800027
129,0.508244,0.21201378,0.2115521,0.3465205,0.38972443,0.9768417,0.21464631,0.6504134,0.26164347,0.37729198,0.9834116,0.4547329,0.15616179,0.40758735,0.28604928,0.39003217,0.36428073,0.13405342,0.34433335,0.17074409,0.29451612,0.136972,0.43473256,0.12807015,0.5232681,0.26906425,0.45198002,0.2820106,0.4084182,0.44337857,0.35365283,0.27426288
130,0.41159332,0.21124473,0.21903144,0.34121147,0.3665322,0.98210776,0.38742128,0.5766021,0.25859445,0.39538807,0.49066952,0.45876467,0.17645617,0.4054646,0.96269023,0.37202346,0.33312532,0.13971382,0.2698688,0.16949613,0.26853052,0.1336571,0.42704338,0.12365933,0.5485362,0.2855182,0.41071197,0.29817966,0.36417422,0.49287328,0.34013766,0.36545554
131,0.35497493,0.20996806,0.26895526,0.342947,0.33184826,0.8730712,0.29581678,0.75478995,0.21697187,0.37773055,0.40565145,0.5007251,0.12812918,0.4249232,0.589167,0.3470832,0.34626192,0.132428,0.30758783,0.17418231,0.31058863,0.1299463,0.4265515,0.13671367,0.43074775,0.2722353,0.39313084,0.26601392,0.36949056,0.49198446,0.32225925,0.3879259
132,0.3438128,0.21474063,0.21168287,0.33015397,0.3670342,1.0328223,0.29098782,0.7980927,0.23860738,0.3944026,0.3010039,0.46717086,0.1619205,0.40519282,0.45720458,0.37691405,0.31422287,0.13439608,0.2460228,0.16714281,0.26003405,0.13283935,0.38187185,0.12512927,0.3612724,0.2507927,0.36407867,0.29136086,0.37507117,0.43935388,0.2963178,0.39505842
133,0.2976469,0.20654164,0.1913027,0.33823305,0.33741078,0.9144732,0.2696033,0.5426016,0.22262637,0.38432714,0.33671296,0.45741755,0.18136829,0.39533615,0.438859,0.35434434,0.283538,0.13599923,0.31129995,0.17001982,0.4031493,0.13535452,0.34069207,0.1296682,0.3058819,0.31157508,0.4556071,0.35247785,0.72778857,0.48136595,0.3086299,0.3402355
134,0.40431616,0.20905544,0.25668913,0.32565504,0.47829065,1.2259514,0.24146986,0.6197484,0.22311893,0.38778475,0.21302044,0.47516662,0.1622775,0.39778173,0.35535714,0.3820374,,,0.22579369,0.17082682,0.9052206,0.123614535,0.36293647,0.13305858,0.38298878,0.29568478,0.49245435,0.300078,0.5250478,0.4804466,0.34677708,0.43077546
135,0.2703442,0.21289265,0.18619205,0.34466422,0.5661007,0.8295502,0.2540558,0.66361225,0.8597283,0.3258305,0.31854326,0.4702236,0.109394826,0.4136439,0.3698331,0.36097527,,,1.0676734,0.1440838,0.5390961,0.11915363,0.34678552,0.1397779,0.29930872,0.28802115,0.7481841,0.31727335,0.460985,0.4185241,0.3321577,0.34937453
136,0.24675782,0.20979217,0.18467732,0.35739914,,,0.24681684,0.76730394,0.46785885,0.3572119,0.21019349,0.47432855,0.13000275,0.37888435,0.31390253,0.38297033,,,0.6510524,0.15287411,0.45701104,0.11940276,0.31972402,0.13467863,0.30481455,0.28391922,0.53951067,0.304142,0.5037781,0.536712,0.31557536,0.42258555
137,0.24057287,0.21775082,0.20138831,0.33643246,,,0.24136642,0.53117883,0.40022022,0.33478197,0.24835531,0.46473494,0.11034746,0.41522905,0.28300646,0.41234088,,,0.47125274,0.14441243,0.46805337,0.117162764,0.33363122,0.13138309,0.30395398,0.2735692,0.47051582,0.25133675,0.40428618,0.4421641,0.27948198,0.31911692
138,0.26003405,0.20989792,0.18348978,0.33388183,,,0.22867872,0.541392,0.37447846,0.3522706,0.22070572,0.47418305,0.12777913,0.40214774,0.37931398,0.36620903,,,0.4992428,0.1489267,0.37894577,0.12678413,0.3302665,0.12635407,0.4772057,0.3068292,0.43212295,0.30008736,0.41151538,0.5272019,0.29577205,0.323983
139,0.2575634,0.21439727,0.17986657,0.35812083,,,0.237033,0.59643304,0.31022167,0.33834296,0.26249608,0.49875227,0.12787172,0.41721976,0.26647308,0.36710984,,,0.39295158,0.16448273,0.35591894,0.12159629,0.2956266,0.1353083,0.26594764,0.29735664,0.41644534,0.29245365,0.50827456,0.472007,0.259257,0.39115956
140,0.18041115,0.21095693,0.1693396,0.32992467,,,0.22677596,0.69470936,0.28742757,0.33132175,0.5003285,0.4524844,0.12219333,0.41340894,0.26439103,0.3722271,,,0.32948235,0.15083355,0.40333658,0.122136414,0.29108232,0.13121755,0.26709896,0.2690833,0.37522906,0.3048155,0.4180193,0.43374193,0.7505264,0.3790738
141,0.21917994,0.22196421,0.18027449,0.34179878,,,0.2238805,0.62439215,0.2446152,0.34541827,0.33752283,0.46948725,0.10049437,0.4087147,0.26171,0.37262297,,,0.5829334,0.15273982,0.3045761,0.12031332,0.8911165,0.11143275,0.2569023,0.2572621,0.3680381,0.30829883,0.3777339,0.4858811,0.63026595,0.39210263
142,0.21546368,0.21631204,0.1738225,0.3362854,,,0.19911416,0.8187401,0.27169126,0.35862434,0.25898263,0.4548652,0.14068587,0.4114422,0.65515906,0.32787007,,,0.31343472,0.15021618,0.3764556,0.13011408,0.5326507,0.11582124,0.22209099,0.28084198,0.3490226,0.29937568,0.37544274,0.42577168,0.46732035,0.37254944
143,0.18401478,0.21324186,0.20178324,0.33493868,,,0.23155111,0.6387955,0.22723743,0.32710814,0.28246516,0.45674646,0.09778022,0.39207235,0.44352698,0.3439609,,,0.31811893,0.15082906,0.2994789,0.126447,0.44914398,0.1153247,1.0639865,0.25946748,0.3102736,0.32335508,0.38665473,0.4585005,0.4181281,0.3677556
144,1.0356135,0.18580803,0.15359667,0.33453503,,,0.2057175,0.42612132,0.21119437,0.35484824,0.16277476,0.46687233,0.11969426,0.41081408,0.39970624,0.34134564,,,0.26342648,0.15582524,0.2691069,0.1255642,0.4285124,0.11388924,0.6821401,0.2880325,0.31308308,0.32336053,0.33232197,0.4746314,0.37831533,0.38877586
145,0.6396493,0.18234557,,,,,0.20034884,0.9209066,0.21369123,0.33617532,0.22191836,0.45958576,0.09352308,0.4154062,0.3803635,0.33001146,,,0.28450012,0.15379058,0.31272095,0.121988,0.3685252,0.11493587,0.53279775,0.32174408,0.3305757,0.31894535,0.3436391,0.357304,0.36965224,0.32370505
146,0.55797064,0.20354268,,,,,0.23334345,0.42883164,,,0.15298234,0.45431486,0.106255524,0.40289894,0.29505667,0.3556611,,,0.7992656,0.14296383,0.2614409,0.12252961,0.3907195,0.114753254,0.46133676,0.30005696,0.29039913,0.3004841,0.36375478,0.44108966,0.33656964,0.37644628
147,0.40955457,0.20659557,,,,,0.1989981,0.57683414,,,0.18700495,0.4487272,,,0.3135777,0.3639899,,,0.46102014,0.13609515,0.24109803,0.12447308,0.3187782,0.11436449,0.39856634,0.30469856,0.31538233,0.29012102,0.3331818,0.48334497,0.35833195,0.42994526
148,0.31375393,0.19247945,,,,,0.19565128,0.56394434,,,0.17682281,0.46268043,,,0.26453644,0.3418518,,,0.38518348,0.13592587,,,0.33239576,0.11776953,0.35586172,0.26933956,0.6394928,0.30288544,0.32528356,0.48144096,0.32099155,0.36129346
149,0.32861552,0.20380464,,,,,0.2109167,0.58856314,,,0.14725292,0.45568937,,,0.25245214,0.34377256,,,0.32564753,0.13925368,,,0.33713394,0.11420471,0.3492555,0.38053906,0.45769507,0.29596585,0.2969778,0.44235715,0.3515785,0.38762927
150,0.30648273,0.2044907,,,,,0.2064857,0.56869984,,,0.19039576,0.45512822,,,0.23735982,0.34154683,,,0.2858768,0.13831499,,,0.309264,0.11790325,0.30084682,0.2871081,0.40638897,0.26502737,0.28729978,0.4616627,0.28500566,0.37116995
151,0.28677043,0.20737684,,,,,0.21809082,0.55691653,,,0.13113095,0.44576752,,,0.21999672,0.34477407,,,0.30456677,0.14368124,,,0.25648513,0.11796668,0.30542022,0.30536285,0.35974917,0.26762092,0.43414432,0.43706295,0.29142338,0.40009347
152,0.25151405,0.20879273,,,,,0.17437899,0.66461277,,,0.12713274,0.47651115,,,0.21400023,0.35131043,,,0.27404696,0.13911943,,,,,0.27252203,0.27949303,0.3379692,0.28093958,0.3010352,0.49717805,0.3136586,0.39002994
153,0.24998125,0.20371279,,,,,0.20348026,0.5307736,,,0.14391518,0.45721412,,,,,,,0.26368484,0.15539934,,,,,0.257012,0.32431376,0.39313617,0.31117183,0.27854925,0.596759,0.27773184,0.3587734
154,0.24334662,0.19903813,,,,,0.1964073,0.49046442,,,0.09780472,0.4609228,,,,,,,0.23722762,0.14166263,,,,,0.96014947,0.27850455,0.3006231,0.30358285,0.29655817,0.49841455,0.35662887,0.41164777
155,0.25977248,0.1994554,,,,,,,,,0.14681081,0.4690275,,,,,,,0.256874,0.14613768,,,,,0.63732177,0.25422058,0.29091045,0.26626772,0.31021544,0.44399798,0.2841264,0.393244
156,,,,,,,,,,,0.10368005,0.46633905,,,,,,,0.20756632,0.14038023,,,,,0.50684947,0.27031872,0.2668179,0.2724368,0.6969873,0.4814555,0.76095414,0.35570392
157,,,,,,,,,,,0.13303395,0.47061425,,,,,,,0.22439677,0.1458764,,,,,0.41393694,0.33659244,0.26233184,0.26322725,0.45861053,0.4296688,0.54651666,0.35796875
158,,,,,,,,,,,0.1343199,0.45574442,,,,,,,0.21128938,0.14197817,,,,,0.37263492,0.23469561,0.28836077,0.28565955,0.41126147,0.50659627,0.41608065,0.3151837
159,,,,,,,,,,,0.11230374,0.47008628,,,,,,,,,,,,,0.36837918,0.25939927,0.25632888,0.28408313,0.38045862,0.47946954,0.41935167,0.31983364
160,,,,,,,,,,,0.11444619,0.45138365,,,,,,,,,,,,,0.32709396,0.27507475,0.25893238,0.26256987,0.32761273,0.5634515,0.35424164,0.355241
161,,,,,,,,,,,0.10740398,0.48537493,,,,,,,,,,,,,0.29775947,0.24842551,0.28031644,0.26863816,0.32601005,0.4624976,0.32308862,0.3481589
162,,,,,,,,,,,0.9460835,0.4512209,,,,,,,,,,,,,0.29832023,0.27401826,0.28540304,0.24852443,0.36004242,0.46826172,0.3488934,0.3730384
163,,,,,,,,,,,0.57597935,0.4517402,,,,,,,,,,,,,0.26665747,0.30738905,0.22550876,0.28958896,0.31456563,0.4989287,0.30290362,0.3311658
164,,,,,,,,,,,0.3743677,0.46736756,,,,,,,,,,,,,0.30517584,0.27640086,0.24064396,0.29005024,0.3157262,0.55631137,0.33531153,0.36615783
165,,,,,,,,,,,0.36324814,0.44925177,,,,,,,,,,,,,0.24191059,0.17808872,0.30697548,0.28961217,0.296616,0.42820203,0.27338833,0.34748915
166,,,,,,,,,,,0.35674113,0.4425913,,,,,,,,,,,,,0.26077196,0.28602144,0.23692206,0.3165717,0.24902447,0.5103357,0.30004978,0.36467355
167,,,,,,,,,,,0.29186273,0.44130743,,,,,,,,,,,,,0.2648254,0.25287154,0.2460905,0.29641408,0.29128957,0.53218126,0.28942963,0.35848367
168,,,,,,,,,,,0.2535953,0.45371187,,,,,,,,,,,,,0.20813781,0.29521534,0.28238857,0.2880813,0.27819583,0.5269721,0.2572805,0.32528904
169,,,,,,,,,,,0.2286386,0.43991607,,,,,,,,,,,,,0.23899078,0.2709515,0.22602622,0.28138044,0.25831428,0.45837513,,
170,,,,,,,,,,,0.24555533,0.47593015,,,,,,,,,,,,,0.2140637,0.25451463,0.22173558,0.30007818,0.26333588,0.53432715,,
171,,,,,,,,,,,0.2291961,0.4308101,,,,,,,,,,,,,0.23281093,0.24696359,0.22706155,0.28448367,0.2456871,0.52506095,,
172,,,,,,,,,,,0.19017574,0.45812505,,,,,,,,,,,,,0.2078903,0.22353482,0.21671438,0.29887342,0.24331899,0.47722957,,
173,,,,,,,,,,,0.19994976,0.44447786,,,,,,,,,,,,,0.31749687,0.27458748,,,0.26945645,0.52090055,,
174,,,,,,,,,,,0.16268335,0.44476393,,,,,,,,,,,,,0.19364637,0.3031408,,,0.21534154,0.43921378,,
175,,,,,,,,,,,0.23238647,0.42970446,,,,,,,,,,,,,0.1998097,0.26911047,,,0.22893186,0.47397307,,
176,,,,,,,,,,,0.18430816,0.44314387,,,,,,,,,,,,,,,,,,,,
177,,,,,,,,,,,0.167757,0.45241874,,,,,,,,,,,,,,,,,,,,
178,,,,,,,,,,,0.164256,0.45952192,,,,,,,,,,,,,,,,,,,,
179,,,,,,,,,,,0.20220622,0.44652125,,,,,,,,,,,,,,,,,,,,
180,,,,,,,,,,,0.17023076,0.46072483,,,,,,,,,,,,,,,,,,,,
181,,,,,,,,,,,0.21788198,0.48107406,,,,,,,,,,,,,,,,,,,,
182,,,,,,,,,,,0.18062243,0.45597136,,,,,,,,,,,,,,,,,,,,
183,,,,,,,,,,,0.15949729,0.43805858,,,,,,,,,,,,,,,,,,,,
184,,,,,,,,,,,0.115303725,0.4469077,,,,,,,,,,,,,,,,,,,,
185,,,,,,,,,,,0.20021376,0.46576047,,,,,,,,,,,,,,,,,,,,
