,spatio-temporal X_st rnd d_c train,spatio-temporal X_st rnd d_c val,spatio-temporal X_st min d_c train,spatio-temporal X_st min d_c val,spatio-temporal X_st max d_c train,spatio-temporal X_st max d_c val,spatio-temporal X_st avg d_c train,spatio-temporal X_st avg d_c val,"spatio-temporal X_(t,s) rnd d_c train","spatio-temporal X_(t,s) rnd d_c val","spatio-temporal X_(t,s) min d_c train","spatio-temporal X_(t,s) min d_c val","spatio-temporal X_(t,s) max d_c train","spatio-temporal X_(t,s) max d_c val","spatio-temporal X_(t,s) avg d_c train","spatio-temporal X_(t,s) avg d_c val","spatio-temporal Y_hat_(t,s) rnd d_c train","spatio-temporal Y_hat_(t,s) rnd d_c val","spatio-temporal Y_hat_(t,s) min d_c train","spatio-temporal Y_hat_(t,s) min d_c val","spatio-temporal Y_hat_(t,s) max d_c train","spatio-temporal Y_hat_(t,s) max d_c val","spatio-temporal Y_hat_(t,s) avg d_c train","spatio-temporal Y_hat_(t,s) avg d_c val","spatio-temporal Y_(t,s) rnd d_c train","spatio-temporal Y_(t,s) rnd d_c val","spatio-temporal Y_(t,s) min d_c train","spatio-temporal Y_(t,s) min d_c val","spatio-temporal Y_(t,s) max d_c train","spatio-temporal Y_(t,s) max d_c val","spatio-temporal Y_(t,s) avg d_c train","spatio-temporal Y_(t,s) avg d_c val"
test_loss,0.5801476,0.5801476,0.6383818,0.6383818,0.64084476,0.64084476,0.673667,0.673667,0.69301283,0.69301283,0.57689214,0.57689214,0.78784406,0.78784406,0.61586183,0.61586183,0.2630332,0.2630332,0.2906577,0.2906577,0.26236486,0.26236486,0.25169474,0.25169474,0.5098506,0.5098506,0.5423036,0.5423036,0.79498863,0.79498863,0.67201716,0.67201716
0,3.9584494,1.4004878,6.5787935,1.3113666,10.974956,1.3321164,8.850704,1.2904744,3.367964,1.5352725,3.3669288,1.4696369,2.8969026,1.5016211,3.186755,1.6457754,5.8649197,1.6038597,5.9357953,1.7759366,6.6992965,2.3939207,5.7316875,1.5743389,7.560249,1.5452034,9.763845,2.2666705,10.292505,2.5362306,10.6425085,2.2619822
1,2.921408,1.2733699,5.365187,1.195966,8.38884,1.2967002,7.4188466,1.4029953,2.443162,1.5457786,2.6944878,1.3337365,2.061887,1.3358608,2.5644524,1.3387742,4.8461432,1.2074482,4.916589,1.4746177,5.6243916,1.2470399,5.0306582,1.4010051,5.701149,1.153848,8.156223,1.3368868,8.320928,1.2979527,8.716378,1.4170781
2,2.8501713,1.2191774,5.2566247,1.1420212,8.405467,1.1188323,6.978083,1.0871241,2.2200396,1.3797928,2.5911405,1.3800342,2.0244474,1.4314556,2.4056387,1.2934192,4.5139723,1.1397532,4.557395,1.0669305,5.336778,1.1155877,4.523174,1.3290724,5.1444073,0.9494261,7.1621194,1.0032912,7.0348616,1.7601876,7.829548,1.691001
3,2.6477387,1.224711,4.9023156,1.0796812,7.91042,1.1190506,6.511285,1.0395942,2.1021001,1.2248381,2.5272593,1.5363638,1.9227245,1.4053015,2.2250955,1.2148887,4.230758,1.0367299,4.269064,1.0457759,4.834183,0.9962766,4.1869893,1.0002874,4.1718535,1.0106249,6.154185,0.9357533,6.413242,1.3086945,7.0293136,1.0491168
4,2.545876,1.1655406,4.757379,1.0587451,7.46948,1.2554201,5.439958,0.9629717,2.1178274,1.3247,2.4072685,1.1767044,1.955598,1.2852641,2.219791,1.1990043,3.9746237,0.958463,3.9165695,1.0092243,4.2415643,0.90612817,3.8585222,1.0542144,3.556534,0.8329795,4.888097,0.95886135,6.1049685,1.1563747,6.518339,1.0444493
5,2.543945,1.1743912,4.5900517,1.059659,7.251632,1.0263957,4.9445496,0.86426276,2.0337164,1.3515656,2.2194638,1.0992273,2.0159757,1.2390598,2.1487308,1.2065012,3.562252,0.84253734,3.5496914,0.9099794,3.811117,0.88758594,3.572437,0.91907746,3.1693933,0.9058284,4.360274,0.8608003,5.8613443,1.0929439,6.1349573,0.99850625
6,2.3085592,1.0964386,4.249748,0.9519004,6.460724,1.0127575,4.6398273,0.8856872,1.9851723,1.1790919,2.0438476,1.0225583,1.789962,1.2353045,2.0029926,1.1317881,3.2691214,0.8181707,3.25349,0.852512,3.5339437,0.8300206,3.2954888,0.9202377,3.0267146,0.844314,4.1155047,0.932,5.676035,1.0399528,5.0069914,0.9532684
7,2.1310112,1.1068263,3.8457427,0.89064854,6.0051312,1.0027103,4.401814,0.8443778,1.8147014,1.0673302,1.8219815,1.2508546,1.6226146,1.1991483,1.8762058,1.0954753,2.9888866,0.9453134,3.0884457,0.7999808,3.369917,0.8137426,3.0115545,0.8375072,2.8872695,1.1038476,3.8193944,0.85529095,5.543819,1.0460894,4.338154,0.9858432
8,1.9982096,1.0510757,3.4981854,0.8665613,5.505149,0.91998386,4.2810574,0.8398026,1.655002,1.0982898,1.7170739,0.9944108,1.4901226,1.0603815,1.7324816,0.9654359,2.8585703,0.7742185,2.9201636,0.81120926,3.0958312,0.83978176,2.9603293,1.0019634,2.7532744,0.81258565,3.6323984,0.9018145,5.455487,0.97138834,4.0597124,0.9401401
9,1.8409632,0.99904877,3.237313,0.86410564,5.2389684,1.0170498,4.161028,0.81126106,1.6581172,1.0230155,1.6183556,1.0178679,1.3822565,1.094575,1.6400295,1.0248826,2.7262788,0.78607416,2.7565174,0.8955264,3.011908,0.7991445,2.916266,0.8057244,2.591294,0.83791155,3.5103037,0.7528996,5.413407,0.97133905,3.8221352,0.859123
10,1.7055289,0.9534763,3.173006,0.89975744,5.1306057,0.83941454,3.9248884,0.8337395,1.5056049,1.0147415,1.5518607,0.89813447,1.3227981,1.0239384,1.6116691,0.9674424,2.6526723,0.7696342,2.6845498,0.8471535,2.8363228,0.86566955,2.8333194,0.79548573,2.4942594,0.9076536,3.3976333,0.98825693,5.365841,1.0067426,3.7664912,0.88267523
11,1.6633639,0.9760065,3.0971508,0.8139277,4.8250146,0.90327716,3.820175,1.0598809,1.3126444,0.9720569,1.440265,0.90867907,1.3000422,1.0537413,1.4878583,1.0731816,2.5582993,0.8451604,2.5456653,0.7756421,2.7632997,0.87505955,2.6553743,0.8347914,2.4422517,0.86645746,3.1671286,0.86881244,5.3282757,0.9533053,3.5454535,0.8205203
12,1.5445203,0.96444756,2.8818474,0.81686383,4.4867654,0.8919637,3.7844718,1.1924847,1.3077021,1.5693649,1.4054399,0.98117393,1.2273369,1.0466326,1.476738,1.0275294,2.4394643,0.82999027,2.5269768,0.77813405,2.6905742,0.75798565,2.5990102,0.88527834,2.3180637,0.838694,3.1204412,0.82305044,5.2942643,0.91663677,3.423529,0.85552794
13,1.4367235,0.9585682,2.6863735,0.83848554,4.4972506,0.82171774,3.5725338,0.8069032,1.2420588,0.95478165,1.3520367,0.9441531,1.1883386,1.1067894,1.8031512,1.0447056,2.3388479,0.818706,2.422309,0.89192855,2.4718456,0.80877626,2.5527961,0.816515,2.2590888,0.76361245,2.9679193,0.7556341,5.208331,0.9782406,3.350425,0.81356907
14,1.4329762,0.9920379,2.6969893,0.8152442,4.170431,0.93024623,3.4824677,0.87051517,1.1651685,1.0429693,1.3082578,1.0254453,1.148026,0.9867997,1.3285954,1.0016109,2.2916358,0.78773576,2.2903762,0.7897054,2.4032462,0.8210324,2.4028385,0.8348676,2.1803863,0.90934956,2.8972726,0.80118686,5.2093687,0.92102987,3.2771437,0.9584805
15,1.3334454,0.9250944,2.5560725,0.96656466,4.230043,0.79811966,3.2777653,0.8132581,1.1811464,1.0062973,1.2768689,0.90609854,1.0912018,1.0663545,1.2933271,0.9458155,2.2594323,0.85947555,2.2516174,0.78503835,2.3412857,0.839968,2.3415399,0.82282215,2.138438,0.811283,2.8476763,0.7693764,3.757309,0.8900325,3.1574001,0.8945695
16,1.2571551,1.011939,2.4836597,0.96151805,3.8612986,0.8119625,3.2674265,0.8471945,1.0629869,1.0544099,1.2161646,0.93177617,1.0595514,1.0399063,1.2266538,0.99118245,2.0623147,0.7943834,2.1669996,0.78361547,2.2562032,0.8092688,2.2942166,0.8354388,2.0623446,0.8420748,2.7348747,0.7765202,3.3666468,1.0703772,3.1466665,0.774572
17,1.2423831,0.93584853,2.349786,0.81985843,3.540338,0.79496044,3.154599,0.82236576,0.97359115,1.0395435,1.1864415,0.96832126,0.9536049,1.0663733,1.1606787,0.96482974,2.0169177,0.7758887,2.2973666,0.8498568,2.140002,0.7895127,2.2007203,0.8064358,2.0344055,0.81055814,2.6422668,0.8418005,3.257386,1.11276,3.0335424,1.0141279
18,1.1998894,0.9570427,2.2855663,0.81495094,3.4227896,0.78450567,3.0066807,0.8158602,0.99505687,1.0712566,1.1298199,0.99884534,0.92614514,1.0224682,1.0934738,0.9959204,2.0017648,0.7911965,2.1622474,0.779218,2.105038,0.853195,2.1062233,0.815656,1.9340612,0.8221787,2.5283015,0.775719,3.1465542,0.98874784,2.9544625,0.92048645
19,1.0991141,0.9702989,2.2198334,0.8500727,3.2177413,0.8052747,2.8606994,0.8083902,0.90915024,1.0422359,1.0497172,0.93377763,0.89749986,1.0357152,1.0909139,1.0215232,1.922978,0.88907135,2.008048,0.7797466,2.0640445,0.81274486,1.9766511,0.84553874,1.8883986,0.8675462,2.4662256,0.8011787,3.0826125,0.95308846,2.833466,0.8664213
20,1.0033073,1.0346835,2.0987847,0.8584697,3.083154,0.7821227,2.7670794,0.8360524,0.8681791,1.0910373,1.0460595,0.9891604,0.8099291,1.065928,1.0372254,0.99094737,1.8235514,0.8270059,1.9338833,0.8294621,2.0328188,0.800427,1.9653394,0.78937215,1.8232582,0.9187846,3.4397545,0.6648393,3.0145416,0.9499293,2.765484,0.9611261
21,0.9943248,0.9586091,2.0236897,1.0032691,2.948005,0.7758866,2.5875285,0.9473528,0.8986563,1.0591338,1.8843108,0.82056236,0.7921265,1.0534706,1.0253584,0.98972994,2.8374865,0.6841885,1.8129969,0.8037224,1.7818348,0.8241092,1.8770958,0.82737637,1.7685355,0.8019731,3.3449218,0.7715127,2.9401214,0.9415011,2.6704266,0.8440683
22,0.98225033,1.0197843,3.2461536,0.7067176,2.9473104,0.8497692,2.4978857,0.847024,0.80083716,1.083098,1.6095849,0.8115433,0.74321544,1.0615582,0.92447823,1.0416727,2.5721624,0.6470583,3.06463,0.68405056,1.8697757,0.8099996,1.817622,0.89850014,1.7048658,0.84113634,3.0469904,0.7663664,2.8579948,0.999142,2.6790564,1.0601344
23,0.9195965,0.96757245,2.8580222,0.71994096,2.695929,0.85923046,2.4098773,0.819138,0.80425495,1.0437803,1.5642157,0.8413766,0.7259,1.0984383,0.86075294,1.0845277,2.4372633,0.6610998,2.6233797,0.6624926,3.3629274,0.6255774,1.7501376,0.84763634,1.6271349,0.88205063,2.7142007,0.67013305,2.8374698,0.93911654,2.5634944,0.9708706
24,0.9004547,0.96783406,2.650132,0.7217393,2.5873332,0.789689,3.6857724,0.6914656,1.7554677,0.91277176,1.4659907,0.82892126,0.6919157,1.0780852,0.88905567,1.0501192,2.1920764,0.641921,2.4228094,0.6570727,2.940167,0.63919735,1.687355,0.86283106,2.5381997,0.81742036,2.6308796,0.7746365,2.764291,0.9740768,2.533393,0.9647934
25,0.86172587,1.0020968,2.4390485,0.78107864,2.52383,0.7996813,3.112389,0.711494,1.4726294,1.0135981,1.3347096,0.82730615,1.4472985,0.9475108,0.8229973,1.0666199,2.1079247,0.655606,2.416754,0.72000134,2.5361824,0.6298357,1.5903376,0.8165438,2.2751493,0.6692744,2.5900397,0.787629,2.686254,0.9477784,2.4211454,0.8409141
26,2.0703294,0.87010103,2.2633398,0.767493,2.397995,0.81013614,2.8710184,0.81409156,1.3030609,0.9137441,1.3223526,0.8476796,1.1274111,1.0002693,1.7111187,0.9547034,1.9091693,0.650979,2.0642745,0.6747385,2.480757,0.632352,1.5387855,0.8348947,2.0933077,0.7609424,2.4731321,0.66236824,3.218478,0.84806657,2.4129002,0.9412522
27,1.6766349,0.869549,2.1380625,0.7862773,2.1986618,0.81950784,2.6863449,0.71099985,1.1962168,0.9283845,1.2421608,0.8626854,0.98964024,0.97822523,1.5648786,0.95390075,1.8976257,0.65306276,2.1304703,0.66717046,2.2557487,0.6487502,1.533364,0.849746,1.9226714,0.68806726,2.378877,0.71664906,3.0389125,0.77322507,3.2715178,0.82013136
28,1.500274,0.83389735,2.004453,0.73488843,2.1903305,0.8570715,2.4954588,0.6965445,1.1642718,0.9267979,1.123472,0.8558941,0.97342825,0.9143861,1.5804684,0.91831255,1.7175759,0.68974876,1.8675579,0.7597014,2.1875842,0.64605844,1.4806541,0.8565402,1.8746414,0.7113371,2.200892,0.7537403,2.8806036,0.9765936,2.9086308,0.8024435
29,1.3672591,0.8769134,1.9194413,0.765128,2.0962193,0.7867514,2.3070135,0.79118323,1.0300995,0.98539484,1.078152,0.87558085,0.86352265,0.90388,1.2009683,0.9703624,1.638109,0.678872,1.8416725,0.686965,1.9670991,0.64931655,1.3839736,0.8594952,1.8162259,0.7220137,2.21513,0.68405265,2.8117845,0.7739416,2.70532,0.7587507
30,1.2516859,0.9153907,1.7959826,0.74889225,3.3231542,0.6610445,2.201265,0.6863047,1.0074183,0.89859265,1.0324883,0.910193,0.7632405,0.9749483,1.4750617,0.94794625,1.5951085,0.64311844,1.68892,0.6824928,1.8372062,0.63563144,3.3036118,0.6368688,1.6662627,0.68058187,2.0504448,0.70693094,2.670785,0.7825075,2.6046257,0.77232695
31,1.1779917,0.90721846,1.7402053,0.7379869,2.776898,0.64785403,2.0562968,0.7383034,0.86645454,0.940207,0.9972354,0.89553654,0.7331013,0.9580593,1.1495204,0.94141704,1.5573673,0.66257334,1.5423518,0.7111471,1.8306066,0.69002646,2.7507262,0.6526509,1.6435906,0.7818055,1.9923567,0.6818801,2.6276188,0.8654804,2.543722,0.7768541
32,1.099887,0.86798906,1.6716691,0.7544067,2.4994526,0.69599,1.969006,0.71709514,0.90125376,0.9205849,0.926705,0.8966039,0.6707599,0.99881923,1.1249084,0.958259,1.4605151,0.66573656,1.4842397,0.69886404,1.7488008,0.67751557,2.5487986,0.6525013,1.55082,0.684358,1.9591578,0.8024062,2.507293,0.8765965,2.4139783,0.81490153
33,0.9660994,0.90036786,2.458086,0.6767765,2.34965,0.64267576,1.8261582,0.7289037,0.8208726,0.9580365,1.6770556,0.7744696,0.66580504,1.0684612,0.9681362,0.9580808,1.3823966,0.6684383,1.4948008,0.71576726,1.6757704,0.8244503,2.3297596,0.63681287,1.5171342,0.729061,1.7844541,0.7480196,2.4209948,0.7909221,2.336967,0.8419979
34,0.94550675,0.8604364,2.0874147,0.6969476,2.1820664,0.6466002,1.7543669,0.7174157,0.77865756,1.0071088,1.4941285,0.8302943,0.6311986,1.0138943,0.8782346,0.99188936,1.3048565,0.6834019,1.3196579,0.72345984,3.2594943,0.5368496,2.1971223,0.644406,1.43112,0.8140621,1.7881525,0.73502517,2.3704007,0.8342986,2.2794418,0.7970077
35,0.93904895,0.85971004,1.9752024,0.68506044,1.9246912,0.6867641,1.6511416,0.7392307,0.7400633,0.9301214,1.3842742,0.7810125,0.5666632,0.98333836,0.8594538,0.97231054,2.718845,0.52962434,3.0951812,0.59135926,2.7152784,0.50819385,1.9709685,0.6806963,1.3945395,0.7187559,1.6984887,0.70508534,2.302257,0.8646387,2.142623,0.79079664
36,0.8498174,0.8968394,1.6975021,0.6519693,1.8719335,0.67810214,1.6452539,0.74557984,0.68721026,0.99213725,1.2523724,0.7951652,0.55785173,1.020905,0.8008124,1.0169401,2.2052402,0.6030688,2.5294254,0.57239854,2.330212,0.5262843,1.8850889,0.6638278,2.6034584,0.68927866,1.6490358,0.70185477,2.2187634,0.80612236,2.0831332,0.8132106
37,0.83259434,0.8832709,1.5836633,0.6774047,1.7790635,0.6792292,1.5502665,0.72527015,0.6492097,0.9438676,1.0774214,0.84049857,0.5533539,0.986588,0.85642356,0.96176356,2.0871139,0.56424224,2.2136436,0.56125516,2.1396952,0.5110182,1.7730949,0.68639565,2.1653621,0.56899476,3.1620464,0.6233421,2.1607513,0.8667278,1.9869657,0.8159774
38,0.7779221,0.9370369,1.4948819,0.6856908,1.626358,0.6680445,1.5738833,0.78443676,0.64753145,0.98747927,1.0858295,0.7941349,0.5078886,1.0187298,0.7489127,0.9651013,1.9420109,0.56350744,1.9242529,0.57816684,1.9466217,0.5241785,1.653837,0.6506339,2.081082,0.6192736,2.630295,0.60066146,2.9177938,0.86248016,1.9713366,0.7284476
39,2.1603217,0.98435223,1.4865496,0.67341506,1.5664122,0.72190124,1.5431526,0.8040616,0.61900204,1.0006067,1.0126436,0.91393775,0.5023521,1.005574,1.5854219,0.8806242,1.7505952,0.56732136,1.8013922,0.5803704,1.8204021,0.5351813,1.5928824,0.653379,1.9821775,0.5844444,2.3968673,0.58887947,2.5947883,0.8253617,1.8964777,0.8559373
40,1.5992616,0.80723524,1.3565544,0.716805,1.4451216,0.68896574,1.4579448,0.7063045,0.5603768,1.1502762,0.9484551,0.87378883,1.1743826,0.91333735,1.287497,0.82479334,1.6224893,0.6331522,1.6451501,0.5838205,1.7309884,0.52399755,1.493695,0.66395336,1.7894056,0.6021968,2.2438202,0.628864,2.512757,0.7511833,1.8735486,0.85758287
41,1.399653,0.80379766,1.3139238,0.71491325,1.4967189,0.6929038,2.2383068,0.64959854,1.389455,0.89304537,0.83840847,0.8620443,0.91975427,0.94954777,1.1771346,0.83320993,1.5752834,0.55263823,1.5769118,0.5947704,1.6432581,0.51382226,1.3610636,0.68321043,1.7642646,0.71326256,2.1396573,0.6031451,2.415601,0.8227916,1.8112493,0.8731783
42,1.2143964,0.7980598,1.2888646,0.6860816,1.3275142,0.6578244,1.9418354,0.70177114,1.2446984,0.9019283,0.79389447,0.9083742,0.7983371,0.9446577,1.0839453,0.92187315,1.4295415,0.57374686,1.4266174,0.6014866,1.5431216,0.5084477,1.4073455,0.7150765,1.7121056,0.6361977,2.0229912,0.62953717,2.249309,0.7801611,1.7326119,0.91895
43,1.1146379,0.8071563,1.1714532,0.6876504,1.3619708,0.70332533,1.7277756,0.65786934,1.0246878,0.9033155,0.78159,0.8508671,0.7357178,0.93919444,0.99275494,0.8772185,1.3363162,0.55491745,1.3247968,0.5950727,1.5838834,0.5311831,1.282738,0.7087277,1.5904815,0.6150189,1.8695863,0.62219894,2.1507497,0.91113436,1.7184347,0.7944883
44,0.94901216,0.8420699,1.1573639,0.6869214,2.4557173,0.6106893,1.58615,0.6654276,0.8993326,0.9049935,1.7926888,0.8235157,0.65714556,0.9828676,0.871729,1.0050094,1.3461047,0.56429607,1.2535657,0.60517174,1.4169099,0.54278946,3.0434566,0.52089715,1.5644656,0.60847235,1.7990236,0.6323075,2.0814004,0.79800045,1.6745075,0.9497942
45,0.92467576,0.8060831,1.0835873,0.7059249,1.9265643,0.61339355,1.571559,0.7186359,0.9776243,0.8570055,1.433707,0.7650307,0.5919768,0.96599996,0.8163248,0.901967,1.2663947,0.5990909,1.2037519,0.61846036,1.3820405,0.5271168,2.511661,0.5259961,1.4434317,0.62370294,1.8109208,0.6446094,2.020909,0.71015304,1.5893239,0.72727036
46,0.8333649,0.8148534,1.0599004,0.70865226,1.875127,0.626556,1.4184487,0.66087574,0.7745542,0.9111936,1.2440625,0.75829846,0.5897096,0.9923643,0.7959223,1.2198437,2.6104279,0.46699205,1.1274034,0.59108454,3.2375855,0.43947807,2.2868536,0.53404504,1.4093298,0.65664387,1.6272407,0.6173117,1.9241154,0.851296,1.5641541,0.89140993
47,0.7699571,0.8052908,2.005272,0.6324488,1.7083023,0.6226407,1.3904269,0.6968136,0.7596856,0.9275104,1.112317,0.80880105,0.5269749,0.9805323,0.9046786,0.9311311,2.053028,0.46139005,1.1081936,0.6119249,2.5308328,0.42721993,2.0261993,0.5516529,1.3390731,0.6450452,1.6470842,0.6267946,1.8988549,0.8353605,1.5299631,0.8735077
48,0.740608,0.84185904,1.549782,0.66793096,1.5708853,0.6231153,1.3033983,0.6475737,0.7311309,0.8889774,1.1334206,0.7790249,0.5150991,0.9942056,0.8068168,0.9176074,1.7841498,0.48293155,2.5785437,0.50100034,2.1877139,0.43431175,1.8820091,0.54143244,2.1023064,0.6075944,1.6243609,0.6763856,1.8257114,0.8737154,1.4882177,0.8902811
49,0.7143754,0.8507321,1.3815578,0.6443315,1.4467024,0.61161727,1.270378,0.6606814,0.6514598,0.9209078,0.9639924,0.8180781,0.47237074,0.93398476,0.67497885,0.92720467,1.7008446,0.45742652,2.0237625,0.48517495,1.9686494,0.43777862,1.67768,0.5513216,1.7609218,0.5467876,1.5566224,0.6266759,1.7501194,0.73655343,1.4356775,0.8818873
50,0.675211,0.8187467,1.2790778,0.6467607,1.4266232,0.61089784,1.1971748,0.6547693,0.62369585,0.91199493,0.8904272,0.8362517,0.45763412,0.9963841,0.70736104,0.91302896,1.5332485,0.4727916,1.7545413,0.492231,1.8088346,0.4269801,1.5393325,0.7882522,1.6248531,0.51186377,2.3811593,0.68793756,1.7004275,0.8125503,1.4388572,0.91896623
51,0.63631743,0.8182725,1.178921,0.6650912,1.3864235,0.61644804,1.1878631,0.70505947,0.5887628,0.9114495,0.8494941,0.8057375,1.2984177,0.8694273,1.78122,0.79028046,1.428566,0.48568538,1.6509104,0.49740797,1.706191,0.41399238,1.8240087,0.55567545,1.5588917,0.58926463,2.0285532,0.5751816,1.6807939,0.84776086,1.4011196,0.89746267
52,0.61888534,0.838097,1.1294935,0.65400165,1.2749236,0.6086035,1.1482743,0.660813,0.5765625,0.9240121,0.8789169,0.87790143,0.979776,0.84119165,1.345566,0.80992067,1.3069743,0.4922039,1.466671,0.4934186,1.613046,0.44000107,1.3887737,0.5860209,1.4138027,0.6513073,1.8449589,0.5885892,1.6233023,0.8426259,1.4631621,0.8132589
53,1.9579173,0.7182765,1.1109396,0.6744454,1.2841725,0.6607529,1.1109812,0.6676033,0.58544385,0.95138985,0.89876825,0.80551744,0.8628315,0.84859926,1.177053,0.80525464,1.2600868,0.5288314,1.3735458,0.50024056,1.5297805,0.4174176,1.3215998,0.59563416,1.3432728,0.59053177,1.7120916,0.61736494,1.581709,0.84849906,1.3443278,0.8497121
54,1.4672259,0.7740115,1.0285559,0.65344167,1.2114011,0.6241227,1.0726763,0.66653997,0.48811883,0.9296482,0.73150903,0.8107859,0.75944763,0.9073201,1.0162472,0.81900316,1.1965457,0.49114817,1.2690531,0.50366473,1.4426506,0.42873144,1.2735213,0.5995195,1.2711031,0.5529659,1.7029151,0.5961968,1.5478867,0.834556,1.30557,0.84197396
55,1.3348542,0.7179532,1.0010452,0.68067235,1.211349,0.63081807,1.019097,0.6797445,0.50719285,0.9512517,0.71571684,0.8047358,0.6449207,0.8718115,0.9679821,0.8116442,1.1345724,0.4887683,1.2374711,0.5116564,1.4300307,0.42384458,2.5157435,0.46371123,1.1915039,0.5828596,1.5089946,0.53726923,1.5035212,1.0005255,1.2582033,0.8765092
56,1.0611043,0.71250296,0.9482382,0.692055,1.1404516,0.61268955,1.0159681,0.6762587,1.4748865,0.88000757,0.71717405,0.80972934,0.660839,0.8820189,0.8294074,0.8542829,1.0490099,0.47310194,1.1650879,0.49866462,1.351834,0.42340305,2.0330997,0.48497134,1.1867601,0.6678164,1.4360114,0.55498075,2.5907283,0.7903382,2.541223,0.7444559
57,0.99185246,0.7211285,0.9215463,0.6763867,1.1599125,0.6172385,0.9479523,0.6717595,1.11681,0.8823676,1.7339244,0.70041335,0.57712656,0.92893165,0.7717515,0.84768724,1.0402325,0.50636953,1.1367525,0.51210034,1.2794133,0.4209483,1.8033425,0.47399595,1.1304766,0.61427957,1.3973869,0.6230015,2.2263312,0.77295184,2.1989596,0.76697177
58,0.8593894,0.75036603,1.5537721,0.66290855,1.0931852,0.6750015,0.98361164,0.7062163,1.0378298,0.84582806,1.2626729,0.7652494,0.59161156,0.8761266,0.7440238,0.8925432,0.95762247,0.51817113,1.0340545,0.5147307,1.2263834,0.42430082,1.6207976,0.4780043,1.0903704,0.68569434,1.3781645,0.5695007,2.0509305,0.75669867,1.9432287,0.71032566
59,0.82780004,0.7643317,1.2803301,0.6721236,1.0592589,0.6999281,2.0800512,0.6192505,0.87635005,0.9228079,1.1231797,0.7522719,0.5016782,0.9496264,0.7030996,0.8473922,0.9607284,0.48467332,0.97902876,0.5059958,1.2167784,0.42076927,1.4527348,0.4782915,1.0318754,0.6461866,1.2572125,0.58543307,1.9852339,0.78834665,1.8318894,0.75521994
60,0.78100187,0.73479956,1.1968646,0.6419256,0.98308283,0.64028126,1.5375088,0.6975458,0.76617676,0.8616841,1.0848565,0.70885664,0.49104336,0.91474396,0.6509777,0.85065156,2.5019732,0.41834757,2.3408518,0.42935988,1.1626955,0.42594644,1.3836629,0.48253497,0.9864648,0.63699603,1.2187065,0.5811394,1.8242941,0.8262487,1.6372825,0.7212179
61,0.7297801,0.7563846,1.0758678,0.635201,1.0575246,0.6329227,1.3762887,0.6385524,0.7325463,0.8221138,1.0252846,1.0016886,0.54050815,0.8897039,0.64823186,0.9190292,1.9077368,0.4107752,1.8438355,0.41931707,1.155142,0.42618668,1.2879114,0.4752244,2.1602328,0.6074439,1.2053254,0.57835925,1.7513518,0.8955217,1.5682675,0.77487415
62,0.7047492,0.7603828,1.0045282,0.6497303,0.9789983,0.63442725,1.2490649,0.6349515,0.6496917,0.8717924,0.99173355,0.7758597,0.4543945,0.92554134,1.6563398,0.78274363,1.640504,0.43052417,1.5541666,0.43039456,2.2695968,0.37221944,1.2171973,0.4979105,1.849222,0.5538135,1.1467744,0.55209386,1.6985093,0.8800334,1.5155334,0.76196355
63,0.6397014,0.75110257,0.9397138,0.66121083,1.6841855,0.5822012,1.2298774,0.6822503,0.6730244,0.8973019,0.8032171,0.72876304,1.3105038,0.85409206,1.2160051,0.76111746,1.4932799,0.41616002,1.3250506,0.45097506,1.750327,0.37595806,1.1298938,0.46673837,1.6280593,0.64375985,1.1394182,0.5717962,1.6238405,0.86661243,1.4318341,0.78115076
64,0.69920963,0.7964226,0.9233565,0.62531847,1.3309481,0.63202053,1.1215696,0.6682809,0.57962805,0.8995356,0.77429277,0.75600934,1.0135485,0.87896174,1.0415616,0.83377254,1.4300324,0.4143412,1.3527334,0.43195394,1.596646,0.37042812,1.0771191,0.47915083,1.4951309,0.5268706,1.0625911,0.5967376,1.5161481,0.8896177,1.3465481,0.79243535
65,0.5786863,0.7967249,0.8912964,0.6801734,1.2024181,0.6180234,1.0524915,0.67938614,0.5705089,0.8676437,0.70147336,0.75398767,0.9037846,0.9096185,1.0896577,0.82175744,1.2314062,0.40293545,1.1609601,0.454816,1.4020272,0.3714291,1.1367587,0.47133908,1.4074306,0.5438326,1.0641677,0.59369844,1.4872297,0.7586642,1.3065912,0.77954805
66,0.6108295,0.77378416,0.86038774,0.6443476,1.122557,0.62204677,1.044883,0.66986734,0.5756583,0.8803296,0.67388767,0.8014866,0.8449906,0.9240655,0.9260862,0.7953279,1.1846795,0.42802057,1.2092066,0.42829272,1.3868659,0.3740047,2.5078175,0.4008562,1.2748817,0.5739458,2.3522742,0.53779024,1.4375683,0.88938826,1.2708635,0.7029474
67,1.6540946,0.6680742,0.8133242,0.68444264,1.0475782,0.61085635,0.9905302,0.68595874,0.5291466,0.86240804,0.69092387,0.7592897,0.76122314,0.90916044,0.8701724,0.79945415,1.0746979,0.4153185,1.0248644,0.45800832,1.2267711,0.3705603,1.8883694,0.39539617,1.294112,0.52977115,1.8745742,0.52697664,1.3868628,0.83001965,1.2334512,0.7795384
68,1.1705017,0.67234343,0.8197258,0.6736588,0.9889202,0.74299634,0.9805017,0.6707527,0.5035995,0.9160893,1.4680043,0.73170376,0.69340426,0.84886974,0.81526744,0.79165196,1.0502248,0.41609532,1.0743064,0.43535006,1.214857,0.3773242,1.6537597,0.3816334,1.1659936,0.5839198,1.6370664,0.53211427,1.3492904,0.79422605,1.1649386,0.8099642
69,1.0238669,0.6901459,0.77345276,0.6801346,0.9933254,0.60528916,0.95119774,0.6442416,0.49078357,0.8873106,1.123435,0.6660147,0.65073997,0.8695076,0.7911125,0.85070205,1.0025477,0.42543894,1.0716825,0.45037937,1.1908125,0.37428558,1.4109046,0.39494768,1.1004617,0.55935335,1.5892848,0.5585182,2.357714,0.76701057,1.1430641,0.7783125
70,0.95335776,0.6566769,0.7845523,0.666226,0.9578849,0.636164,1.4551884,0.6691927,0.4618103,0.9225122,0.9747595,0.6834069,0.607285,0.850659,0.6674467,0.8404156,1.020324,0.42668438,0.9575165,0.44331384,1.0513176,0.37480807,1.3536226,0.3837351,1.042194,0.6366463,1.4367267,0.5494312,2.0184805,0.77181935,1.0764133,0.8021238
71,0.84121007,0.69303477,0.7574536,0.6652164,0.8871588,0.6290362,1.2425224,0.65121835,0.44776496,0.8747323,0.8410817,0.7259116,0.5449314,0.8568781,0.63045406,0.77831405,0.95464855,0.43630224,0.8969613,0.45006347,0.99684006,0.37247396,1.2410398,0.4029182,1.0516771,0.5721112,1.3352554,0.61470056,1.8779099,0.7229264,1.1027302,0.783109
72,0.79354346,0.6978319,0.7201913,0.6520166,0.8694051,0.5941499,1.0453409,0.63812697,1.4332436,0.8790684,0.80567956,0.6925172,0.53822094,0.8970631,0.6207678,0.80173206,0.8970641,0.42840248,2.1737103,0.38108867,0.9711092,0.37858728,1.2224065,0.39856064,0.97711253,0.617123,1.2757396,0.5529178,1.7131613,0.8441964,1.0321382,0.7668441
73,0.6940423,0.68444526,0.7285536,0.6546773,0.83684385,0.6356675,0.9952534,0.634445,1.1386135,0.82156754,0.72731805,0.7257334,0.4822286,0.9421506,0.57786226,0.8575732,0.85304147,0.4253541,1.6208376,0.38594493,0.92807746,0.38246086,1.0770862,0.39236733,0.9339428,0.5549867,1.2091453,0.554408,1.6387196,0.77219206,1.0895305,0.77661496
74,0.66581684,0.6935324,0.7164079,0.6622849,1.4594038,0.6282837,0.9567846,0.64365256,1.0053747,0.78550345,0.7020844,0.6918982,0.4971455,0.9105744,1.6262238,0.72493774,0.8299622,0.421586,1.3752267,0.40556577,0.8837139,0.38343674,1.0340481,0.39634675,0.9004447,0.62239724,1.1548576,0.5719316,1.5298996,0.7315955,0.97796345,0.78110373
75,0.6456584,0.6922529,1.5137768,0.642732,1.2951075,0.6172399,0.8847346,0.64639455,0.86124843,0.8025438,0.6337828,0.6980668,0.45968112,0.89609265,1.2288755,0.71991634,0.82410604,0.4247029,1.2630893,0.38987803,2.1151078,0.33591837,1.0287799,0.39805433,1.9831686,0.5819573,1.1495492,0.6211265,1.4723216,0.85240924,0.9194717,0.7453901
76,0.5947767,0.6977487,1.1937597,0.63755643,1.1172086,0.5866871,0.8545796,0.62191945,0.7646496,0.8206808,0.6499901,0.74461436,0.41018757,0.89890176,1.0690175,0.7339404,2.264864,0.37232387,1.15847,0.39091468,1.5975803,0.3263077,0.9600943,0.40003005,1.5681578,0.46101546,1.1148524,0.55311817,1.4218742,0.78277206,0.9279581,0.7953364
77,0.5780826,0.6882709,1.0244033,0.6567634,1.0737597,0.622075,0.8408148,0.6580202,0.6950147,0.7996002,0.6343843,0.7584617,0.4046125,0.9590914,0.93223006,0.7534053,1.7671229,0.3634215,1.1064479,0.40350652,1.3397303,0.33534768,0.9136842,0.40180582,1.3489437,0.5406532,1.0538119,0.55939436,1.3723085,0.94330126,2.5421438,0.7213368
78,0.54527444,0.7246839,0.9947633,0.63729435,0.98697644,0.63717526,0.82614845,0.6388029,0.6492627,0.8139055,0.5704484,0.7118263,0.38007224,0.89841527,0.88969666,0.79675823,1.4841869,0.36988965,0.9864022,0.41297802,1.2327131,0.33113155,0.8573148,0.39634618,1.2742985,0.5443353,2.0776699,0.5729687,1.3240585,0.85383433,2.0714283,0.7631732
79,0.5015737,0.72979164,0.8748566,0.6354869,0.983148,0.62486863,0.8343936,0.64923817,0.6282511,0.83854264,0.5874208,0.70683527,1.2078847,0.8078068,0.7939695,0.75599694,1.3077307,0.3674265,0.94194514,0.41194803,1.1192114,0.33265537,2.2124944,0.36427498,1.190185,0.48154917,1.6010181,0.5097527,1.2792832,0.83793086,1.8150824,0.6402106
80,0.49216202,0.74077094,0.8206166,0.6351394,0.8903777,0.617162,0.74507546,0.66113615,0.54975075,0.7930737,1.6794208,0.6239315,0.8850877,0.8214405,0.77354884,0.7481904,1.1728444,0.37833425,0.9075331,0.41668597,1.0696723,0.33724803,1.6826972,0.35404348,1.1127756,0.5150148,1.5336548,0.5877221,1.1942651,0.79269797,1.7037798,0.7062183
81,1.5250192,0.65246373,0.8281538,0.6437701,0.8660557,0.6042609,0.75839746,0.62523276,0.53167903,0.81576705,1.2918576,0.63904834,0.76601565,0.8463569,0.68588144,0.74850947,1.126886,0.3837462,0.904973,0.41357973,1.0357795,0.3394758,1.3851197,0.36233333,1.0407089,0.6307705,1.3421476,0.5673572,1.1695524,0.80915576,1.5102702,0.7702976
82,1.0774864,0.6587316,0.7610747,0.64973634,0.8396631,0.6570679,0.74851346,0.6608659,0.5066076,0.8434916,1.1013818,0.6729247,0.6621012,0.855991,0.6208791,0.7510719,1.0520084,0.37489897,0.83950293,0.41546082,0.9700863,0.3517753,1.2901663,0.36673695,1.0058674,0.59823346,1.267193,0.5924158,1.994994,0.8394347,1.441829,0.7606976
83,0.9424371,0.68307805,0.73921466,0.6480056,0.8292116,0.6141827,0.7169661,0.63873684,0.48897812,0.81646836,0.9691658,0.62664574,0.607587,0.87475693,0.59408337,0.76490724,0.9603603,0.38098013,2.0149667,0.3524342,0.9112495,0.3366529,1.22094,0.35760227,0.9617895,0.5195498,1.1584864,0.52597666,1.7263321,0.7944921,1.3996232,0.7026446
84,0.80398774,0.6519224,0.7421004,0.63562316,0.7540204,0.6079704,0.69643897,0.6726089,0.47697133,0.83628005,0.92948264,0.6344481,0.5443964,0.861314,0.6430837,0.76233566,0.9609797,0.39157727,1.5335284,0.3532902,0.9160797,0.34557888,1.0773307,0.35644642,0.9282797,0.48927,1.1070516,0.52142876,1.5507337,0.8040641,1.2658617,0.71847355
85,0.78744197,0.6508056,0.67647487,0.6506392,0.7821896,0.65238225,0.6521514,0.68197465,1.3591424,0.7284697,0.80868465,0.69474417,0.50883555,0.91436267,0.5569819,0.76836854,0.96605676,0.3795337,1.2508404,0.36453196,0.8459032,0.34571755,1.1483376,0.37223452,0.8586117,0.54556817,1.1316072,0.53798413,1.4395665,0.8015743,1.212268,0.7633277
86,0.66590756,0.6442736,0.66583204,0.65853363,0.760209,0.6086744,0.7729226,0.6679978,1.0026021,0.7811556,0.7402734,0.6719896,0.50289875,0.8446777,1.4809458,0.6873201,0.84472716,0.3992307,1.2322724,0.35188705,0.8116278,0.3466196,0.98073363,0.36075753,0.85125285,0.53985065,0.9962194,0.5538636,1.3855008,0.7641115,1.1640313,0.72739244
87,0.6200311,0.65744615,0.62092793,0.64634633,1.2551821,0.6032588,1.3402311,0.72490484,0.91014594,0.763004,0.7933785,0.6600778,0.4488394,0.91279,1.1275243,0.6932673,0.8311563,0.38595945,1.0792236,0.3555855,2.0851169,0.3167441,0.9358243,0.3669012,1.8905627,0.4857606,0.9945482,0.559348,1.288502,0.8088439,1.0918217,0.64247775
88,0.586409,0.66704416,0.6073717,0.65732455,1.0151287,0.6121008,1.1489911,0.65993553,0.7444135,0.8210899,0.6604746,0.64314926,0.42429003,0.865615,0.9185693,0.7578434,2.2309752,0.341829,0.99403423,0.3610164,1.6031884,0.3121909,0.89131236,0.37063843,1.4270229,0.4993301,0.92901677,0.5435858,1.2340424,0.7742999,1.1030396,0.77123857
89,0.5673205,0.6515266,0.63591754,0.6529488,0.9426326,0.6332257,0.95896196,0.6725753,0.6958658,0.7902036,0.6473445,0.6592485,0.39135686,0.9600418,0.8332167,0.71984506,1.6297759,0.34170806,0.9328447,0.35853502,1.3857052,0.32380223,0.8754006,0.363897,1.2922099,0.5005867,0.9072568,0.5668246,1.1842059,0.7668949,1.0124496,0.7615484
90,0.57617646,0.65118146,0.58043873,0.6462972,0.8699359,0.62669533,0.97222733,0.64315844,0.6890606,0.79144704,0.5833069,0.69139975,1.0549035,0.8154193,0.76501036,0.6948336,1.4099472,0.3318878,0.9488593,0.3623639,1.2410789,0.3147884,0.8104255,0.3678073,1.1726377,0.47456494,1.8226912,0.5927465,1.164937,0.7329561,2.1611638,0.7285062
91,0.51915014,0.6607606,1.1782905,0.64085096,0.8345321,0.62975997,0.8589418,0.67850375,0.5886965,0.7914954,1.5487815,0.6376753,0.9141785,0.90160793,0.68710935,0.72294766,1.2119933,0.3292296,0.8699066,0.3734649,1.1260859,0.31206948,2.1054626,0.31924084,1.0840001,0.534337,1.4551165,0.65080935,1.1261572,0.8341548,1.782659,0.6631118
92,0.5351232,0.66598696,0.8854553,0.6381926,0.7717324,0.6726432,0.81805646,0.64877874,0.60385066,0.84573585,1.3116058,0.7969553,0.7606277,0.8377979,0.64403796,0.7021698,1.1083702,0.3364792,0.7772656,0.36408973,1.0385369,0.31746262,1.6340942,0.3141358,1.105613,0.5587185,1.2948393,0.5477174,1.0557073,0.8241619,1.5276039,0.71868426
93,0.4726914,0.65676725,0.8547041,0.64133006,0.77451706,0.62075704,0.8069672,0.69904953,0.5366532,0.81909,1.0188487,0.5960855,0.5846044,0.8565731,0.6548298,0.7641227,1.0323149,0.3332641,0.875241,0.3792094,0.9727556,0.32963774,1.3543171,0.3154353,0.9752993,0.5101857,1.2078216,0.5781426,1.0364137,0.8213309,1.3983554,0.647381
94,0.42756665,0.66404885,0.7960011,0.6404513,0.7340676,0.63216865,0.7827464,0.67787325,0.55946636,0.7987218,0.9680184,0.61120415,0.5152957,0.8657254,0.5615891,0.7141077,0.9898686,0.34745035,0.7300753,0.3665572,0.93794405,0.32179907,1.2511528,0.31003258,0.97069037,0.5140506,1.1733984,0.567155,1.0311518,0.87820214,1.2743932,0.7299811
95,0.45759952,0.6860378,0.7518594,0.63690627,0.7043404,0.6528027,0.75829154,0.66559905,0.5153793,0.78969145,0.8330217,0.6167729,0.47072527,0.84062743,0.55609065,0.741527,0.9283582,0.33806056,0.7008813,0.3730684,0.8733433,0.31823424,1.191246,0.3292813,0.85800403,0.51032406,1.213268,0.56776774,0.9963622,0.76207066,1.2124444,0.66349
96,0.43067044,0.67858636,0.7007233,0.6376627,0.6784493,0.67076564,0.7392522,0.6954568,1.3614237,0.73677754,0.77119255,0.59676117,0.46288648,0.8418156,0.49623698,0.7321539,0.90834194,0.3303495,0.69991004,0.39573136,0.8706752,0.31482583,1.133662,0.32452816,0.8783545,0.5494983,0.99721056,0.5805967,0.9665929,0.8037434,1.166411,0.73487186
97,1.4682359,0.6166085,0.62255675,0.6479361,0.6743966,0.6332122,0.7568158,0.6596302,1.1032317,0.8116471,0.7030894,0.6295483,0.3890092,0.85951686,1.4045233,0.65700454,0.9581564,0.335049,2.1189842,0.31528306,0.8094777,0.31763154,0.9837741,0.3252503,0.80695367,0.5007223,0.95211005,0.5359126,0.9140929,0.7865159,1.0830724,0.6673951
98,0.9859421,0.6210412,0.6537223,0.6693778,1.0539789,0.63842505,0.65311164,0.6534313,0.99672776,0.7736874,0.68197197,0.5992523,0.39526203,0.8644215,1.0028111,0.72756916,0.8339512,0.34140643,1.4999903,0.317957,0.7833223,0.31663784,0.9953289,0.31923518,0.80727595,0.5026716,0.9144864,0.6052261,0.9240008,0.8682272,1.0514177,0.7173111
99,0.96958196,0.6081877,0.6022184,0.643017,0.84764564,0.61581606,0.70089203,0.65337014,0.8472401,0.77060723,0.65469897,0.6415179,0.3740625,0.86186737,0.8187456,0.6573207,0.7893042,0.32749516,1.2557452,0.32208,0.76053464,0.3225661,0.89622384,0.326498,0.74606127,0.5777673,0.90674657,0.5492973,0.87041575,0.8605846,0.9840547,0.7620768
100,0.76752627,0.6092903,0.588246,0.65543914,0.85643923,0.6451694,0.64043576,0.649245,0.723239,0.7320332,0.6002944,0.6327248,0.3468082,0.85734206,0.7684051,0.6996621,0.7447145,0.3442998,1.1722766,0.32030421,0.7247059,0.31930095,0.86129045,0.3197939,0.7246054,0.53641087,0.8437233,0.5416329,0.84827435,0.9427139,0.98561877,0.7424034
101,0.7201235,0.6446739,0.59923255,0.66047394,0.7496755,0.5896863,1.0682297,0.6655397,0.6754015,0.77713376,0.58460546,0.65636075,1.1988995,0.7646387,0.63205034,0.6832407,0.7663762,0.3385082,1.0362102,0.31492078,0.6881938,0.3243054,0.7998356,0.32653058,1.8571409,0.43047,0.854133,0.56500393,1.8154185,0.8084794,0.9454155,0.7257158
102,0.6363044,0.62162,0.58585566,0.6414838,0.71463037,0.629291,0.90385145,0.6528486,0.605255,0.75199866,0.55629444,0.62188417,0.8130394,0.7787234,0.61085665,0.7521996,0.6997078,0.35311368,0.939515,0.32306668,2.1851978,0.28650144,0.81297636,0.32480064,1.434809,0.4883645,0.9167115,0.56429726,1.5314035,0.82179993,0.92181194,0.6577152
103,0.6002252,0.624337,0.54621595,0.6533197,0.71444005,0.5908052,0.83022916,0.6819653,0.6035876,0.7621163,0.6785272,0.6338383,0.6971345,0.79448473,0.93206704,0.67805254,0.70549124,0.3437085,0.8915906,0.32182306,1.6367359,0.28634948,0.7581311,0.32311124,1.2449594,0.46800223,0.7958502,0.55769527,1.3884759,0.8385972,0.85179865,0.73973686
104,0.55708843,0.62770617,0.5642783,0.6366464,0.6439793,0.6166673,0.7839942,0.6623235,0.5309917,0.7856666,1.3855497,0.5837226,0.60510963,0.7908566,0.5941905,0.715809,0.6673638,0.35828087,0.8094392,0.32532096,1.3641449,0.28332427,0.7105752,0.33116052,1.1667788,0.4620635,0.7721851,0.6310289,1.2926918,0.87487864,1.972491,0.7068484
105,0.5305833,0.6293019,0.54621625,0.66939366,0.62910753,0.61754256,0.6880393,0.65411496,0.5309302,0.78187895,1.0958664,0.5665706,0.5287992,0.77765423,0.51400745,0.6787052,0.66601807,0.37502825,0.8176367,0.33927038,1.20351,0.28279963,2.1024172,0.2970264,1.049812,0.48965728,0.73387253,0.54269445,1.1707112,0.7947289,1.5600009,0.63406503
106,0.51624316,0.6512795,0.5258449,0.65689814,0.5955622,0.61447936,0.71269107,0.69298095,0.4710967,0.77188236,0.90504867,0.587621,0.5051587,0.8032939,0.46495125,0.70118856,0.636896,0.33572495,0.7402276,0.3260692,1.1314155,0.28490385,1.5269966,0.29387996,0.99329025,0.44785312,0.72263443,0.61422145,1.1297538,0.8296828,1.3768551,0.6600596
107,0.4794332,0.6427929,0.5109444,0.65956485,0.58790267,0.6483845,0.6628227,0.6543369,0.47965902,0.8293839,0.7668919,0.5845703,0.4546416,0.8052046,0.48498097,0.7526228,0.6032758,0.3481574,0.74267924,0.32126942,0.9864824,0.289755,1.3076856,0.29220265,0.96480227,0.48336554,0.7289922,0.58019805,1.103801,0.84042466,1.2566198,0.67071587
108,0.45969158,0.6444979,0.47854114,0.6434667,0.56887114,0.624152,0.6148697,0.6442778,0.48457032,0.7989722,0.7275918,0.5871424,0.41387734,0.8484851,1.649033,0.6267501,0.59237915,0.3482813,0.6522093,0.34131038,0.92892665,0.28802517,1.1101711,0.28869423,0.86089176,0.42398697,1.7951515,0.57321984,1.0312814,0.87787884,1.1664116,0.743693
109,0.43305543,0.6748656,0.45644838,0.64881957,0.6074452,0.6246329,0.6039828,0.6679949,0.43085182,0.76222664,0.6591246,0.6034822,0.41858125,0.82655144,1.111866,0.60928476,0.5709051,0.34582967,0.6585045,0.33291376,0.9071331,0.28832933,0.9926438,0.29332218,0.8586963,0.45204017,1.3561279,0.57088137,1.0067314,0.8696397,1.1030854,0.7318895
110,1.2128049,0.60280967,0.5033558,0.65018904,0.555397,0.6260451,0.6370447,0.65787786,0.39674237,0.7917691,0.6424382,0.6130523,0.37393478,0.79277885,0.9176603,0.621009,2.272602,0.2863022,0.62242204,0.3339549,0.83650905,0.28882852,0.9424418,0.29296982,0.83763045,0.46004483,1.229466,0.5095362,0.9429155,0.8241264,1.0849223,0.6862093
111,0.8754804,0.61178,0.45901948,0.6471637,0.52202755,0.63275224,0.6127726,0.68279266,1.282455,0.71968234,0.7731324,0.5807403,0.36420083,0.84199184,0.7909437,0.6432626,1.6275803,0.3871388,0.67331296,0.32169732,0.80789346,0.29464564,0.8825919,0.29746154,0.7664986,0.5259489,1.1012614,0.5732255,0.92513627,0.82014984,1.0060842,0.6831992
112,0.7464995,0.6005168,0.44511625,0.65000504,0.905047,0.65663254,0.55780196,0.71422845,0.9521719,0.71024626,0.5643141,0.6167237,1.205397,0.75798035,0.8181093,0.64332086,1.460548,0.30208,2.0186121,0.28719997,0.7824741,0.2882111,0.8834319,0.29658878,0.753648,0.4975229,1.0786781,0.53044116,0.9144994,0.7602828,0.98723567,0.72521514
113,0.61607766,0.6186348,0.43449524,0.648784,0.7400992,0.58776623,0.53637135,0.6461916,0.7699975,0.7218607,0.53885907,0.5932913,0.9733509,0.7711538,0.6190386,0.63458323,1.2473427,0.28423667,1.4512037,0.2861616,0.72230995,0.29021898,0.78650755,0.3063694,0.7168265,0.4437722,0.9819813,0.5633139,0.875976,0.8861044,0.92818815,0.726732
114,0.6166461,0.612888,0.4569438,0.6538227,0.6798481,0.6256401,0.5160433,0.6741349,0.6739597,0.70827514,0.5090892,0.60318553,0.7127938,0.760201,0.6018028,0.6494224,1.1052847,0.29364017,1.2417561,0.2881416,0.7230236,0.29766962,0.8573652,0.29839206,0.72796667,0.46215993,0.8952925,0.5832866,0.87571454,0.85734355,0.8861036,0.71860355
115,0.5257569,0.61358845,0.94947195,0.6250363,0.6190482,0.63459116,0.5597621,0.6556768,0.60387224,0.73032314,0.50647014,0.6135432,0.6458518,0.75086683,0.5659162,0.6497401,1.0122405,0.28876352,1.0564507,0.28647622,0.68248934,0.2867415,0.7300438,0.29570392,0.665849,0.5479653,0.9005747,0.5849015,0.82512325,0.84660685,0.8953757,0.6597512
116,0.5098334,0.6111673,0.72545856,0.6340893,0.6101077,0.61349833,0.4959224,0.6582292,0.5621902,0.75196433,1.5284805,0.54411477,0.558341,0.7708941,0.5651939,0.64696443,0.9585053,0.2916653,0.9844473,0.2984855,2.03131,0.2722296,0.6867831,0.29698908,0.65385133,0.5369828,0.84331816,0.58388644,0.79546356,0.81360716,1.7549269,0.7198407
117,0.44393846,0.6146837,0.6758324,0.6378974,0.5709217,0.63206756,0.5156272,0.661527,0.5622194,0.69952077,1.25261,0.5311007,0.5619957,1.0125448,0.52309656,0.64870256,0.8858915,0.29745483,0.89664525,0.29455793,1.4535868,0.26581335,1.0028429,0.30433378,0.63046205,0.49618503,0.79868025,0.51846373,0.7900988,0.8679992,1.410082,0.6937601
118,0.43293348,0.6156037,0.61918706,0.64713526,0.5743186,0.628112,0.4792664,0.6793435,0.46598363,0.7724794,1.1005955,0.5316728,0.5245087,0.77359945,0.6230832,0.6242252,0.82447386,0.29878792,0.87008953,0.28962126,1.2892983,0.26493144,0.6680841,0.30170017,0.6183634,0.52873456,0.76113087,0.5415149,0.75273085,0.82488537,1.2485576,0.69826347
119,0.4230366,0.6173624,0.59216195,0.6559336,0.55234724,0.6308754,1.0189793,0.6514513,0.4657931,0.7431636,0.8472328,0.54154205,0.5190317,0.7838884,0.5562795,0.65053046,0.88635075,0.29576632,0.8090136,0.30384022,1.1398336,0.26028803,2.006353,0.2769834,1.7957623,0.5147303,0.7606463,0.5300786,0.7374604,0.86388814,1.1779071,0.65227145
120,0.42466366,0.6311262,0.560114,0.6353635,0.6101516,0.6176727,0.83533007,0.6633017,0.44677454,0.7293743,0.76303315,0.5758669,0.44380304,0.7988524,1.2597891,0.5989389,0.7671872,0.2916694,0.7179747,0.28811327,1.0136023,0.2699315,1.5269833,0.27481228,1.3768746,0.40701672,0.736857,0.5866488,0.7346116,0.76992756,1.1116295,0.69820845
121,0.40584934,0.653162,0.5572282,0.65001696,0.5264733,0.61652994,0.75983685,0.65016866,0.43607455,0.7487435,0.7116488,0.5646582,0.42878854,0.8135977,0.8805996,0.67337203,0.7325727,0.30070302,0.71606004,0.2936257,0.9373651,0.27037802,1.3280346,0.2702851,1.2090278,0.49686798,1.6836088,0.502838,0.7159652,0.9305066,1.0059855,0.667966
122,0.39763743,0.6404362,0.50349087,0.6535645,0.501484,0.63489026,0.69205004,0.6696381,0.44315985,0.74943894,0.64399785,0.55028087,0.39396307,0.78393686,0.77746814,0.6193633,0.71125245,0.30436608,0.67953247,0.29565984,0.8828932,0.26414704,1.192747,0.27682307,1.1186131,0.49949288,1.2233865,0.5769362,0.68738526,0.887035,0.945817,0.6312954
123,1.5559464,0.55512506,0.5360838,0.6454079,0.5056294,0.6076972,0.68181396,0.6527782,0.39739802,0.75095755,0.60347456,0.56046164,0.3906883,0.78330815,0.6404493,0.61408716,0.67950195,0.29964882,0.6454919,0.2969821,0.87887454,0.2645583,1.0635763,0.27966982,0.9630993,0.4643882,1.0760996,0.5261179,1.6515633,0.8350329,0.93068177,0.6678989
124,1.0989306,0.5780718,0.49975833,0.6618046,0.7481028,0.6171223,0.6264011,0.64871085,0.36748865,0.7760533,0.59561586,0.5646403,0.3450614,0.79470325,0.61340386,0.6524065,2.034659,0.27559775,1.9507924,0.27961496,0.7936296,0.2823859,0.932976,0.27519634,0.91012657,0.44752052,0.97364473,0.53798157,1.3109566,0.8364668,0.86845446,0.69639474
125,0.8788481,0.5667013,0.48485786,0.6479944,0.6775942,0.6169695,0.61852753,0.65257615,0.3567637,0.7689684,0.5587259,0.5669714,0.3622121,0.8161041,0.5656718,0.6425799,1.4188794,0.27323905,1.3964005,0.255668,0.7496622,0.26741287,0.9157147,0.2702555,0.8810481,0.4780008,0.98413444,0.5540185,1.1606491,0.7597642,0.83254236,0.62447584
126,0.7688511,0.61226434,0.8021495,0.6310798,0.5889249,0.6651218,0.6020577,0.6454082,0.35592866,0.78047633,0.51992136,0.57621926,1.1233333,0.7515357,0.50092584,0.6309482,1.2187083,0.26945373,1.1764691,0.26066303,0.7309882,0.26727858,0.8580073,0.27664572,0.8348925,0.46990535,0.89898837,0.55403054,1.0666754,0.8395487,0.8264806,0.71217024
127,0.6445535,0.5896818,0.67624134,0.64225364,0.56619596,0.621391,0.57156193,0.6746705,0.33877194,0.79433745,0.5239859,0.5763541,0.7553365,0.770945,0.47095862,0.64263284,1.0830406,0.2695118,1.018605,0.2590622,0.66596884,0.2719607,0.79163426,0.26871994,0.77348065,0.47233716,0.8733509,0.5198202,0.9824587,0.8389172,0.80630136,0.6691874
128,0.61810404,0.61480683,0.5744384,0.63752973,0.5578458,0.6239865,0.59026587,0.6625153,1.0951722,0.68407834,,,0.65649813,0.77402276,0.46088174,0.6513953,0.9608872,0.2752933,0.9171504,0.26307863,0.68386114,0.2726581,0.7738958,0.27223113,0.73496115,0.48483923,0.7913783,0.53007436,0.9342464,0.9776726,0.7732948,0.6934563
129,0.59852463,0.58972925,0.58863026,0.61966425,0.4907393,0.64037776,0.53543204,0.66136664,0.76185,0.6947362,,,0.5344317,0.77137953,0.45701593,0.65452516,0.90977645,0.27173522,0.90210223,0.26368567,0.67114794,0.27227858,0.69722545,0.28075564,0.7318067,0.48672318,0.77302945,0.53255373,0.9031435,0.79743224,0.82589644,0.6897751
130,0.56367135,0.58995974,0.51814145,0.67238337,0.5129102,0.6444523,0.5502648,0.6691242,0.6663723,0.6960376,,,0.47918954,0.77982384,0.3973254,0.6159069,0.8588937,0.2748915,0.81398576,0.2723653,1.8141271,0.2537722,0.70844334,0.27504674,0.68501437,0.50848293,0.7230174,0.5980203,0.8514147,0.893875,0.74276465,0.70586234
131,0.5579702,0.611202,0.51172394,0.6289033,0.46887597,0.6418843,0.5090654,0.6716446,0.5444187,0.6923243,,,0.43756407,0.7530991,,,0.8044078,0.27202752,0.7289358,0.26410052,1.3283942,0.25391117,0.6637642,0.27617088,1.6141891,0.5214599,0.7266764,0.5226194,0.8817782,0.8782031,0.7203438,0.71047056
132,0.4900769,0.61620533,0.4721391,0.6314092,0.48887655,0.6171155,0.51525813,0.6863282,0.5033736,0.71552855,,,0.46873865,0.77037096,,,0.74280643,0.2779154,0.7355437,0.2693759,1.2030622,0.2551601,0.6511428,0.27702767,1.3468125,0.4711811,1.3884875,0.5603635,0.7658286,0.84995896,0.6752835,0.7082135
133,0.47655034,0.594965,0.4982344,0.6312133,0.46776655,0.6447935,0.51528364,0.67482036,0.46609986,0.7468925,,,0.40070316,0.7892649,,,0.73639816,0.27832785,0.66517293,0.26958272,1.0429441,0.25670254,0.6121156,0.27981693,1.1179823,0.5075945,1.1025537,0.54704505,0.75803125,0.9136837,0.6793184,0.69884425
134,1.101151,0.5398959,0.4550526,0.6487434,0.45228565,0.61900264,0.49138317,0.67071944,0.4277032,0.694621,,,0.40028092,0.77949005,,,0.66650146,0.27460986,0.7118079,0.2689056,0.9513202,0.25330135,0.6192574,0.28509253,1.0201986,0.48268113,0.97015095,0.5317138,0.75579697,0.89244705,0.6707036,0.69141614
135,0.7426913,0.55512893,0.47901765,0.6422615,0.43413976,0.6166769,0.5126907,0.67379045,0.43003184,0.6980722,,,0.35600042,0.7746137,,,0.6755433,0.2775925,0.6286435,0.29067928,0.90383375,0.25550982,0.570682,0.2825336,0.9425321,0.44844356,0.8840427,0.5233602,0.7339139,0.788153,0.6436725,0.7214196
136,0.71654296,0.5708851,0.42308444,0.6519171,0.4463536,0.6266306,0.46319264,0.7106061,0.38267577,0.71084315,,,0.4633638,0.78805655,,,0.62102944,0.2789923,,,0.8305166,0.25609314,0.60254323,0.28033802,0.9746586,0.50965255,0.83452576,0.55306715,1.52258,0.79621184,1.8431317,0.64270616
137,0.5700084,0.5704226,0.43732315,0.6357521,0.40963286,0.6354655,0.9627229,0.6507659,0.3981508,0.7039685,,,,,,,1.9078903,0.26178408,,,0.7862194,0.25937614,0.56835127,0.27899882,0.8371273,0.5289669,0.855994,0.53144485,1.2104868,0.8135859,1.4359037,0.73281205
138,0.5396745,0.55808884,0.41467452,0.6378566,0.46764386,0.6376712,0.75323653,0.6639455,0.3716104,0.7512403,,,,,,,1.3506778,0.24994332,,,0.7457641,0.25581288,1.9567456,0.24401782,0.81256944,0.5123504,0.75547105,0.53313106,1.067508,0.8098234,1.2111225,0.7081738
139,0.47673723,0.552535,0.38087687,0.6452688,0.3955792,0.6116412,0.7203568,0.6608675,1.0975063,0.6675807,,,,,,,1.1577449,0.25362992,,,0.722815,0.26068053,1.4549959,0.24737206,0.77795714,0.49850768,0.72569346,0.54023045,0.9869185,0.87726235,1.0834502,0.7377869
140,0.46808377,0.574328,0.7544837,0.63227254,0.42106843,0.6462904,0.6195252,0.6584645,0.80201983,0.67251736,,,,,,,1.0338275,0.25105986,,,0.6841661,0.25615543,1.2528816,0.24796885,0.7308648,0.425641,0.708231,0.53741455,0.9434546,0.87867284,1.0062501,0.68197507
141,0.43859974,0.5733333,0.61089325,0.6332475,0.40268803,0.6444517,0.5929994,0.6662083,0.67479813,0.70115143,,,,,,,0.96486235,0.2507087,,,0.6610906,0.2630408,1.0895103,0.24652082,0.76512164,0.5329416,0.67590064,0.5607028,0.8996963,0.8692688,0.9331452,0.6365039
142,0.48259503,0.56834954,0.6442106,0.62370765,0.37643102,0.6629772,0.5915211,0.664651,0.6505753,0.6950521,,,,,,,0.87628835,0.2553254,,,0.6400661,0.25904182,0.92820215,0.25159267,0.7187511,0.4670101,0.66762394,0.5395234,0.86439896,0.8652688,0.86523455,0.65166956
143,0.42175114,0.586538,0.52432996,0.63169533,0.39173025,0.6236564,0.53081155,0.69071996,0.55263335,0.6643321,,,,,,,0.8595755,0.25452924,,,0.62743896,0.2636702,0.8594551,0.25084916,0.6752034,0.46503776,0.6107864,0.5344125,0.81929696,0.8656628,0.9148342,0.63711727
144,0.38177896,0.58016163,0.4904757,0.6332112,0.3539745,0.6134514,0.52015454,0.6488996,0.5506295,0.68608296,,,,,,,0.77964014,0.26181516,,,0.6156637,0.26242065,0.7948437,0.248199,0.62217045,0.48920137,0.62423414,0.5312043,0.82818234,0.8368838,0.79761386,0.7154004
145,,,0.46690184,0.640365,0.36938727,0.6065258,0.5221904,0.67406607,0.48617396,0.6915376,,,,,,,0.7533304,0.25838158,,,,,0.7608677,0.24746165,0.65397865,0.5462326,0.59208363,0.5424113,0.7552985,0.84164786,0.7896285,0.6925924
146,,,0.44151264,0.6351955,0.3839725,0.6347339,0.5159937,0.66425633,0.45712444,0.68550074,,,,,,,0.72562975,0.25317064,,,,,0.72003245,0.25050673,0.5844565,0.5438054,,,0.73770237,0.86311567,0.75473493,0.67564994
147,,,0.46177825,0.62006044,0.34896824,0.6350207,0.4784135,0.6578437,0.44081774,0.6938321,,,,,,,0.6828477,0.2562234,,,,,0.67459244,0.25100502,0.5882194,0.4638613,,,1.2617886,0.8542997,0.7478653,0.71447104
148,,,0.42607868,0.6507823,0.35172418,0.623748,0.51572937,0.6645312,0.4250638,0.7092119,,,,,,,0.7119147,0.26303312,,,,,0.6614418,0.2517473,0.5546246,0.4937493,,,1.0092387,0.81057423,0.6952819,0.69107944
149,,,0.44782043,0.63924074,0.35691676,0.6524969,0.44654763,0.66939294,0.4067617,0.6879683,,,,,,,,,,,,,,,0.5538732,0.50374186,,,0.9198835,0.8378563,0.6725514,0.6553311
150,,,0.390501,0.62903136,0.35656756,0.6190846,0.5136397,0.67066664,0.3959522,0.68880147,,,,,,,,,,,,,,,0.5483753,0.5099121,,,0.8928713,0.8774638,0.6660741,0.6748979
151,,,0.4202606,0.63985926,0.3383848,0.62932026,0.4436785,0.6673748,0.36223277,0.703274,,,,,,,,,,,,,,,,,,,0.7862413,0.85841256,0.63910353,0.69308597
152,,,0.38920382,0.65565705,0.33869094,0.64168006,0.43070117,0.65867597,0.35279918,0.6942625,,,,,,,,,,,,,,,,,,,0.7807573,0.83681935,1.5811832,0.6890079
153,,,0.39364442,0.6410366,0.33420026,0.6374573,0.4486915,0.6631957,0.34139425,0.6931642,,,,,,,,,,,,,,,,,,,0.73160595,0.81254,1.2731957,0.6743358
154,,,0.36072862,0.6271614,0.8242845,0.6070246,0.40419385,0.6839021,,,,,,,,,,,,,,,,,,,,,0.7046776,0.90189123,1.0685743,0.6666465
155,,,0.3894597,0.6545017,0.6542034,0.60526717,0.80284667,0.64351946,,,,,,,,,,,,,,,,,,,,,0.70004195,0.82170415,0.97132,0.6392839
156,,,0.36658645,0.6407436,0.5540179,0.61451083,0.6509523,0.6621514,,,,,,,,,,,,,,,,,,,,,0.64275694,0.8591078,0.92242634,0.70230424
157,,,0.8415189,0.6383937,0.54844,0.6369323,0.5941696,0.6252001,,,,,,,,,,,,,,,,,,,,,0.6458533,0.7698187,0.8367599,0.7095105
158,,,,,0.49388754,0.604168,0.5465539,0.65292406,,,,,,,,,,,,,,,,,,,,,0.6454719,0.9373105,0.82528263,0.7049599
159,,,,,0.5108533,0.6249975,0.5276607,0.662407,,,,,,,,,,,,,,,,,,,,,0.59530795,0.93814987,0.790615,0.6684796
160,,,,,0.46840516,0.6014879,0.5135132,0.65493786,,,,,,,,,,,,,,,,,,,,,0.60696256,0.86214995,0.7530763,0.6795992
161,,,,,0.4741613,0.6286185,0.5157028,0.65513945,,,,,,,,,,,,,,,,,,,,,0.57257557,0.86890495,0.7342007,0.68615
162,,,,,0.41519728,0.6320132,0.47348386,0.66778004,,,,,,,,,,,,,,,,,,,,,0.61017275,0.8323789,0.7266251,0.6989111
163,,,,,0.41743675,0.64107573,0.47327298,0.67618144,,,,,,,,,,,,,,,,,,,,,0.54827815,0.85621494,0.7098886,0.7182842
164,,,,,0.39230835,0.6456928,0.44605827,0.68995476,,,,,,,,,,,,,,,,,,,,,0.5381952,0.8551565,0.67582273,0.7104861
165,,,,,0.4090946,0.6241454,0.4499781,0.68067545,,,,,,,,,,,,,,,,,,,,,0.53704005,0.8247865,0.6470254,0.7110221
166,,,,,0.46268815,0.6476263,0.4233002,0.65840137,,,,,,,,,,,,,,,,,,,,,0.53662366,0.8858389,1.4769224,0.7206208
167,,,,,0.379068,0.6536499,0.44048452,0.673594,,,,,,,,,,,,,,,,,,,,,0.51427,0.79509175,1.1253659,0.70087534
168,,,,,0.37707642,0.6392122,,,,,,,,,,,,,,,,,,,,,,,,,0.9536112,0.68545926
169,,,,,0.3613782,0.6256205,,,,,,,,,,,,,,,,,,,,,,,,,0.8827501,0.65878856
170,,,,,0.36854866,0.64087415,,,,,,,,,,,,,,,,,,,,,,,,,0.81415623,0.6544169
171,,,,,,,,,,,,,,,,,,,,,,,,,,,,,,,0.80356616,0.6759219
172,,,,,,,,,,,,,,,,,,,,,,,,,,,,,,,0.74500966,0.62757945
173,,,,,,,,,,,,,,,,,,,,,,,,,,,,,,,0.76026696,0.69263464
174,,,,,,,,,,,,,,,,,,,,,,,,,,,,,,,0.66127884,0.67531943
175,,,,,,,,,,,,,,,,,,,,,,,,,,,,,,,0.69304466,0.6628679
176,,,,,,,,,,,,,,,,,,,,,,,,,,,,,,,0.6348652,0.71315795
177,,,,,,,,,,,,,,,,,,,,,,,,,,,,,,,0.6268597,0.6616667
178,,,,,,,,,,,,,,,,,,,,,,,,,,,,,,,0.59829676,0.68110037
179,,,,,,,,,,,,,,,,,,,,,,,,,,,,,,,0.58013785,0.69624835
180,,,,,,,,,,,,,,,,,,,,,,,,,,,,,,,0.56677663,0.7428944
181,,,,,,,,,,,,,,,,,,,,,,,,,,,,,,,0.57494265,0.7150802
182,,,,,,,,,,,,,,,,,,,,,,,,,,,,,,,0.5621005,0.6720059
