,spatial None PL train,spatial None PL val,spatial X_st rnd d_c train,spatial X_st rnd d_c val,spatial X_st min d_c train,spatial X_st min d_c val,spatial X_st max d_c train,spatial X_st max d_c val,spatial X_st avg d_c train,spatial X_st avg d_c val,"spatial X_(t,s) rnd d_c train","spatial X_(t,s) rnd d_c val","spatial X_(t,s) min d_c train","spatial X_(t,s) min d_c val","spatial X_(t,s) max d_c train","spatial X_(t,s) max d_c val","spatial X_(t,s) avg d_c train","spatial X_(t,s) avg d_c val","spatial Y_hat_(t,s) rnd d_c train","spatial Y_hat_(t,s) rnd d_c val","spatial Y_hat_(t,s) min d_c train","spatial Y_hat_(t,s) min d_c val","spatial Y_hat_(t,s) max d_c train","spatial Y_hat_(t,s) max d_c val","spatial Y_hat_(t,s) avg d_c train","spatial Y_hat_(t,s) avg d_c val","spatial Y_(t,s) rnd d_c train","spatial Y_(t,s) rnd d_c val","spatial Y_(t,s) min d_c train","spatial Y_(t,s) min d_c val","spatial Y_(t,s) max d_c train","spatial Y_(t,s) max d_c val","spatial Y_(t,s) avg d_c train","spatial Y_(t,s) avg d_c val"
t_iter_avg,16.7,16.7,300.6,300.6,292.7,292.7,250.3,250.3,241.4,241.4,345.8,345.8,373.9,373.9,413.6,413.6,327.5,327.5,387.5,387.5,331.9,331.9,322.7,322.7,316.6,316.6,287.8,287.8,287.4,287.4,300.8,300.8,294.4,294.4
budget_usage,0.8030905077262693,0.8030905077262693,0.4759381898454746,0.4759381898454746,0.45827814569536424,0.45827814569536424,0.3823399558498896,0.3823399558498896,0.3789551140544518,0.3789551140544518,0.7476085356880059,0.7476085356880059,0.7038999264164827,0.7038999264164827,0.5713024282560707,0.5713024282560707,0.6484179543782193,0.6484179543782193,0.4650478292862399,0.4650478292862399,0.46387049300956584,0.46387049300956584,0.3615894039735099,0.3615894039735099,0.4032376747608536,0.4032376747608536,0.42295805739514347,0.42295805739514347,0.26269315673289184,0.26269315673289184,0.2440029433406917,0.2440029433406917,0.2669610007358352,0.2669610007358352
sensor_usage,1.0,1.0,1.0,1.0,1.0,1.0,0.6153846153846154,0.6153846153846154,0.5692307692307692,0.5692307692307692,1.0,1.0,1.0,1.0,1.0,1.0,1.0,1.0,1.0,1.0,1.0,1.0,0.9692307692307692,0.9692307692307692,0.9538461538461539,0.9538461538461539,1.0,1.0,0.7384615384615385,0.7384615384615385,0.7230769230769231,0.7230769230769231,0.7384615384615385,0.7384615384615385
streamtime_usage,0.975609756097561,0.975609756097561,1.0,1.0,1.0,1.0,1.0,1.0,1.0,1.0,1.0,1.0,0.975609756097561,0.975609756097561,0.975609756097561,0.975609756097561,0.975609756097561,0.975609756097561,1.0,1.0,0.975609756097561,0.975609756097561,0.975609756097561,0.975609756097561,1.0,1.0,1.0,1.0,0.975609756097561,0.975609756097561,0.975609756097561,0.975609756097561,0.975609756097561,0.975609756097561
test_loss,0.32417417,0.32417417,0.2799050509929657,0.2799050509929657,0.24340352416038513,0.24340352416038513,0.6095320582389832,0.6095320582389832,0.6074507236480713,0.6074507236480713,0.16677381098270416,0.16677381098270416,0.1987665295600891,0.1987665295600891,0.23067866265773773,0.23067866265773773,0.2041502445936203,0.2041502445936203,0.10571553558111191,0.10571553558111191,0.12720434367656708,0.12720434367656708,0.1333063542842865,0.1333063542842865,0.12283891439437866,0.12283891439437866,0.17479810118675232,0.17479810118675232,0.3327142298221588,0.3327142298221588,0.3469511568546295,0.3469511568546295,0.3007732927799225,0.3007732927799225
RF_loss,0.6071892,0.6071892,0.6071891784667969,0.6071891784667969,0.6071891784667969,0.6071891784667969,0.6071891784667969,0.6071891784667969,0.6071891784667969,0.6071891784667969,0.6071891784667969,0.6071891784667969,0.6071891784667969,0.6071891784667969,0.6071891784667969,0.6071891784667969,0.6071891784667969,0.6071891784667969,0.6071891784667969,0.6071891784667969,0.6071891784667969,0.6071891784667969,0.6071891784667969,0.6071891784667969,0.6071891784667969,0.6071891784667969,0.6071891784667969,0.6071891784667969,0.6071891784667969,0.6071891784667969,0.6071891784667969,0.6071891784667969,0.6071891784667969,0.6071891784667969
cand_subsample_rate,,,1.0,1.0,1.0,1.0,1.0,1.0,1.0,1.0,1.0,1.0,1.0,1.0,1.0,1.0,1.0,1.0,1.0,1.0,1.0,1.0,1.0,1.0,1.0,1.0,1.0,1.0,1.0,1.0,1.0,1.0,1.0,1.0
points_percluster_rate,,,1.0,1.0,1.0,1.0,1.0,1.0,1.0,1.0,1.0,1.0,1.0,1.0,1.0,1.0,1.0,1.0,1.0,1.0,1.0,1.0,1.0,1.0,1.0,1.0,1.0,1.0,1.0,1.0,1.0,1.0,1.0,1.0
0,0.7423937916755676,0.590634822845459,1.9296289682388306,0.34243932366371155,2.0205535888671875,0.34054550528526306,1.7771786451339722,0.38749679923057556,1.955657958984375,0.38148200511932373,1.0827573537826538,0.3768217861652374,1.0491658449172974,0.5239436030387878,1.2192127704620361,0.3961169421672821,1.2266032695770264,0.39477553963661194,1.4669328927993774,0.6546550393104553,1.4670448303222656,0.7103338241577148,1.5354551076889038,0.7122789025306702,1.526123046875,0.7030407190322876,2.6882383823394775,0.40366217494010925,2.5261569023132324,0.3976407051086426,2.7582218647003174,0.5507906079292297,2.748383045196533,0.43607643246650696
1,0.4571159780025482,0.6293094754219055,0.899564266204834,0.3322594463825226,0.939714252948761,0.32768309116363525,0.8549495935440063,0.37950849533081055,0.9701247215270996,0.3752948045730591,0.6823768019676208,0.3472026586532593,0.6715455055236816,0.37008634209632874,0.742009699344635,0.3929120898246765,0.7399160265922546,0.3281855285167694,1.0799729824066162,0.5003361701965332,1.0630955696105957,0.6353194117546082,1.1138129234313965,0.6867427229881287,1.1556962728500366,0.6438155770301819,1.8740441799163818,0.3104844093322754,1.724904179573059,0.4083879590034485,1.8361444473266602,0.5204338431358337,1.8416553735733032,0.35342228412628174
2,0.34537363052368164,0.42988210916519165,0.8108270764350891,0.3268222212791443,0.8576281666755676,0.3247034251689911,0.7911295294761658,0.3726707696914673,0.8442690968513489,0.37515023350715637,0.5873647928237915,0.3325146734714508,0.5841434001922607,0.3308267891407013,0.6338177919387817,0.3447621166706085,0.639076828956604,0.31900057196617126,0.9515475034713745,0.4927259385585785,0.9394515752792358,0.6053438186645508,0.9841881990432739,0.6854057312011719,1.023376703262329,0.5915953516960144,1.6847450733184814,0.259965717792511,1.566306710243225,0.41338521242141724,1.6629787683486938,0.4055198132991791,1.7144279479980469,0.3767741024494171
3,0.3180025815963745,0.3503994643688202,0.7259981036186218,0.32280638813972473,0.7589311599731445,0.3301152288913727,0.6447502970695496,0.37945011258125305,0.7548973560333252,0.37975218892097473,0.4987007677555084,0.3182339072227478,0.4920200705528259,0.33641669154167175,0.5705968737602234,0.334695965051651,0.5430006384849548,0.3420593738555908,0.8859681487083435,0.4670676290988922,0.8675057291984558,0.5295788645744324,0.8940407633781433,0.6740980744361877,0.953857958316803,0.56598961353302,1.565065860748291,0.29475724697113037,1.446379542350769,0.4182368516921997,1.6062555313110352,0.4282536804676056,1.5888540744781494,0.3276667892932892
4,0.2996777296066284,0.3489435911178589,0.6596719026565552,0.33319342136383057,0.6939369440078735,0.3226286470890045,0.6389833688735962,0.3961556851863861,0.6870790123939514,0.3745534420013428,0.4774397909641266,0.32040029764175415,0.4654541015625,0.3396630585193634,0.5082740783691406,0.3087463676929474,0.5170197486877441,0.3138050436973572,0.7789405584335327,0.40873196721076965,0.7680329084396362,0.5503830313682556,0.8218134641647339,0.6652655005455017,0.8581845164299011,0.5499495267868042,1.475399136543274,0.3680509030818939,1.3799995183944702,0.39076554775238037,1.493630051612854,0.3894302248954773,1.5294601917266846,0.39401254057884216
5,0.2444526106119156,0.38003167510032654,0.5900437831878662,0.3314553499221802,0.6546943187713623,0.31646928191185,0.5847923755645752,0.3772144317626953,0.6422993540763855,0.38640955090522766,0.4343865215778351,0.33476898074150085,0.4490034580230713,0.3467843532562256,0.4703978896141052,0.3338071405887604,0.4723876714706421,0.3187636137008667,0.7070294618606567,0.3783760964870453,0.7118006348609924,0.5348396301269531,0.7507680654525757,0.6615505814552307,0.7686139941215515,0.511178731918335,1.3785921335220337,0.3395242989063263,1.333660364151001,0.3631274402141571,1.4395861625671387,0.39721426367759705,1.492460012435913,0.3001728653907776
6,0.24671295285224915,0.33279359340667725,0.5676395297050476,0.31780511140823364,0.588021993637085,0.32908108830451965,0.526151180267334,0.39564579725265503,0.5408163070678711,0.39961737394332886,0.3970860540866852,0.3318008780479431,0.4031420350074768,0.33556893467903137,0.4598935842514038,0.3274901509284973,0.45173612236976624,0.3142458200454712,0.6697474122047424,0.3040936291217804,0.6761395335197449,0.5498059988021851,0.6861438155174255,0.6665136218070984,0.7112659811973572,0.42223745584487915,1.3558557033538818,0.2686116099357605,1.274796485900879,0.3727528750896454,1.3982867002487183,0.3758578300476074,1.449217438697815,0.3075620234012604
7,0.23800164461135864,0.37840643525123596,0.5065117478370667,0.36360031366348267,0.5415694713592529,0.30875834822654724,0.4380585849285126,0.3948231339454651,0.535009503364563,0.4006068706512451,0.3771475851535797,0.3288606107234955,0.3710555136203766,0.3310498893260956,0.42549023032188416,0.3262310028076172,0.4315735399723053,0.31093236804008484,0.5846672654151917,0.30044490098953247,0.6180931925773621,0.47937217354774475,0.6086447238922119,0.6678146719932556,0.6762818098068237,0.4214790165424347,1.29141366481781,0.3144659101963043,1.2378957271575928,0.3727469742298126,1.351096510887146,0.3173982799053192,1.3878294229507446,0.3514724373817444
8,0.20051422715187073,0.35761407017707825,0.44235357642173767,0.32736441493034363,0.48201948404312134,0.31206685304641724,0.42481523752212524,0.3802306354045868,0.5019543766975403,0.38187313079833984,0.35855820775032043,0.3216732442378998,0.37069201469421387,0.3436102569103241,0.39629971981048584,0.3223174512386322,0.4081580340862274,0.3100436329841614,0.5848364233970642,0.29467931389808655,0.5695970058441162,0.3717688024044037,0.6149347424507141,0.6482851505279541,0.5738885402679443,0.38830143213272095,1.2639341354370117,0.39143744111061096,1.172622561454773,0.49013638496398926,1.3190187215805054,0.3920552134513855,1.3279838562011719,0.32516810297966003
9,0.20333580672740936,0.37030118703842163,0.45169317722320557,0.32972535490989685,0.46651262044906616,0.31771665811538696,0.43466752767562866,0.4020029306411743,0.44047075510025024,0.4027499556541443,0.33960676193237305,0.3150770664215088,0.3536481559276581,0.3516876995563507,0.37657883763313293,0.34834474325180054,0.37627941370010376,0.30638551712036133,0.5014581084251404,0.33761584758758545,0.5010762810707092,0.4237177073955536,0.5454457402229309,0.6413995027542114,0.5683993697166443,0.48366454243659973,1.227350115776062,0.25277650356292725,1.1341745853424072,0.42952218651771545,1.26315438747406,0.42109543085098267,1.315389633178711,0.38972586393356323
10,0.18733258545398712,0.3763861358165741,0.43165525794029236,0.33306562900543213,0.4291117489337921,0.31402677297592163,0.3636368215084076,0.4009582996368408,0.4161670207977295,0.41094645857810974,0.30710235238075256,0.34462791681289673,0.3379882574081421,0.35435739159584045,0.3747827410697937,0.3244428336620331,0.3638990819454193,0.3074537217617035,0.4756969213485718,0.30748987197875977,0.4790361821651459,0.39350625872612,0.5165704488754272,0.6384553909301758,0.5401594042778015,0.41444846987724304,1.1851325035095215,0.27962526679039,1.100447654724121,0.4735126495361328,1.249564528465271,0.3773457407951355,1.2478210926055908,0.35162803530693054
11,0.18831174075603485,0.37434878945350647,0.3971549868583679,0.3197343051433563,0.40848100185394287,0.34204959869384766,0.36037734150886536,0.402054101228714,0.3807627856731415,0.4009527862071991,0.3028070628643036,0.33380571007728577,0.3346710205078125,0.33314579725265503,0.33661264181137085,0.33494722843170166,0.36139872670173645,0.30256035923957825,0.44425779581069946,0.32287725806236267,0.4405421316623688,0.41143888235092163,0.4691489040851593,0.6377905607223511,0.4823668301105499,0.42362263798713684,1.1312838792800903,0.25117743015289307,1.0795912742614746,0.40229740738868713,1.189493179321289,0.4132421612739563,1.2410035133361816,0.3812222182750702
12,0.17337068915367126,0.40074601769447327,0.3765287399291992,0.3281517028808594,0.36697059869766235,0.32325613498687744,0.3460482656955719,0.38463854789733887,0.3680575489997864,0.40485596656799316,0.29936668276786804,0.32123133540153503,0.3210810124874115,0.3557356894016266,0.3286578953266144,0.33196336030960083,0.32541510462760925,0.32129451632499695,0.43232735991477966,0.3225610554218292,0.42910534143447876,0.37844136357307434,0.4436527490615845,0.6433933973312378,0.4685952663421631,0.46757015585899353,1.1228474378585815,0.2786790430545807,1.0416796207427979,0.4171561300754547,1.182557463645935,0.3913007378578186,1.190948247909546,0.3456452190876007
13,0.1754448115825653,0.36308082938194275,0.36085766553878784,0.32848355174064636,0.3685341477394104,0.35489869117736816,0.5280393362045288,0.37893781065940857,0.352230429649353,0.42126327753067017,0.2683256268501282,0.3389376103878021,0.5461815595626831,0.3088874816894531,0.3178805410861969,0.33023321628570557,0.314703106880188,0.3168478310108185,0.3932103216648102,0.32994669675827026,0.38335245847702026,0.6735495328903198,0.41175201535224915,0.639750063419342,0.4477800726890564,0.5093080997467041,1.0569182634353638,0.26095983386039734,0.9954449534416199,0.397888720035553,1.133974313735962,0.41552186012268066,1.16451895236969,0.3062141537666321
14,0.1478518694639206,0.39309871196746826,0.35935449600219727,0.34141021966934204,0.35217633843421936,0.32108500599861145,0.46974045038223267,0.39306196570396423,0.3417275846004486,0.38481488823890686,0.2518223226070404,0.3494230806827545,0.43842166662216187,0.3165767192840576,0.2825792729854584,0.3853444457054138,0.3031924366950989,0.32024946808815,0.3928665816783905,0.31245872378349304,0.3807884752750397,0.37594684958457947,0.3897008001804352,0.6542675495147705,0.4007001519203186,0.36879879236221313,1.0508135557174683,0.32673153281211853,0.9756929278373718,0.43044209480285645,1.0936436653137207,0.4390137493610382,1.1112220287322998,0.3537760376930237
15,0.15005308389663696,0.35389360785484314,0.3215736746788025,0.34996142983436584,0.3281160593032837,0.33943110704421997,0.42102208733558655,0.38817721605300903,0.5935754776000977,0.4440029561519623,0.24156439304351807,0.3495967984199524,0.3992338180541992,0.30457985401153564,0.5281890630722046,0.31121301651000977,0.2922728955745697,0.3299473524093628,0.36157774925231934,0.3557419180870056,0.3736031651496887,0.366504043340683,0.39007627964019775,0.6550771594047546,0.38123026490211487,0.44742268323898315,1.0145807266235352,0.2941114604473114,0.9353427886962891,0.45408281683921814,1.063424825668335,0.37526583671569824,1.0845143795013428,0.3137029707431793
16,0.14917467534542084,0.35977551341056824,0.29657140374183655,0.345635324716568,0.3167963922023773,0.33504462242126465,0.37500977516174316,0.39861470460891724,0.48618894815444946,0.3709668517112732,0.2540847361087799,0.3381612300872803,0.37819209694862366,0.2964021861553192,0.4688211679458618,0.29337257146835327,0.2761560082435608,0.3187149465084076,0.3662620186805725,0.3164886236190796,0.34407559037208557,0.4064827561378479,0.3619747757911682,0.6594226956367493,0.3875512480735779,0.4481947720050812,0.9650441408157349,0.34411126375198364,1.1988815069198608,0.3400188684463501,1.0658022165298462,0.43518543243408203,1.25819993019104,0.29202747344970703
17,0.4032245874404907,0.33873674273490906,0.6547291874885559,0.3068290948867798,0.3046763241291046,0.33555832505226135,0.34990954399108887,0.39166995882987976,0.41537120938301086,0.38895469903945923,0.21402908861637115,0.37776294350624084,0.33955448865890503,0.33720991015434265,0.39459851384162903,0.30655959248542786,0.265556275844574,0.33577960729599,0.3341737389564514,0.33336159586906433,0.3198206126689911,0.5041441321372986,0.3351402282714844,0.6513938307762146,0.3245190680027008,0.3850642144680023,0.9489054679870605,0.28531762957572937,1.08318030834198,0.4009268879890442,1.0011755228042603,0.5082391500473022,1.1668487787246704,0.29820746183395386
18,0.31798750162124634,0.3674955368041992,0.5183393955230713,0.28930556774139404,0.6173498630523682,0.2741034924983978,0.33672022819519043,0.40722060203552246,0.37975725531578064,0.3988933861255646,0.23229467868804932,0.34732353687286377,0.30812695622444153,0.32183846831321716,0.3741398751735687,0.30484333634376526,0.23531073331832886,0.3232806921005249,0.3254573345184326,0.3808322250843048,0.31135210394859314,0.4140978753566742,0.31685322523117065,0.6447255611419678,0.34515804052352905,0.38697031140327454,0.9249480366706848,0.29985901713371277,1.0405900478363037,0.29953885078430176,1.2122749090194702,0.27335503697395325,1.116002082824707,0.3246334493160248
19,0.2664438784122467,0.3102617859840393,0.45563316345214844,0.3028385639190674,0.5038692355155945,0.2775290906429291,0.29612770676612854,0.38895371556282043,0.33933719992637634,0.3705894649028778,0.1949400007724762,0.3429900109767914,0.31359562277793884,0.31418323516845703,0.35276854038238525,0.31401869654655457,0.23617251217365265,0.33659276366233826,1.1770076751708984,0.22225509583950043,0.3097948133945465,0.43652570247650146,0.3410876989364624,0.6379849910736084,0.3167058825492859,0.38720086216926575,0.8875770568847656,0.30021315813064575,1.004594087600708,0.382488876581192,1.1293203830718994,0.3263700008392334,1.0736762285232544,0.35941001772880554
20,0.26831504702568054,0.3255876898765564,0.41264089941978455,0.3033865690231323,0.4674602150917053,0.2777213752269745,0.285081148147583,0.4029742479324341,0.31807300448417664,0.40492263436317444,0.6727427840232849,0.2892378568649292,0.29118210077285767,0.31805360317230225,0.34495988488197327,0.2974339425563812,0.22315002977848053,0.3414374887943268,0.9384298920631409,0.20847368240356445,0.2719959616661072,0.37105536460876465,0.30412358045578003,0.6448278427124023,0.2956337332725525,0.4447825253009796,0.8522111177444458,0.2739969491958618,0.9397381544113159,0.4111909568309784,1.04997718334198,0.3719630837440491,1.0591939687728882,0.29853880405426025
21,0.22175034880638123,0.32669633626937866,0.37123599648475647,0.30486050248146057,0.3943520188331604,0.2759430408477783,0.2720717787742615,0.39742377400398254,0.3017474114894867,0.4152713119983673,0.5353565812110901,0.28294873237609863,0.26091548800468445,0.3262042999267578,0.3134755790233612,0.2996101677417755,0.2073577493429184,0.3372437357902527,0.8671303987503052,0.20191773772239685,0.27616554498672485,0.3993813097476959,0.28998252749443054,0.692158043384552,0.29305118322372437,0.3797248601913452,0.8279147148132324,0.286138653755188,0.9030531048774719,0.41415536403656006,1.0210274457931519,0.3673439919948578,0.9995927214622498,0.33816489577293396
22,0.21409595012664795,0.31989046931266785,0.3522772192955017,0.3007180094718933,0.36447492241859436,0.273163765668869,0.2590963542461395,0.4219762682914734,0.30427977442741394,0.37404853105545044,0.4912375509738922,0.2859530746936798,0.26071980595588684,0.3107623755931854,0.28287163376808167,0.29659005999565125,0.6068772673606873,0.3010289967060089,0.8056811094284058,0.22276751697063446,0.2763740122318268,0.41541334986686707,1.7325533628463745,0.37199336290359497,0.2793589234352112,0.4806337058544159,1.160218596458435,0.2662960886955261,0.8623833656311035,0.36468541622161865,0.9932244420051575,0.3237554132938385,0.9638643860816956,0.3287322521209717
23,0.19665615260601044,0.34107524156570435,0.3213599622249603,0.3088458180427551,0.3367179334163666,0.2918197512626648,0.24798662960529327,0.423918217420578,0.2830652594566345,0.3850286602973938,0.4190106689929962,0.3073831796646118,0.2483159303665161,0.3293379247188568,0.27643540501594543,0.32942894101142883,0.5104511380195618,0.28497928380966187,0.7708920836448669,0.20969852805137634,0.24096129834651947,0.38875913619995117,1.3431764841079712,0.36220860481262207,0.2798849642276764,0.419257253408432,1.0377979278564453,0.29385867714881897,0.8348591327667236,0.39744654297828674,0.9725499749183655,0.4622531533241272,0.9308041334152222,0.32733088731765747
24,0.17127487063407898,0.3781948387622833,0.29682159423828125,0.31753215193748474,0.3077351152896881,0.28237369656562805,0.4592505991458893,0.39108794927597046,0.25611862540245056,0.4196782410144806,0.3872779607772827,0.3267996609210968,0.23242612183094025,0.3357725143432617,0.2653767764568329,0.3125847280025482,0.4412757456302643,0.3129632771015167,0.7095385789871216,0.2076299637556076,0.2367972582578659,0.5853651762008667,1.2126342058181763,0.21101516485214233,0.2496417611837387,0.38869529962539673,0.9822444915771484,0.2533537447452545,0.8076084852218628,0.36381712555885315,0.9088338017463684,0.35552650690078735,0.9228793382644653,0.2998292148113251
25,0.18481652438640594,0.38278210163116455,0.28416353464126587,0.31440529227256775,0.30177879333496094,0.299783855676651,0.376360684633255,0.40801069140434265,0.2535487413406372,0.39509034156799316,0.3516083359718323,0.2850431799888611,0.2151738405227661,0.3415578305721283,0.2542916536331177,0.303866982460022,0.4071277379989624,0.3113178014755249,0.6608149409294128,0.23341217637062073,0.2259308099746704,0.4188865125179291,1.1126799583435059,0.2833636999130249,1.407955288887024,0.24273765087127686,0.9033662676811218,0.29281625151634216,0.7609771490097046,0.4155075252056122,0.8881383538246155,0.3570120930671692,0.8884395360946655,0.36981093883514404
26,0.1526581048965454,0.3993518352508545,0.273354172706604,0.32922106981277466,0.27556470036506653,0.2946344017982483,0.32318878173828125,0.39900580048561096,0.2326350212097168,0.386274129152298,0.32631248235702515,0.31239137053489685,0.21640993654727936,0.3889973759651184,0.23369212448596954,0.3103858530521393,0.36524027585983276,0.29231753945350647,0.6463675498962402,0.2091025859117508,1.2883530855178833,0.23773454129695892,1.0893954038619995,0.2639937996864319,1.1298867464065552,0.2183281034231186,0.899508535861969,0.25156518816947937,0.7266751527786255,0.3728356659412384,0.8453633189201355,0.3378387689590454,0.8207017779350281,0.3782046139240265
27,0.1707768738269806,0.33904239535331726,0.2789415717124939,0.3253321647644043,0.2841002345085144,0.2965770661830902,0.27948132157325745,0.42810097336769104,0.2356366664171219,0.4356577694416046,0.3165770471096039,0.2961426377296448,0.5936616063117981,0.3686385750770569,0.6342805624008179,0.3062872290611267,0.34239208698272705,0.3060488700866699,0.608684241771698,0.21619611978530884,0.9839946031570435,0.21808834373950958,1.009143352508545,0.2541612386703491,0.9963189363479614,0.21387450397014618,0.8449028730392456,0.2736455500125885,0.6836574673652649,0.3260926902294159,0.8273032903671265,0.48158136010169983,1.0633589029312134,0.41427186131477356
28,0.13514533638954163,0.35779672861099243,0.222140833735466,0.3205297887325287,0.27444007992744446,0.29480698704719543,0.2651989758014679,0.46940043568611145,0.23677939176559448,0.41813409328460693,0.29477840662002563,0.2921116352081299,0.5147959589958191,0.2833578586578369,0.4852185547351837,0.267255574464798,0.32373544573783875,0.3140789270401001,0.5737970471382141,0.214552104473114,0.9152701497077942,0.21354961395263672,0.984157919883728,0.2354613095521927,0.9265100359916687,0.2175416350364685,0.821120023727417,0.2616492807865143,0.6706024408340454,0.4152611792087555,0.7862086296081543,0.36054012179374695,0.9412160515785217,0.2739224135875702
29,0.1409386694431305,0.34758564829826355,0.4285339117050171,0.29184216260910034,0.244021937251091,0.30604416131973267,0.28538021445274353,0.44564712047576904,0.21414409577846527,0.39872851967811584,0.2646512985229492,0.30367887020111084,0.4566482901573181,0.2967536747455597,0.43751055002212524,0.2694042921066284,0.29922759532928467,0.3141247630119324,0.5452894568443298,0.2161116749048233,0.8106215596199036,0.21065570414066315,0.9406578540802002,0.25695720314979553,0.898595929145813,0.22432081401348114,0.7734159827232361,0.23450516164302826,1.0031038522720337,0.3925240933895111,0.9928698539733887,0.3425583243370056,0.9101727604866028,0.2524494528770447
30,0.36391395330429077,0.3017062544822693,0.3379308581352234,0.2788064181804657,0.2409684807062149,0.30603936314582825,0.2348651885986328,0.4235503077507019,0.3870217800140381,0.3828480541706085,0.2627100944519043,0.31964313983917236,0.4003092050552368,0.2886587083339691,0.41192230582237244,0.2812567353248596,0.292529433965683,0.3182225227355957,0.535554051399231,0.21926233172416687,0.7783631086349487,0.22179462015628815,0.8913440704345703,0.2426130175590515,0.8476727604866028,0.21689166128635406,0.732239305973053,0.304174542427063,0.8290109038352966,0.36471861600875854,0.907086968421936,0.3118809461593628,0.8466982245445251,0.2894976735115051
31,0.25103849172592163,0.31236809492111206,0.3247213363647461,0.2862322926521301,0.2371547818183899,0.3057653307914734,0.24292194843292236,0.44412046670913696,0.2860599756240845,0.3801109790802002,0.23003114759922028,0.3230828046798706,0.3587406873703003,0.2905365824699402,0.3805553913116455,0.2845022976398468,0.27045053243637085,0.3054802119731903,0.49855276942253113,0.23957498371601105,0.7301976084709167,0.20884928107261658,0.8714993596076965,0.23096872866153717,0.7747464776039124,0.22806347906589508,0.7072882652282715,0.2785751521587372,0.7815841436386108,0.349833220243454,0.8268826007843018,0.3061816394329071,0.8405779600143433,0.2974117696285248
32,0.21704638004302979,0.3128264248371124,0.2888615131378174,0.2804536819458008,0.22589799761772156,0.31682029366493225,0.21772406995296478,0.431314080953598,0.2700257897377014,0.4115600883960724,0.7467867732048035,0.2534293234348297,0.34286007285118103,0.29400548338890076,0.353166788816452,0.28554102778434753,0.24985860288143158,0.34193819761276245,1.3574634790420532,0.17183013260364532,0.6994410157203674,0.23712685704231262,0.8275878429412842,0.2277374118566513,0.7799315452575684,0.22570128738880157,0.704136848449707,0.2730335593223572,0.7419832944869995,0.3623139560222626,0.824609637260437,0.37637606263160706,0.7873972654342651,0.3087250292301178
33,0.20618364214897156,0.3198945224285126,0.27531594038009644,0.28623712062835693,0.45657703280448914,0.24897833168506622,0.21481050550937653,0.45223355293273926,0.2539442479610443,0.3948781192302704,0.5729209184646606,0.2523411512374878,0.3112311363220215,0.30123066902160645,0.3250914216041565,0.2944973409175873,0.23922781646251678,0.3223413825035095,1.1165708303451538,0.15513448417186737,0.674557089805603,0.20437033474445343,0.775559663772583,0.24807633459568024,0.726795494556427,0.22341321408748627,0.6534589529037476,0.26621225476264954,0.6884916424751282,0.30484190583229065,0.7830052971839905,0.34813839197158813,0.7417880296707153,0.3053344190120697
34,0.1931830793619156,0.33210432529449463,0.26131296157836914,0.2927701771259308,0.37040573358535767,0.25603345036506653,0.20910966396331787,0.463933527469635,0.22591881453990936,0.3901553452014923,0.5010144114494324,0.25726062059402466,0.2881428003311157,0.30195772647857666,0.2981790006160736,0.29400530457496643,0.6248166561126709,0.27101585268974304,1.0145355463027954,0.16174302995204926,0.6374129056930542,0.21966643631458282,0.7909216284751892,0.22247643768787384,0.6902533173561096,0.2167014628648758,0.6367316246032715,0.26293715834617615,0.6651146411895752,0.2979956865310669,0.7284164428710938,0.3645575940608978,0.6889516115188599,0.30519038438796997
35,0.1641424000263214,0.3151744604110718,0.24362754821777344,0.30796992778778076,0.31026917695999146,0.2535829544067383,0.30137184262275696,0.5094448328018188,0.22357571125030518,0.39752498269081116,0.44662389159202576,0.274662584066391,0.2647688388824463,0.31943660974502563,0.2767787277698517,0.30870896577835083,0.47446754574775696,0.29336437582969666,0.9474549293518066,0.16029882431030273,0.6085677742958069,0.22548237442970276,1.2634623050689697,0.21707011759281158,0.6989797353744507,0.22846461832523346,0.6135023832321167,0.25462785363197327,0.6340439915657043,0.3661253750324249,0.7022776007652283,0.32739371061325073,0.6887666583061218,0.34520310163497925
36,0.16648079454898834,0.3271454870700836,0.23604047298431396,0.31973347067832947,0.3038305938243866,0.256126344203949,0.25297072529792786,0.4393385648727417,0.2400045096874237,0.4087983965873718,0.4025842249393463,0.27757737040519714,0.2527902126312256,0.3085468113422394,0.2715192437171936,0.3081198036670685,0.40662938356399536,0.28760549426078796,0.8734971284866333,0.19241584837436676,0.5867182612419128,0.2200510948896408,1.086580514907837,0.1732778549194336,0.632003664970398,0.23919935524463654,0.5830804109573364,0.28795021772384644,0.6204110383987427,0.348812073469162,0.6788119077682495,0.44741159677505493,0.6631283760070801,0.33895301818847656
37,0.15684640407562256,0.37976890802383423,0.22594767808914185,0.31373703479766846,0.2744334638118744,0.25497671961784363,0.23289768397808075,0.4427489936351776,0.20742952823638916,0.39888226985931396,0.37809908390045166,0.2666497528553009,0.22743484377861023,0.3113483488559723,0.2323770523071289,0.2986065149307251,0.3548192083835602,0.290676474571228,0.8548702001571655,0.17157240211963654,0.5601035952568054,0.21380378305912018,0.9892963171005249,0.1725567728281021,0.6318499445915222,0.2293103039264679,0.5700365304946899,0.2522633671760559,0.5682677626609802,0.3515646159648895,0.6584393382072449,0.3768364489078522,0.6072688102722168,0.39587536454200745
38,0.1640208512544632,0.34493154287338257,0.21952512860298157,0.32013946771621704,0.27314239740371704,0.28617721796035767,0.2257106602191925,0.4339880645275116,0.18997050821781158,0.4511120319366455,0.3439561724662781,0.27915918827056885,0.21453259885311127,0.32261282205581665,0.22281919419765472,0.3077205419540405,0.32647305727005005,0.3190903961658478,0.7889822721481323,0.16694815456867218,0.5217077136039734,0.22221778333187103,0.9361251592636108,0.17295339703559875,1.2960001230239868,0.17729906737804413,0.5398706793785095,0.3008941113948822,0.5593375563621521,0.3359915018081665,0.610962450504303,0.4472109079360962,0.6077036261558533,0.3188924789428711
39,0.13796015083789825,0.33230939507484436,0.20499932765960693,0.32842451333999634,0.24883639812469482,0.2774440348148346,0.20754355192184448,0.4387902319431305,0.1898907721042633,0.42454278469085693,0.3279840648174286,0.28639301657676697,0.7327970862388611,0.2623006999492645,0.6877104043960571,0.26298803091049194,0.31077390909194946,0.30201396346092224,0.7622942328453064,0.16412042081356049,0.5003622174263,0.23263154923915863,0.8907479047775269,0.1696045994758606,1.0747874975204468,0.16934652626514435,0.5133486986160278,0.29059797525405884,0.5263819098472595,0.3942364454269409,0.6245890855789185,0.39185911417007446,0.5586420893669128,0.3166753649711609
40,0.135104238986969,0.3344753086566925,0.20727784931659698,0.3620360493659973,0.2475450336933136,0.2803994119167328,0.22464822232723236,0.4977450966835022,0.1911804974079132,0.4259946346282959,0.3023553788661957,0.2703389823436737,0.5523955821990967,0.28006523847579956,0.5170394778251648,0.2638249397277832,0.2684038579463959,0.3138760030269623,0.7344080805778503,0.1747102588415146,0.47821125388145447,0.22727815806865692,0.8233733177185059,0.21208994090557098,0.9969199895858765,0.17632748186588287,0.9581421613693237,0.24349430203437805,0.524647057056427,0.38595134019851685,0.5636858940124512,0.38599520921707153,0.8328056335449219,0.303649365901947
41,0.3800961971282959,0.2923758327960968,0.3489449918270111,0.2973441779613495,0.23109504580497742,0.28045979142189026,0.19271884858608246,0.49028515815734863,0.1903473138809204,0.4034079611301422,0.2724241018295288,0.29952046275138855,0.4829331338405609,0.27564537525177,0.46776190400123596,0.27511706948280334,0.26061302423477173,0.3023456335067749,0.677902340888977,0.17482438683509827,0.4537889361381531,0.23123203217983246,0.7881844639778137,0.1729099005460739,0.9219405055046082,0.1754690408706665,0.7684605121612549,0.20764648914337158,0.4830480217933655,0.3478786051273346,0.5599309206008911,0.4238605201244354,0.7072403430938721,0.3102148771286011
42,0.28774571418762207,0.2984555661678314,0.30205386877059937,0.3050020933151245,0.23135173320770264,0.2824120819568634,0.19907261431217194,0.491570383310318,0.2884179651737213,0.43262362480163574,0.2669049799442291,0.279409259557724,0.43157315254211426,0.2869473993778229,0.43634337186813354,0.27095502614974976,0.23881326615810394,0.30981284379959106,0.6385149359703064,0.16757023334503174,0.4323044419288635,0.24169933795928955,0.7446743845939636,0.17328330874443054,0.8663657307624817,0.18240730464458466,0.7169048190116882,0.21091362833976746,0.46125930547714233,0.34749269485473633,0.8299834132194519,0.38003066182136536,0.6341482400894165,0.3129847049713135
43,0.2603212893009186,0.3093641400337219,0.2709117531776428,0.27886420488357544,0.21819938719272614,0.27475568652153015,0.18569043278694153,0.44669997692108154,0.24312898516654968,0.4093477129936218,0.2623631954193115,0.29164886474609375,0.3865528106689453,0.2873190641403198,0.3908105194568634,0.27561450004577637,0.22105716168880463,0.32538270950317383,0.6044387817382812,0.17819106578826904,0.40598759055137634,0.23708432912826538,0.7184557318687439,0.1758817881345749,0.8175811767578125,0.18652500212192535,0.6466352343559265,0.2275603711605072,0.45611920952796936,0.35680487751960754,0.6833522915840149,0.31737783551216125,0.6301252841949463,0.33367809653282166
44,0.22223879396915436,0.3169182240962982,0.2531445622444153,0.2851182520389557,0.35931307077407837,0.24936921894550323,0.18449987471103668,0.4798966944217682,0.23992885649204254,0.4134162962436676,0.7111350297927856,0.24671566486358643,0.35012340545654297,0.2815936207771301,0.34883907437324524,0.28186458349227905,0.21559996902942657,0.3075436055660248,1.1882187128067017,0.13921667635440826,1.2627183198928833,0.1738869547843933,0.6624053716659546,0.17444895207881927,0.7747098803520203,0.1845875382423401,0.6026276350021362,0.23766635358333588,0.43143489956855774,0.34148404002189636,0.6327556371688843,0.30040451884269714,0.5856601595878601,0.29462406039237976
45,0.20296785235404968,0.3143041133880615,0.23645105957984924,0.2843785285949707,0.30691131949424744,0.24845382571220398,0.1939210593700409,0.5047622919082642,0.22727753221988678,0.43459072709083557,0.537837564945221,0.245248481631279,0.3218805491924286,0.2950703203678131,0.3158363103866577,0.2820374369621277,0.7943094968795776,0.25457367300987244,0.9611285328865051,0.1383819580078125,1.0338480472564697,0.16840779781341553,0.6518476009368896,0.17658762633800507,0.7427290081977844,0.19210775196552277,0.6191418766975403,0.23314224183559418,0.760992705821991,0.29455628991127014,0.5968994498252869,0.34708091616630554,0.5561306476593018,0.29900652170181274
46,0.19560912251472473,0.3047592043876648,0.22374491393566132,0.28645992279052734,0.26108813285827637,0.25098568201065063,0.16742271184921265,0.4962880313396454,0.19391067326068878,0.4516677260398865,0.4779024124145508,0.24644063413143158,0.3043642044067383,0.2959713935852051,0.310739129781723,0.3074292838573456,0.5741856098175049,0.26308661699295044,0.8928642272949219,0.15690746903419495,0.9398542046546936,0.16887739300727844,0.6239110231399536,0.1817641407251358,0.711365818977356,0.18750284612178802,0.5280848741531372,0.24374350905418396,0.6125932931900024,0.293083518743515,0.5906863808631897,0.3891502320766449,0.5573045015335083,0.30831363797187805
47,0.17061357200145721,0.364223837852478,0.21999917924404144,0.30969148874282837,0.25106316804885864,0.2522391378879547,0.1641593724489212,0.5734256505966187,0.18933242559432983,0.46004587411880493,0.40456119179725647,0.24127818644046783,0.27974334359169006,0.30121472477912903,0.2837941646575928,0.29563823342323303,0.46794354915618896,0.2617514133453369,0.8217079639434814,0.13833220303058624,0.8668769598007202,0.16940292716026306,0.5800092816352844,0.1861744374036789,0.6519644856452942,0.20309801399707794,0.5406160950660706,0.25239691138267517,0.5780217051506042,0.3022750914096832,0.5365184545516968,0.36474135518074036,0.4937646985054016,0.34638428688049316
48,0.1767602115869522,0.3256883919239044,0.18899598717689514,0.3231327533721924,0.25633594393730164,0.25738075375556946,0.17072521150112152,0.5419299006462097,0.199334055185318,0.47680699825286865,0.38109374046325684,0.2516685128211975,0.26335692405700684,0.30852824449539185,0.2692883014678955,0.28674161434173584,0.4232088625431061,0.27232712507247925,0.7591999173164368,0.14337386190891266,0.8119737505912781,0.1799841970205307,0.5632671117782593,0.18193599581718445,0.6323840618133545,0.20278578996658325,0.5076218247413635,0.26416921615600586,0.526669979095459,0.3149206042289734,0.5161356329917908,0.34698912501335144,0.4702068567276001,0.2946837842464447
49,0.1536685675382614,0.3454877734184265,0.1968299299478531,0.30452799797058105,0.24052372574806213,0.2634373903274536,0.27474990487098694,0.5592856407165527,0.1768260896205902,0.45018845796585083,0.35548657178878784,0.25295066833496094,0.23418594896793365,0.31322887539863586,0.2555679976940155,0.29118284583091736,0.39570680260658264,0.2768072485923767,0.6872954964637756,0.1417994350194931,0.7583956122398376,0.16898979246616364,0.5326842665672302,0.17845533788204193,0.6032772660255432,0.2032158076763153,0.46543797850608826,0.2514303922653198,0.4984115958213806,0.3052171766757965,0.5050894618034363,0.3464527428150177,0.45763710141181946,0.3228757679462433
50,0.14354822039604187,0.32316499948501587,0.19691941142082214,0.3165681064128876,0.21529719233512878,0.2657875120639801,0.20869050920009613,0.48206737637519836,0.1760583370923996,0.42180874943733215,0.3186458945274353,0.25207608938217163,0.698985755443573,0.24713915586471558,0.6028348207473755,0.2581718862056732,0.3403696119785309,0.2683100402355194,0.6694369316101074,0.1400592029094696,0.7020775675773621,0.16897201538085938,0.9869422912597656,0.1608751267194748,1.0260307788848877,0.1634780466556549,0.47676777839660645,0.25280311703681946,0.48811522126197815,0.3371024429798126,0.4649164080619812,0.34471458196640015,0.4467667043209076,0.3414144814014435
51,0.1275869905948639,0.3542146682739258,0.1944541186094284,0.32811325788497925,0.21160714328289032,0.27284425497055054,0.20866693556308746,0.5919638872146606,0.17665012180805206,0.4305931627750397,0.3122471570968628,0.24705737829208374,0.4819561541080475,0.24700243771076202,0.48119422793388367,0.25603628158569336,0.32597750425338745,0.2704402208328247,0.6189430356025696,0.15093320608139038,0.6800118684768677,0.16920609772205353,0.7821863889694214,0.15508954226970673,0.8537564873695374,0.16144855320453644,0.43447452783584595,0.2735232710838318,0.43833377957344055,0.34124305844306946,0.46874281764030457,0.3876928687095642,0.443281352519989,0.3515189588069916
52,0.3092307448387146,0.31568479537963867,0.17522819340229034,0.30133405327796936,0.21083013713359833,0.2804596722126007,0.18802711367607117,0.4574570059776306,0.1600201278924942,0.4610758423805237,0.26489871740341187,0.2558704912662506,0.42028069496154785,0.2586044371128082,0.41869568824768066,0.2516986131668091,0.29563987255096436,0.2759762704372406,0.5677727460861206,0.14805002510547638,0.6093985438346863,0.18560455739498138,0.722623348236084,0.16140249371528625,0.7645600438117981,0.15354551374912262,0.7582648992538452,0.19208848476409912,0.42647603154182434,0.30505168437957764,0.43361085653305054,0.34307944774627686,0.3910199701786041,0.3628309965133667
53,0.23799480497837067,0.3291515111923218,0.18991611897945404,0.32338249683380127,0.1929624229669571,0.2812338173389435,0.17761315405368805,0.6134039759635925,0.1621812880039215,0.4304916262626648,0.251201868057251,0.2595981955528259,0.3651774823665619,0.2817454934120178,0.37144580483436584,0.2548360824584961,0.2838732898235321,0.27904343605041504,0.5440305471420288,0.15306629240512848,0.5820780396461487,0.1747475415468216,0.7084815502166748,0.157240629196167,0.695310115814209,0.16173510253429413,0.5854561924934387,0.21463951468467712,0.39055755734443665,0.3466850221157074,0.4300028383731842,0.39118024706840515,0.38760828971862793,0.3671838939189911
54,0.20255887508392334,0.3152303695678711,0.31511861085891724,0.2589092552661896,0.1911100447177887,0.27366507053375244,0.1802266389131546,0.4884817898273468,0.31832605600357056,0.42846250534057617,0.2384851574897766,0.2562444806098938,0.3185558319091797,0.2747386693954468,0.3434380888938904,0.25568902492523193,0.24456417560577393,0.27794650197029114,0.5120064616203308,0.14579664170742035,0.5339486598968506,0.18065066635608673,0.6272978186607361,0.15881963074207306,0.6784471273422241,0.15407413244247437,0.540686309337616,0.2209901511669159,0.4017845690250397,0.2972026765346527,0.4252493679523468,0.38762789964675903,0.37996116280555725,0.3581833839416504
55,0.17096999287605286,0.36822569370269775,0.2576250731945038,0.2620653510093689,0.1866638958454132,0.2824203372001648,0.16296300292015076,0.5759740471839905,0.21147605776786804,0.4668284058570862,0.23120491206645966,0.2590373456478119,0.29194608330726624,0.2531087398529053,0.29752928018569946,0.26452088356018066,0.2427668273448944,0.29181283712387085,0.5021824240684509,0.1510647088289261,0.5024072527885437,0.1894768625497818,0.5983972549438477,0.15399372577667236,0.6098700761795044,0.16785107553005219,0.4900261461734772,0.21987877786159515,0.37335264682769775,0.333368182182312,0.5983469486236572,0.34853294491767883,0.721963107585907,0.26508331298828125
56,0.16821607947349548,0.358508437871933,0.23705387115478516,0.26277056336402893,0.37585777044296265,0.23754943907260895,0.17257633805274963,0.5106742978096008,0.19683364033699036,0.4858102798461914,0.21278858184814453,0.28598642349243164,0.2657427489757538,0.2775658071041107,0.27790364623069763,0.26180335879325867,0.7300467491149902,0.24348962306976318,0.4471309185028076,0.15020760893821716,0.8523215055465698,0.15146031975746155,0.5627691745758057,0.15804199874401093,0.5879520177841187,0.159407839179039,0.4765559136867523,0.24004963040351868,0.36614927649497986,0.31556078791618347,0.5137494206428528,0.3656167984008789,0.5412907600402832,0.29167449474334717
57,0.14713925123214722,0.3401001989841461,0.2384084314107895,0.2808088958263397,0.30299830436706543,0.23920190334320068,0.14912085235118866,0.5277225375175476,0.19300200045108795,0.4326542913913727,0.2042522430419922,0.2608075737953186,0.23462803661823273,0.26052966713905334,0.2630380094051361,0.2651733458042145,0.5225070118904114,0.24656835198402405,0.4463147521018982,0.1502249389886856,0.7139685750007629,0.15203602612018585,0.5227667689323425,0.1573609560728073,0.5463657379150391,0.15618833899497986,0.4394896328449249,0.20256200432777405,0.59864741563797,0.2883024513721466,0.44291210174560547,0.35401350259780884,0.5030702352523804,0.29033204913139343
58,0.13625149428844452,0.3527553677558899,0.20813621580600739,0.2727236747741699,0.26031216979026794,0.24775539338588715,0.1482023298740387,0.5185007452964783,0.18558035790920258,0.5212603807449341,0.7664968371391296,0.2314077913761139,0.2134963870048523,0.27332401275634766,0.23847661912441254,0.267173171043396,0.4195127487182617,0.25766780972480774,0.79441899061203,0.13729548454284668,0.602421224117279,0.1481059044599533,0.5111075639724731,0.1549711674451828,0.5204681158065796,0.16170662641525269,0.4104551672935486,0.2281835824251175,0.48927396535873413,0.33802855014801025,0.43278762698173523,0.3782006800174713,0.46248000860214233,0.2898719906806946
59,0.1237054094672203,0.3462908864021301,0.2090720236301422,0.2739257514476776,0.25719404220581055,0.24366360902786255,0.14405328035354614,0.5832699537277222,0.17379897832870483,0.5050825476646423,0.5714038014411926,0.22070692479610443,0.2033376395702362,0.2897375226020813,0.2214323729276657,0.2645856738090515,0.37686237692832947,0.2358105182647705,0.6634715795516968,0.13432009518146515,0.5539306998252869,0.15317730605602264,0.4812009334564209,0.15708015859127045,0.4855673611164093,0.16851186752319336,0.39272189140319824,0.23226355016231537,0.44869014620780945,0.31584861874580383,0.43154188990592957,0.3685966432094574,0.42773374915122986,0.32511818408966064
60,0.10968412458896637,0.3589637577533722,0.18327204883098602,0.3098701536655426,0.23234042525291443,0.25223520398139954,0.1439606100320816,0.5561519861221313,0.17433308064937592,0.4920744001865387,0.45591750741004944,0.22843505442142487,0.19099251925945282,0.2665167450904846,0.21931245923042297,0.2793048322200775,0.3165651559829712,0.23856619000434875,0.5571703910827637,0.12741482257843018,0.514484703540802,0.1542607694864273,0.4631117880344391,0.15602149069309235,0.46312499046325684,0.18176311254501343,0.3775186836719513,0.24431586265563965,0.40901094675064087,0.26856282353401184,0.3817099928855896,0.3939456343650818,0.41489461064338684,0.32103466987609863
61,0.10950502753257751,0.3595476746559143,0.19138292968273163,0.2951395809650421,0.23051564395427704,0.2563285231590271,0.13117973506450653,0.5513818860054016,0.1637079417705536,0.5072551369667053,0.397248774766922,0.23985283076763153,0.16870234906673431,0.3105177581310272,0.18662646412849426,0.27905014157295227,0.2809058725833893,0.24297596514225006,0.5125474333763123,0.12925875186920166,0.4687348008155823,0.15153932571411133,0.44587844610214233,0.15801531076431274,0.45811784267425537,0.16225390136241913,0.36041998863220215,0.21216163039207458,0.40805235505104065,0.2768058478832245,0.36970895528793335,0.39227378368377686,0.3962794840335846,0.29143866896629333
62,0.09771928191184998,0.35223129391670227,0.16139286756515503,0.3031458854675293,0.208840012550354,0.25502097606658936,0.13527673482894897,0.6110565066337585,0.15665367245674133,0.5345525741577148,0.35455459356307983,0.23026615381240845,0.626417875289917,0.253604531288147,0.18220800161361694,0.27095699310302734,0.27284181118011475,0.26324114203453064,0.4719860851764679,0.1347486525774002,0.44072964787483215,0.15770670771598816,0.42287009954452515,0.15778522193431854,0.4146013855934143,0.16594338417053223,0.3537500500679016,0.22826015949249268,0.3686254620552063,0.3205185830593109,0.3727359473705292,0.3866608142852783,0.368997186422348,0.3108989894390106
63,0.09406572580337524,0.3645104765892029,0.1677718460559845,0.30135810375213623,0.20223547518253326,0.2665925621986389,0.2598346471786499,0.5796931982040405,0.1512959599494934,0.5358113050460815,0.31722331047058105,0.23969705402851105,0.45501482486724854,0.2484395056962967,0.5641458630561829,0.24830634891986847,0.25282618403434753,0.24993720650672913,0.4403432607650757,0.13163386285305023,0.44348275661468506,0.15782727301120758,0.3949914276599884,0.16272777318954468,0.788296639919281,0.14107905328273773,0.6340405941009521,0.21287934482097626,0.34192943572998047,0.3272741734981537,0.3420698940753937,0.33395424485206604,0.34896206855773926,0.29689788818359375
64,0.08768358826637268,0.35311686992645264,0.16597266495227814,0.3309451937675476,0.201778843998909,0.25719237327575684,0.21188576519489288,0.5131739974021912,0.1472378522157669,0.5265259742736816,0.2904587388038635,0.23560088872909546,0.3521668016910553,0.29255548119544983,0.3917748034000397,0.24873872101306915,0.21968820691108704,0.24487444758415222,0.43592000007629395,0.13657847046852112,0.39154964685440063,0.1639062762260437,0.39148658514022827,0.1590610146522522,0.6238439679145813,0.14294056594371796,0.4839646816253662,0.19664987921714783,0.32362261414527893,0.31883230805397034,0.34956488013267517,0.38502204418182373,0.3551204204559326,0.29266729950904846
65,0.288452684879303,0.3126765191555023,0.3076104521751404,0.26354897022247314,0.19125473499298096,0.27230918407440186,0.19394025206565857,0.6329583525657654,0.24499627947807312,0.5442556142807007,0.2588037848472595,0.24413102865219116,0.31664571166038513,0.25731655955314636,0.31269341707229614,0.24843892455101013,0.21860383450984955,0.2567371129989624,0.3894289433956146,0.13988299667835236,0.396077424287796,0.16112683713436127,0.38632383942604065,0.16577531397342682,0.5770473480224609,0.1351320445537567,0.45606884360313416,0.22228993475437164,0.30950629711151123,0.32186567783355713,0.3167310655117035,0.37267372012138367,0.32532134652137756,0.32944637537002563
66,0.20906496047973633,0.3464886248111725,0.24400751292705536,0.2507580518722534,0.17433305084705353,0.26991385221481323,0.16487427055835724,0.6119976043701172,0.21063809096813202,0.5354721546173096,0.2526441514492035,0.23952439427375793,0.26813071966171265,0.2565314471721649,0.2752317786216736,0.24797965586185455,0.1993594616651535,0.2582642436027527,0.3875181972980499,0.13223226368427277,0.3532174527645111,0.16226917505264282,0.7645753026008606,0.14649119973182678,0.5086249709129333,0.13851836323738098,0.41360124945640564,0.20649176836013794,0.32150372862815857,0.29636356234550476,0.3053987920284271,0.3393374979496002,0.5580007433891296,0.2797127068042755
67,0.17039451003074646,0.30750542879104614,0.21118958294391632,0.26396307349205017,0.3150092363357544,0.23895348608493805,0.1608566790819168,0.5145999789237976,0.19016136229038239,0.518853485584259,0.23606398701667786,0.2407505214214325,0.23987089097499847,0.25976642966270447,0.23148854076862335,0.24657176434993744,0.1819494366645813,0.2632959187030792,0.36418062448501587,0.14640457928180695,0.339557021856308,0.1614709049463272,0.6135422587394714,0.14680936932563782,0.4965713620185852,0.13933618366718292,0.38600289821624756,0.20696395635604858,0.28147614002227783,0.282809317111969,0.30431246757507324,0.37406042218208313,0.4371526837348938,0.29151466488838196
68,0.14143702387809753,0.30843979120254517,0.20191742479801178,0.25866878032684326,0.23245391249656677,0.25121358036994934,0.14725567400455475,0.6575973629951477,0.17613430321216583,0.44472071528434753,0.20629151165485382,0.24504703283309937,0.21431134641170502,0.261984646320343,0.2377326339483261,0.2546212375164032,0.18007536232471466,0.2701852321624756,0.3302956223487854,0.14087505638599396,0.31977328658103943,0.159529447555542,0.5486897230148315,0.14736220240592957,0.4594770073890686,0.14851628243923187,0.3605489134788513,0.23443889617919922,0.2891513407230377,0.33606064319610596,0.2933894097805023,0.38828209042549133,0.38190245628356934,0.2863934636116028
69,0.1320088803768158,0.3212360143661499,0.19483482837677002,0.2661985754966736,0.2166568487882614,0.24636361002922058,0.15171930193901062,0.5347480773925781,0.17795152962207794,0.4898536503314972,0.1981590986251831,0.24916578829288483,0.2085786610841751,0.2635214924812317,0.1984327882528305,0.24230818450450897,0.16809813678264618,0.2618705630302429,0.3402881622314453,0.13503029942512512,0.7566320300102234,0.13972784578800201,0.5267581939697266,0.15042734146118164,0.4616912305355072,0.14336052536964417,0.3389345705509186,0.19511106610298157,0.2650343179702759,0.2766394019126892,0.2874916195869446,0.35353124141693115,0.359428733587265,0.2723982632160187
70,0.12168162316083908,0.3249139189720154,0.17179016768932343,0.28179696202278137,0.1997050940990448,0.2549704909324646,0.14046192169189453,0.5574506521224976,0.16432303190231323,0.46197640895843506,0.7299882173538208,0.20847859978675842,0.19356581568717957,0.251587450504303,0.2069278061389923,0.25233376026153564,0.6003807187080383,0.2586650848388672,0.30605781078338623,0.13495895266532898,0.5472657084465027,0.1431809961795807,0.46641531586647034,0.15711438655853271,0.40483060479164124,0.14294391870498657,0.3292773962020874,0.20436418056488037,0.2743287682533264,0.3274385631084442,0.26612454652786255,0.3847796618938446,0.33910638093948364,0.3102215528488159
71,0.10478641837835312,0.32357463240623474,0.17928865551948547,0.3144831955432892,0.18451686203479767,0.27357161045074463,0.13315695524215698,0.5022537708282471,0.16073518991470337,0.5638155937194824,0.5097997784614563,0.20816609263420105,0.17265751957893372,0.25539669394493103,0.18416227400302887,0.25538986921310425,0.431892454624176,0.2141309529542923,0.666545033454895,0.12641845643520355,0.5024667382240295,0.1523701548576355,0.4462304413318634,0.1452372670173645,0.3816791772842407,0.15049901604652405,0.3126930594444275,0.20734691619873047,0.47397828102111816,0.2769579589366913,0.2742998003959656,0.4091838300228119,0.30386099219322205,0.29640883207321167
72,0.10768938064575195,0.3429521322250366,0.1639641523361206,0.27784883975982666,0.182033509016037,0.24926279485225677,0.14021508395671844,0.5010434985160828,0.16892068088054657,0.5067964792251587,0.45342469215393066,0.21067190170288086,0.17053773999214172,0.25459206104278564,0.16498883068561554,0.2574433386325836,0.33465462923049927,0.22009247541427612,0.4895588159561157,0.12326572090387344,0.43714556097984314,0.15116283297538757,0.430850625038147,0.14512193202972412,0.3700351417064667,0.15062874555587769,0.3074033558368683,0.21595393121242523,0.3625524044036865,0.29174870252609253,0.26151010394096375,0.36961156129837036,0.30973806977272034,0.30573558807373047
73,0.10146091133356094,0.3340846002101898,0.1529773473739624,0.29898691177368164,0.171518936753273,0.2600756287574768,0.13566316664218903,0.5754164457321167,0.14295534789562225,0.5253092646598816,0.3952428698539734,0.2089003175497055,0.15113762021064758,0.2650128901004791,0.15098921954631805,0.25579527020454407,0.30149880051612854,0.224126398563385,0.44753292202949524,0.12603779137134552,0.4255436360836029,0.14889726042747498,0.3932027816772461,0.15379281342029572,0.3552919626235962,0.1456376016139984,0.28049910068511963,0.22450169920921326,0.3373427093029022,0.3350561857223511,0.24717028439044952,0.3902985155582428,0.29781821370124817,0.3064451813697815
74,0.09849575906991959,0.3387888967990875,0.15525729954242706,0.28658437728881836,0.17490413784980774,0.26773303747177124,0.12822306156158447,0.5966472625732422,0.15085269510746002,0.4869691729545593,0.32964959740638733,0.21207383275032043,0.7698009014129639,0.22470663487911224,0.15418273210525513,0.263837993144989,0.2694288194179535,0.2409629374742508,0.3944084644317627,0.12486501783132553,0.37625688314437866,0.14824947714805603,0.41851747035980225,0.15787382423877716,0.32762420177459717,0.1463906317949295,0.27723413705825806,0.2113170027732849,0.30429786443710327,0.2815704643726349,0.5379737019538879,0.34908974170684814,0.28135591745376587,0.3205969035625458
75,0.08668574690818787,0.38710594177246094,0.14084689319133759,0.2845560908317566,0.1686866730451584,0.274983286857605,0.11614962667226791,0.6002827286720276,0.14371326565742493,0.4862576425075531,0.29255130887031555,0.22375138103961945,0.5414268970489502,0.2208436131477356,0.15048639476299286,0.27557802200317383,0.23520301282405853,0.23872783780097961,0.3821586072444916,0.12407712638378143,0.36041751503944397,0.14791348576545715,0.35406801104545593,0.1677824705839157,0.322266161441803,0.15286539494991302,0.26984667778015137,0.20201601088047028,0.2751850187778473,0.3664032220840454,0.4231705367565155,0.3825967609882355,0.271003782749176,0.32991668581962585
76,0.08938075602054596,0.3343546688556671,0.15293176472187042,0.2900979220867157,0.1588994711637497,0.29794102907180786,0.11676138639450073,0.5375198125839233,0.14059224724769592,0.5261686444282532,0.2836849093437195,0.22091460227966309,0.4189595580101013,0.22156387567520142,0.1338469386100769,0.24572746455669403,0.22522595524787903,0.22756385803222656,0.3646177649497986,0.12782783806324005,0.3585750162601471,0.15520790219306946,0.3367198407649994,0.15294362604618073,0.6072505116462708,0.13869082927703857,0.2502526044845581,0.20587612688541412,0.2882511615753174,0.3071385324001312,0.3709836006164551,0.3533440828323364,0.263280987739563,0.31099599599838257
77,0.0801272913813591,0.34528979659080505,0.25357508659362793,0.2647910416126251,0.1593533605337143,0.2712002098560333,0.11990674585103989,0.6323487162590027,0.1390632838010788,0.48272380232810974,0.2533167600631714,0.2208750993013382,0.3592180907726288,0.22644975781440735,0.12788502871990204,0.2656152546405792,0.19828030467033386,0.2352057248353958,0.33952829241752625,0.12586651742458344,0.3295707106590271,0.14799517393112183,0.3563465178012848,0.1521967351436615,0.46744927763938904,0.13359420001506805,0.24572384357452393,0.23607772588729858,0.25169262290000916,0.29574769735336304,0.35635557770729065,0.3411857485771179,0.2416614294052124,0.2988665699958801
78,0.3132282495498657,0.29313933849334717,0.2193741500377655,0.26608389616012573,0.3038384020328522,0.2379198968410492,0.11361371725797653,0.5835441946983337,0.13466303050518036,0.4773135781288147,0.2369459867477417,0.2217031717300415,0.31210556626319885,0.2441326528787613,0.13690367341041565,0.250046968460083,0.19174596667289734,0.22818416357040405,0.319783091545105,0.13344566524028778,0.3181969225406647,0.15364396572113037,0.3162468373775482,0.1577991098165512,0.41919293999671936,0.1345074623823166,0.25465238094329834,0.21136638522148132,0.26337265968322754,0.36949434876441956,0.31135794520378113,0.3747234046459198,0.24887339770793915,0.3213692903518677
79,0.20295295119285583,0.2955724596977234,0.18904492259025574,0.2820313572883606,0.23369134962558746,0.23683518171310425,0.11680935323238373,0.663372814655304,0.1883879154920578,0.48212552070617676,0.21835143864154816,0.22074678540229797,0.270382285118103,0.23243139684200287,0.12294778227806091,0.2597307562828064,0.18389317393302917,0.22656826674938202,0.31323543190956116,0.1270473301410675,0.3002289831638336,0.1556757688522339,0.3255368769168854,0.1509130895137787,0.3903749883174896,0.1372293382883072,0.22585716843605042,0.23673628270626068,0.23908774554729462,0.29677921533584595,0.31231439113616943,0.366164892911911,0.23693692684173584,0.2987242341041565
80,0.17510411143302917,0.2883758246898651,0.1669481247663498,0.2864447236061096,0.2148059457540512,0.2565971910953522,0.10569806396961212,0.6238405704498291,0.17132419347763062,0.47058433294296265,0.20841147005558014,0.243059903383255,0.23846855759620667,0.2641128897666931,0.4440845251083374,0.23616422712802887,0.16093023121356964,0.24070319533348083,0.27752697467803955,0.13240496814250946,0.4877604842185974,0.14335575699806213,0.2966729700565338,0.16628007590770721,0.3765174448490143,0.13517986238002777,0.5030905604362488,0.19611263275146484,0.22931215167045593,0.3232562243938446,0.2931351065635681,0.2943824827671051,0.4850541055202484,0.2968026101589203
81,0.15615728497505188,0.3156857490539551,0.16638901829719543,0.29343512654304504,0.20552726089954376,0.24249812960624695,0.10581634193658829,0.6539363861083984,0.1513584852218628,0.48804429173469543,0.1975732147693634,0.23212972283363342,0.2271205186843872,0.24467553198337555,0.31732994318008423,0.23429185152053833,0.1568576544523239,0.23697805404663086,0.27961114048957825,0.1291060745716095,0.4110490679740906,0.1330602914094925,0.29281845688819885,0.18078231811523438,0.3381374776363373,0.1356934905052185,0.41233503818511963,0.19619177281856537,0.2225145399570465,0.31483855843544006,0.2864269018173218,0.38770222663879395,0.34878939390182495,0.2843760550022125
82,0.12997229397296906,0.31070446968078613,0.15017586946487427,0.3043051064014435,0.18542543053627014,0.2499968409538269,0.10817659646272659,0.5859310030937195,0.13536614179611206,0.4876195788383484,0.7483097910881042,0.18317419290542603,0.20116494596004486,0.2334555834531784,0.26361504197120667,0.24521949887275696,0.6169438362121582,0.19888724386692047,0.2715478837490082,0.1278180480003357,0.35563892126083374,0.13512453436851501,0.2907032072544098,0.15182742476463318,0.3269440531730652,0.1391218900680542,0.36036282777786255,0.225617453455925,0.4396800398826599,0.3136676549911499,0.2753765881061554,0.3671166002750397,0.32659101486206055,0.29248046875
83,0.12005073577165604,0.31204959750175476,0.14500635862350464,0.32512328028678894,0.1807248294353485,0.2568627595901489,0.20522263646125793,0.6252373456954956,0.144231915473938,0.4747277796268463,0.48940005898475647,0.1860964000225067,0.20161092281341553,0.23903007805347443,0.22806905210018158,0.2388574630022049,0.4349050521850586,0.20111852884292603,0.5386128425598145,0.12045381963253021,0.3373485505580902,0.13218486309051514,0.5491698980331421,0.14367209374904633,0.32994186878204346,0.13190464675426483,0.3321159780025482,0.22940093278884888,0.33761918544769287,0.3484233319759369,0.25784051418304443,0.35811683535575867,0.29811224341392517,0.30518731474876404
84,0.10961668938398361,0.31888264417648315,0.14455072581768036,0.32247403264045715,0.1609024703502655,0.250423789024353,0.1571304053068161,0.6044124364852905,0.1382778137922287,0.5180317759513855,0.3832259774208069,0.18804526329040527,0.18402913212776184,0.24096253514289856,0.20091113448143005,0.2326470911502838,0.34825724363327026,0.20939312875270844,0.3985328674316406,0.11593412607908249,0.3182432949542999,0.1325581967830658,0.4024959206581116,0.13649411499500275,0.2989434003829956,0.13477814197540283,0.3196384012699127,0.2082311511039734,0.3004682958126068,0.29288631677627563,0.24488604068756104,0.37252748012542725,0.2751045823097229,0.3687618374824524
85,0.11012250185012817,0.3303368091583252,0.1292245239019394,0.3131260275840759,0.16829141974449158,0.25724464654922485,0.14490404725074768,0.6134015321731567,0.1299692690372467,0.50935298204422,0.348245233297348,0.19130007922649384,0.1581140011548996,0.2344522625207901,0.19434243440628052,0.2393800914287567,0.2977284789085388,0.21208378672599792,0.3524845838546753,0.11770860850811005,0.2925815284252167,0.1481756865978241,0.37376245856285095,0.14428144693374634,0.2765050530433655,0.138542041182518,0.28763413429260254,0.18990947306156158,0.28141406178474426,0.29461437463760376,0.25168418884277344,0.3307143449783325,0.27352437376976013,0.31529995799064636
86,0.10301624238491058,0.3167312443256378,0.13281242549419403,0.3304682970046997,0.16527196764945984,0.27129995822906494,0.13959470391273499,0.6106630563735962,0.12751086056232452,0.464030921459198,0.3073522746562958,0.19384297728538513,0.6764402985572815,0.20813509821891785,0.15916807949543,0.2528577744960785,0.25476425886154175,0.22230932116508484,0.32154834270477295,0.11450813710689545,0.2828986644744873,0.14301827549934387,0.3474554419517517,0.1364423781633377,0.292529433965683,0.13828110694885254,0.26999902725219727,0.19240251183509827,0.2571210265159607,0.2707129716873169,0.22707059979438782,0.34366923570632935,0.24114175140857697,0.3069581985473633
87,0.09588354080915451,0.32594576478004456,0.12962082028388977,0.312237024307251,0.14630113542079926,0.2637551426887512,0.1330946832895279,0.6184742450714111,0.12110012769699097,0.49828946590423584,0.27712690830230713,0.19823205471038818,0.45689624547958374,0.22200357913970947,0.1756438910961151,0.24561262130737305,0.2323014885187149,0.2136627733707428,0.3087396025657654,0.11649296432733536,0.2690125107765198,0.14442002773284912,0.3175850212574005,0.13866201043128967,0.2554241716861725,0.14941832423210144,0.27914750576019287,0.21269066631793976,0.25183773040771484,0.3074215054512024,0.23633496463298798,0.40096190571784973,0.23543094098567963,0.348132848739624
88,0.08704463392496109,0.3310241401195526,0.25200197100639343,0.2823842167854309,0.14372453093528748,0.2514841854572296,0.12415645271539688,0.6256664991378784,0.11818834394216537,0.5082519054412842,0.24534811079502106,0.20157942175865173,0.3616659343242645,0.2084728479385376,0.1480659395456314,0.2631128132343292,0.21910086274147034,0.21509051322937012,0.27863115072250366,0.1188756600022316,0.2539799213409424,0.1456247866153717,0.30208632349967957,0.14911171793937683,0.2573182284832001,0.1394074708223343,0.260822594165802,0.1909089982509613,0.2345677614212036,0.3240957260131836,0.2297697812318802,0.3761729896068573,0.23892654478549957,0.33711692690849304
89,0.08396191149950027,0.32993078231811523,0.20538082718849182,0.27884653210639954,0.14646613597869873,0.2954205274581909,0.12225135415792465,0.6245896816253662,0.11672993004322052,0.4981834590435028,0.2223106175661087,0.2053688019514084,0.31252408027648926,0.21730126440525055,0.1394614279270172,0.2437610775232315,0.19280646741390228,0.243194580078125,0.27548810839653015,0.12323709577322006,0.2565213143825531,0.14709550142288208,0.30109158158302307,0.1377028524875641,0.24716885387897491,0.1475553661584854,0.24067562818527222,0.2237127125263214,0.22514751553535461,0.28186148405075073,0.22220130264759064,0.3926313817501068,0.2251807451248169,0.3029266595840454
90,0.0734032690525055,0.36023738980293274,0.18698887526988983,0.27461063861846924,0.2876206934452057,0.22883637249469757,0.11483027786016464,0.6859738826751709,0.11673301458358765,0.527931809425354,0.20311173796653748,0.19382897019386292,0.2659810483455658,0.21858611702919006,0.130824476480484,0.24437330663204193,0.18960979580879211,0.23758269846439362,0.26532989740371704,0.12051429599523544,0.23901276290416718,0.14144423604011536,0.27751168608665466,0.14145265519618988,0.23598310351371765,0.13913743197917938,0.23554979264736176,0.22306931018829346,0.2218116819858551,0.3333404064178467,0.21077528595924377,0.40680748224258423,0.21773554384708405,0.276737779378891
91,0.21567337214946747,0.3005126416683197,0.16595661640167236,0.28593531250953674,0.23075076937675476,0.23326367139816284,0.11160271614789963,0.5548999905586243,0.11520736664533615,0.5451462864875793,0.20500719547271729,0.20082949101924896,0.2515380084514618,0.21178440749645233,0.13367636501789093,0.2505468726158142,0.154155895113945,0.23224814236164093,0.25491443276405334,0.116797536611557,0.2299392819404602,0.1466313898563385,0.29139214754104614,0.14044415950775146,0.2329893857240677,0.14558649063110352,0.22110465168952942,0.21759705245494843,0.2059905230998993,0.2938574552536011,0.3923075497150421,0.34884878993034363,0.20905815064907074,0.30319178104400635
92,0.1495274305343628,0.35485878586769104,0.16227871179580688,0.2955993115901947,0.20557855069637299,0.22940005362033844,0.10963334143161774,0.6194472312927246,0.11324312537908554,0.5040708184242249,0.18529394268989563,0.20683196187019348,0.21939606964588165,0.22745469212532043,0.12075868993997574,0.24367450177669525,0.16822342574596405,0.23053164780139923,0.2395327240228653,0.11688187718391418,0.22545865178108215,0.13995417952537537,0.26159748435020447,0.14391404390335083,0.22680911421775818,0.1421722173690796,0.2211121767759323,0.21876032650470734,0.21027417480945587,0.255421906709671,0.3051886558532715,0.3747461438179016,0.2118348628282547,0.28560537099838257
93,0.1238575428724289,0.2983323633670807,0.15295246243476868,0.2966517508029938,0.18687020242214203,0.2674839496612549,0.098934106528759,0.5889649391174316,0.10218203812837601,0.530092716217041,0.6731095314025879,0.17767737805843353,0.1882801651954651,0.22163306176662445,0.12028397619724274,0.24943925440311432,0.5860976576805115,0.19462087750434875,0.24220682680606842,0.12360655516386032,0.21181485056877136,0.15099123120307922,0.25077947974205017,0.14227351546287537,0.214606374502182,0.15216922760009766,0.2070319950580597,0.20939753949642181,0.19584912061691284,0.27543580532073975,0.2796030044555664,0.3124752342700958,0.19614703953266144,0.30180367827415466
94,0.11270993947982788,0.3316314220428467,0.14138536155223846,0.277319073677063,0.17502789199352264,0.24439488351345062,0.10283548384904861,0.5752825140953064,0.10039526224136353,0.4915434420108795,0.4531111419200897,0.18106573820114136,0.18090879917144775,0.2412673532962799,0.12119947373867035,0.24200080335140228,0.3868618905544281,0.19500349462032318,0.22972309589385986,0.12367811053991318,0.46855995059013367,0.12562532722949982,0.2531520426273346,0.14209209382534027,0.5181553959846497,0.13484571874141693,0.20810425281524658,0.21528123319149017,0.1902955174446106,0.30342021584510803,0.2509486675262451,0.34675097465515137,0.2006477415561676,0.2888433337211609
95,0.09165284782648087,0.3252149224281311,0.1458309441804886,0.30270692706108093,0.1712951958179474,0.24532799422740936,0.09996013343334198,0.6134365797042847,0.09989504516124725,0.5571728944778442,0.3721439242362976,0.22103476524353027,0.17220422625541687,0.217421755194664,0.389375239610672,0.2239878624677658,0.3106067180633545,0.20574703812599182,0.2234651893377304,0.12221334129571915,0.34364768862724304,0.1252865046262741,0.22836783528327942,0.14932288229465485,0.3733846843242645,0.1312122792005539,0.19014374911785126,0.20237313210964203,0.1858208030462265,0.2949663996696472,0.2412596493959427,0.35176366567611694,0.18570300936698914,0.30618250370025635
96,0.09437666088342667,0.31764647364616394,0.13279715180397034,0.2837926745414734,0.15729133784770966,0.270288348197937,0.10290443152189255,0.5656999945640564,0.10248859971761703,0.5573612451553345,0.3092133104801178,0.17519235610961914,0.16138795018196106,0.22677801549434662,0.25183263421058655,0.2204178422689438,0.27861037850379944,0.21066386997699738,0.2124638855457306,0.1239282563328743,0.30548855662345886,0.12795427441596985,0.2281557321548462,0.1431790292263031,0.3241288959980011,0.13099965453147888,0.4865845739841461,0.1823764443397522,0.17494308948516846,0.31788522005081177,0.22994454205036163,0.32500290870666504,0.1816275417804718,0.3517645299434662
97,0.07741035521030426,0.31857702136039734,0.12651923298835754,0.2897506058216095,0.14517280459403992,0.25723904371261597,0.098486989736557,0.5593372583389282,0.20018227398395538,0.5880591869354248,0.26910337805747986,0.1808628886938095,0.5772129893302917,0.20710261166095734,0.21525244414806366,0.22084161639213562,0.23974695801734924,0.20247329771518707,0.4430314600467682,0.11619462817907333,0.2762618660926819,0.12983542680740356,0.4386787414550781,0.13899493217468262,0.31027647852897644,0.13209904730319977,0.34678009152412415,0.20958994328975677,0.17080481350421906,0.3474235534667969,0.21946284174919128,0.33897635340690613,0.18310999870300293,0.3507609963417053
98,0.07711880654096603,0.3195769488811493,0.13160941004753113,0.31030288338661194,0.14949767291545868,0.25421369075775146,0.09146655350923538,0.607907772064209,0.153930202126503,0.5369738936424255,0.25328052043914795,0.1891646385192871,0.3803057372570038,0.20651264488697052,0.17935922741889954,0.23716965317726135,0.20286287367343903,0.2104094922542572,0.33088016510009766,0.11116497218608856,0.27047544717788696,0.1287669539451599,0.340921014547348,0.1395403891801834,0.298184335231781,0.13166145980358124,0.3183000981807709,0.20439304411411285,0.1779768019914627,0.3063632547855377,0.20906193554401398,0.3781852126121521,0.18098337948322296,0.33254513144493103
99,0.07090312242507935,0.32135719060897827,0.12173119932413101,0.28919515013694763,0.14180323481559753,0.24770529568195343,0.09234403073787689,0.6142005324363708,0.1419745236635208,0.5419163107872009,0.2209284007549286,0.19275936484336853,0.29803386330604553,0.2078825831413269,0.1671813726425171,0.23864774405956268,0.20403945446014404,0.2070123851299286,0.28848186135292053,0.11453813314437866,0.2387506663799286,0.1293177604675293,0.31368404626846313,0.13802887499332428,0.277864933013916,0.14532515406608582,0.26906150579452515,0.19582025706768036,0.1548919975757599,0.2907882630825043,0.20726701617240906,0.35722410678863525,0.16522729396820068,0.3015061318874359
100,0.06659534573554993,0.33925876021385193,0.11026722937822342,0.3118451237678528,0.12155696004629135,0.25497838854789734,0.08718851208686829,0.5890907645225525,0.12836891412734985,0.5106444358825684,0.2049628496170044,0.18960493803024292,0.25412487983703613,0.20726749300956726,0.15504810214042664,0.22992734611034393,0.1783216893672943,0.2044239491224289,0.26000553369522095,0.1161932423710823,0.23105616867542267,0.1298031061887741,0.2883606553077698,0.13907556235790253,0.2577793598175049,0.13547465205192566,0.2679789364337921,0.18145336210727692,0.16510224342346191,0.32617366313934326,0.19138869643211365,0.3890685737133026,0.17359307408332825,0.3168749213218689
101,0.05854260176420212,0.32097992300987244,0.22518131136894226,0.25923657417297363,0.30547773838043213,0.2231748253107071,0.0898187980055809,0.7115594148635864,0.12279649078845978,0.5711434483528137,0.18841467797756195,0.19249559938907623,0.23229755461215973,0.2134207785129547,0.14146830141544342,0.2329515665769577,0.164226695895195,0.2282816767692566,0.2583794891834259,0.12571385502815247,0.22027158737182617,0.13792768120765686,0.2741563022136688,0.13582779467105865,0.24382035434246063,0.1352800577878952,0.25076282024383545,0.18806274235248566,0.16547434031963348,0.30494654178619385,0.19831588864326477,0.352864533662796,0.3714187443256378,0.28100502490997314
102,0.06665194779634476,0.3327530026435852,0.18382732570171356,0.2880195677280426,0.22749605774879456,0.22960807383060455,0.18579204380512238,0.7171375155448914,0.12207317352294922,0.6606177687644958,0.18754513561725616,0.18762244284152985,0.22052396833896637,0.2218347191810608,0.12645047903060913,0.228546142578125,0.1576109230518341,0.2152833640575409,0.2447073757648468,0.11726657301187515,0.2149103879928589,0.13714711368083954,0.25903192162513733,0.14169424772262573,0.23960945010185242,0.14270232617855072,0.2295086532831192,0.18606717884540558,0.15096893906593323,0.31745514273643494,0.19218409061431885,0.3952556550502777,0.29546409845352173,0.29001086950302124
103,0.05331128463149071,0.35269781947135925,0.16552886366844177,0.27702590823173523,0.20660468935966492,0.2272772192955017,0.1419040411710739,0.5970000624656677,0.11842967569828033,0.48442891240119934,0.17547449469566345,0.18451610207557678,0.18787500262260437,0.21595825254917145,0.12457580864429474,0.2278432697057724,0.1512758582830429,0.2228669971227646,0.23271076381206512,0.11624035239219666,0.20702409744262695,0.1397794634103775,0.25310567021369934,0.14468170702457428,0.22905874252319336,0.14168481528759003,0.22271732985973358,0.20400996506214142,0.3684326708316803,0.30925193428993225,0.1934158056974411,0.3842286467552185,0.25394877791404724,0.2886860966682434
104,0.2775053083896637,0.3014281690120697,0.15737202763557434,0.29355379939079285,0.19452212750911713,0.23236367106437683,0.1379593312740326,0.6125792860984802,0.1185809075832367,0.5858151912689209,0.16296911239624023,0.18851658701896667,0.17444583773612976,0.22418740391731262,0.11586049944162369,0.2319624423980713,0.47081875801086426,0.19704309105873108,0.22008228302001953,0.12502643465995789,0.19705092906951904,0.1355522871017456,0.2492072880268097,0.1460513323545456,0.22446250915527344,0.14636006951332092,0.21769319474697113,0.19347216188907623,0.27481192350387573,0.2848421335220337,0.3753040134906769,0.3193354308605194,0.23760096728801727,0.3150332570075989
105,0.20446552336215973,0.2931443452835083,0.13924400508403778,0.2810145318508148,0.17289403080940247,0.23188726603984833,0.12727616727352142,0.6490626931190491,0.10528553277254105,0.4926428198814392,0.15612481534481049,0.18308240175247192,0.17387425899505615,0.21259944140911102,0.11239307373762131,0.23361584544181824,0.3337532579898834,0.19880947470664978,0.21087494492530823,0.11481910943984985,0.19316613674163818,0.14312686026096344,0.23884423077106476,0.14599722623825073,0.2161184549331665,0.14238835871219635,0.20352649688720703,0.1987922191619873,0.23346802592277527,0.278596431016922,0.26597127318382263,0.3354451358318329,0.22746454179286957,0.29385367035865784
106,0.15510062873363495,0.3069453835487366,0.1302453875541687,0.3307271897792816,0.16494505107402802,0.2556402385234833,0.113152876496315,0.5853723883628845,0.11183568090200424,0.6526196002960205,0.1493908017873764,0.18791398406028748,0.15130206942558289,0.21684794127941132,0.1053406372666359,0.24112731218338013,0.26218181848526,0.19978031516075134,0.1993103325366974,0.1193731501698494,0.42773061990737915,0.12857751548290253,0.22211074829101562,0.14098654687404633,0.20926225185394287,0.14053453505039215,0.19689342379570007,0.19093698263168335,0.22081656754016876,0.3401826024055481,0.25838494300842285,0.34989044070243835,0.21376822888851166,0.31165754795074463
107,0.14803607761859894,0.31540387868881226,0.12505535781383514,0.29003700613975525,0.15601298213005066,0.24535121023654938,0.11246934533119202,0.5800665020942688,0.10456427186727524,0.5668245553970337,0.4924852252006531,0.17583300173282623,0.14640040695667267,0.21513091027736664,0.28577858209609985,0.21781431138515472,0.21934084594249725,0.19577190279960632,0.19993335008621216,0.13756749033927917,0.31613612174987793,0.11745364964008331,0.22306187450885773,0.14700455963611603,0.4282725155353546,0.12502337992191315,0.1897929608821869,0.20541273057460785,0.19804859161376953,0.2901351749897003,0.23873329162597656,0.3144703805446625,0.19787752628326416,0.2740902304649353
108,0.11818043142557144,0.3120688199996948,0.1223238855600357,0.3178962469100952,0.1500103920698166,0.2519104778766632,0.10322191566228867,0.6352944374084473,0.10276440531015396,0.5808605551719666,0.3399195969104767,0.16102474927902222,0.14347723126411438,0.22668087482452393,0.21250499784946442,0.22880065441131592,0.2133188247680664,0.20718900859355927,0.18967682123184204,0.11711452156305313,0.268627405166626,0.12022130191326141,0.20663681626319885,0.14535309374332428,0.30079910159111023,0.12476072460412979,0.19011038541793823,0.1975119560956955,0.21286024153232574,0.31968581676483154,0.22290633618831635,0.3636455535888672,0.1878461092710495,0.30736544728279114
109,0.11420924216508865,0.32461199164390564,0.12030192464590073,0.2971569001674652,0.14440615475177765,0.25690361857414246,0.10288453102111816,0.6972255110740662,0.10259957611560822,0.5882819294929504,0.26702550053596497,0.1739082932472229,0.5376772284507751,0.200944721698761,0.17325665056705475,0.2243986576795578,0.18461816012859344,0.20216204226016998,0.3961355984210968,0.11213965713977814,0.25664204359054565,0.11874642223119736,0.21674811840057373,0.1419910341501236,0.2809297740459442,0.12037021666765213,0.18411506712436676,0.20856386423110962,0.18355455994606018,0.3254539668560028,0.2216271460056305,0.32812580466270447,0.19019635021686554,0.2901756763458252
110,0.09746332466602325,0.31660836935043335,0.11173417419195175,0.29714247584342957,0.1378048062324524,0.2492002546787262,0.10242341458797455,0.5682921409606934,0.10018704831600189,0.6500673890113831,0.22293956577777863,0.17353685200214386,0.32961687445640564,0.1962200403213501,0.1583467274904251,0.22950804233551025,0.16496482491493225,0.21726194024085999,0.2881566882133484,0.10470297187566757,0.23305471241474152,0.12019228935241699,0.19316793978214264,0.15407097339630127,0.25891801714897156,0.12435363233089447,0.17137224972248077,0.21275126934051514,0.16898484528064728,0.29915547370910645,0.20421911776065826,0.3893115222454071,0.1798999309539795,0.2990238070487976
111,0.0938081443309784,0.340006560087204,0.11035444587469101,0.3019852638244629,0.1345430165529251,0.24830909073352814,0.09465965628623962,0.6764293909072876,0.08875630050897598,0.5776218771934509,0.20387518405914307,0.17251576483249664,0.2533052861690521,0.19537003338336945,0.14823520183563232,0.23028330504894257,0.16530698537826538,0.19656552374362946,0.2687000632286072,0.1060764342546463,0.22135214507579803,0.12694452702999115,0.1912471503019333,0.14287719130516052,0.24629579484462738,0.12431451678276062,0.4048826992511749,0.17230519652366638,0.17062847316265106,0.30594316124916077,0.20007392764091492,0.36797896027565,0.17823396623134613,0.31162363290786743
112,0.0832502692937851,0.3369253873825073,0.23377661406993866,0.25624918937683105,0.2819044291973114,0.225566565990448,0.09388330578804016,0.6168375611305237,0.09946591407060623,0.6423070430755615,0.18907025456428528,0.1710032969713211,0.2182033210992813,0.20046718418598175,0.13055603206157684,0.2231118381023407,0.1487940549850464,0.20266695320606232,0.24257777631282806,0.11352721601724625,0.2071836143732071,0.12892737984657288,0.3393784463405609,0.1358051747083664,0.21797707676887512,0.12544630467891693,0.2949236333370209,0.17111371457576752,0.16549716889858246,0.3185160756111145,0.18906185030937195,0.3790791928768158,0.17135612666606903,0.3503910303115845
113,0.08097708225250244,0.3441097140312195,0.1856033205986023,0.25834402441978455,0.21823211014270782,0.23429782688617706,0.08932816237211227,0.6619729995727539,0.09558087587356567,0.6236878037452698,0.17239263653755188,0.17083024978637695,0.1987655758857727,0.20677550137043,0.11940263211727142,0.22935616970062256,0.1452668160200119,0.2216697335243225,0.21611234545707703,0.10816529393196106,0.20644156634807587,0.1340329498052597,0.26681676506996155,0.13248154520988464,0.22800089418888092,0.12628167867660522,0.2596319615840912,0.1697113960981369,0.16671301424503326,0.2835942208766937,0.18133412301540375,0.35570138692855835,0.16610388457775116,0.3087518811225891
114,0.08226312696933746,0.36319229006767273,0.15981963276863098,0.261513888835907,0.19356600940227509,0.22590002417564392,0.0906892940402031,0.6341760754585266,0.1703178733587265,0.605038046836853,0.16458310186862946,0.17507235705852509,0.17103330790996552,0.22068315744400024,0.11269354820251465,0.22657787799835205,0.14516405761241913,0.2060946673154831,0.22048166394233704,0.10916154086589813,0.18632832169532776,0.12485583871603012,0.23766615986824036,0.1334381252527237,0.20712749660015106,0.12908095121383667,0.23044292628765106,0.17424699664115906,0.15244129300117493,0.3213159441947937,0.18585965037345886,0.3556080758571625,0.16820380091667175,0.3093120753765106
115,0.07064954191446304,0.3353927433490753,0.13282263278961182,0.2743757665157318,0.16765046119689941,0.22583870589733124,0.08544781059026718,0.6482291221618652,0.12851154804229736,0.7047937512397766,0.14370191097259521,0.17797410488128662,0.1670595407485962,0.20399567484855652,0.10359297692775726,0.22756992280483246,0.12224630266427994,0.21923096477985382,0.20528265833854675,0.1113356426358223,0.19704142212867737,0.12929625809192657,0.2278689444065094,0.13588690757751465,0.20279447734355927,0.13181492686271667,0.22305944561958313,0.19647866487503052,0.15070757269859314,0.2891160845756531,0.1671559065580368,0.3264097571372986,0.16448350250720978,0.29925867915153503
116,0.3054393231868744,0.30648908019065857,0.13221974670886993,0.2854107618331909,0.15490195155143738,0.2339118868112564,0.08496430516242981,0.6005988121032715,0.12319573760032654,0.5541049242019653,0.13968037068843842,0.17084699869155884,0.15313023328781128,0.20537279546260834,0.10100706666707993,0.2280464470386505,0.12557128071784973,0.20808260142803192,0.19567778706550598,0.10743115842342377,0.18063762784004211,0.12243316322565079,0.21088668704032898,0.13313616812229156,0.18975470960140228,0.12703406810760498,0.207728773355484,0.16801683604717255,0.30392757058143616,0.2792271375656128,0.16796404123306274,0.3608604073524475,0.15692301094532013,0.2709732949733734
117,0.19678544998168945,0.2944318950176239,0.11523060500621796,0.29208311438560486,0.14595670998096466,0.23176120221614838,0.08430067449808121,0.6936609745025635,0.11503401398658752,0.6085601449012756,0.13590428233146667,0.17197644710540771,0.13877932727336884,0.203500896692276,0.10167219489812851,0.25024521350860596,0.12683773040771484,0.21214154362678528,0.18926271796226501,0.11010963469743729,0.16992317140102386,0.12764210999011993,0.19776538014411926,0.1327134221792221,0.19392399489879608,0.12921924889087677,0.19740255177021027,0.17836451530456543,0.2366262674331665,0.26160964369773865,0.16148389875888824,0.43134480714797974,0.15777310729026794,0.27626731991767883
118,0.1467980146408081,0.3170224726200104,0.11735640466213226,0.2909977436065674,0.1403956115245819,0.2520331144332886,0.08151105046272278,0.6048856377601624,0.11140606552362442,0.5702411532402039,0.13113220036029816,0.1713196188211441,0.13098983466625214,0.20905399322509766,0.29159021377563477,0.21953484416007996,0.4796716272830963,0.18876613676548004,0.18389293551445007,0.11357907205820084,0.36749234795570374,0.11508229374885559,0.20024558901786804,0.1386638730764389,0.1896241009235382,0.1297876238822937,0.1968109905719757,0.1705886274576187,0.19667375087738037,0.2766125798225403,0.2856487035751343,0.3571755588054657,0.1448793113231659,0.2986758351325989
119,0.1340589076280594,0.3202502727508545,0.11354368180036545,0.27598103880882263,0.13648861646652222,0.23234276473522186,0.08505194634199142,0.7076047658920288,0.10510784387588501,0.5532145500183105,0.5282154083251953,0.1593409776687622,0.12510894238948822,0.20675671100616455,0.1832863688468933,0.23087552189826965,0.31197983026504517,0.18783913552761078,0.1722763180732727,0.11131425201892853,0.26265180110931396,0.123159259557724,0.18876057863235474,0.1354735940694809,0.1785346269607544,0.1302320510149002,0.1830800324678421,0.1680901199579239,0.18906579911708832,0.2977624535560608,0.22503800690174103,0.34085163474082947,0.15066492557525635,0.3371436297893524
120,0.1098240539431572,0.31319212913513184,0.10253871232271194,0.28390437364578247,0.12047771364450455,0.24141131341457367,0.07462011277675629,0.6645906567573547,0.09901248663663864,0.5987206101417542,0.3078640401363373,0.15235145390033722,0.12329279631376266,0.20451104640960693,0.1479421854019165,0.22414101660251617,0.2497330605983734,0.18610984086990356,0.16983479261398315,0.11621008068323135,0.2293022871017456,0.11639708280563354,0.18314383924007416,0.13405872881412506,0.34543395042419434,0.11913646757602692,0.18382561206817627,0.18416927754878998,0.1791817843914032,0.28751707077026367,0.20138531923294067,0.3682738244533539,0.14646951854228973,0.31893306970596313
121,0.09956242889165878,0.3164772093296051,0.09816830605268478,0.2933947741985321,0.12339236587285995,0.2545033395290375,0.19836173951625824,0.5736716985702515,0.09973044693470001,0.5663060545921326,0.23331589996814728,0.1716950237751007,0.12004019320011139,0.19884184002876282,0.14278239011764526,0.2252204567193985,0.2253534495830536,0.19214054942131042,0.34738290309906006,0.1034102812409401,0.22294169664382935,0.1266484409570694,0.18088312447071075,0.135651633143425,0.2583734393119812,0.11998829245567322,0.16615043580532074,0.1731799840927124,0.1664084643125534,0.30049002170562744,0.1917978674173355,0.36563098430633545,0.14071911573410034,0.31076934933662415
122,0.09939604997634888,0.3138752281665802,0.10474443435668945,0.2798882722854614,0.11975766718387604,0.24357976019382477,0.14019159972667694,0.6953235268592834,0.09457946568727493,0.6654615998268127,0.20809677243232727,0.16020767390727997,,,0.11402300745248795,0.22398635745048523,0.1890319585800171,0.20496712625026703,0.267260879278183,0.10047859698534012,0.20571774244308472,0.11981911957263947,0.1693788766860962,0.14154976606369019,0.24036018550395966,0.11718358099460602,0.16785982251167297,0.17947259545326233,0.16378219425678253,0.2764456570148468,0.20059087872505188,0.3370897173881531,0.1389341652393341,0.32743725180625916
123,0.08923083543777466,0.31440019607543945,,,,,0.13440926373004913,0.6598485708236694,0.09344509989023209,0.7071976661682129,0.1842382401227951,0.16628845036029816,,,0.11226383596658707,0.23498724400997162,0.171661838889122,0.19624318182468414,0.2341330200433731,0.09983747452497482,0.20245492458343506,0.11849518865346909,0.17073090374469757,0.15557391941547394,0.23376719653606415,0.1183101162314415,0.15948641300201416,0.18463489413261414,0.15042106807231903,0.3000301420688629,0.17390067875385284,0.3843790888786316,0.13041715323925018,0.3312850296497345
124,0.08035095781087875,0.3404605984687805,,,,,0.11970056593418121,0.6404004096984863,0.09396864473819733,0.5468880534172058,0.17391225695610046,0.16251589357852936,,,0.11321202665567398,0.22513137757778168,0.15902511775493622,0.19815056025981903,0.21528704464435577,0.10457785427570343,0.18188083171844482,0.12166287750005722,0.3161280155181885,0.1326235830783844,0.20880243182182312,0.11990281939506531,0.1562505066394806,0.17451989650726318,0.1522524356842041,0.2927555739879608,0.15748398005962372,0.3734323978424072,0.14154472947120667,0.3072162866592407
125,0.07775472104549408,0.31874924898147583,,,,,0.1105329617857933,0.7120562195777893,0.08875380456447601,0.5731788873672485,0.15379653871059418,0.1713438183069229,,,0.10000699013471603,0.22757643461227417,0.14287082850933075,0.1947098970413208,0.2050684243440628,0.10766992717981339,0.19073118269443512,0.11757903546094894,0.2438533455133438,0.13329443335533142,0.20084398984909058,0.12167946249246597,0.15174296498298645,0.1707502007484436,0.14478963613510132,0.2669006288051605,0.17312990128993988,0.37650296092033386,0.13343621790409088,0.32000598311424255
126,0.07492712140083313,0.32244443893432617,,,,,0.11067591607570648,0.7599776387214661,0.08679156750440598,0.5857606530189514,0.14122754335403442,0.16286125779151917,,,0.08967825025320053,0.23877643048763275,0.14344576001167297,0.19446051120758057,0.19117580354213715,0.10546829551458359,0.18160413205623627,0.11672946065664291,0.21823513507843018,0.1300647258758545,0.18931886553764343,0.11745904386043549,0.14721143245697021,0.18190035223960876,0.1381871998310089,0.2946840822696686,0.15770280361175537,0.3688027262687683,0.1258036345243454,0.3323921263217926
127,0.07084985077381134,0.3242435157299042,,,,,0.10882553458213806,0.7262154817581177,0.09070467203855515,0.6775454878807068,0.1317606270313263,0.1672922819852829,,,0.09741798788309097,0.22536304593086243,0.1279582530260086,0.19945943355560303,0.18552592396736145,0.10680162906646729,0.1664094775915146,0.1268959939479828,0.20470696687698364,0.12663155794143677,0.1851259469985962,0.12384769320487976,0.4277024567127228,0.16256442666053772,0.13754327595233917,0.2928450405597687,0.15357615053653717,0.3458912968635559,0.32443758845329285,0.2818793058395386
128,,,,,,,0.10111619532108307,0.737468421459198,0.07851646840572357,0.6179810762405396,0.12856237590312958,0.16997452080249786,,,0.08308681845664978,0.23089993000030518,0.12730708718299866,0.1927558183670044,0.17789176106452942,0.10492998361587524,0.16082322597503662,0.12077402323484421,0.19472162425518036,0.13214966654777527,0.1733151227235794,0.12006394565105438,0.29303786158561707,0.16826635599136353,0.2677113711833954,0.27638348937034607,0.14172561466693878,0.3705596625804901,0.2333804965019226,0.3164847791194916
129,,,,,,,0.09399709850549698,0.7275902628898621,0.08310667425394058,0.5772148966789246,0.1340879648923874,0.16886810958385468,,,,,0.1183205246925354,0.19951631128787994,0.1712089329957962,0.11035431921482086,0.3357355296611786,0.11308959871530533,0.19063083827495575,0.1278618574142456,0.16374999284744263,0.12376856058835983,0.25403502583503723,0.15554165840148926,0.206851527094841,0.3292923867702484,0.14831480383872986,0.34624582529067993,0.2109464406967163,0.3336621820926666
130,,,,,,,0.09256543219089508,0.8002692461013794,0.08576033264398575,0.6083649396896362,0.11411571502685547,0.16682684421539307,,,,,0.11680851876735687,0.2043435126543045,0.16133232414722443,0.10461083799600601,0.24584046006202698,0.11191733181476593,0.18841998279094696,0.13140413165092468,0.16925375163555145,0.12700283527374268,0.23024776577949524,0.17230162024497986,0.17347589135169983,0.30496281385421753,0.14382798969745636,0.3611758351325989,0.17982783913612366,0.32408106327056885
131,,,,,,,0.08732622861862183,0.760822057723999,0.07404059171676636,0.5828172564506531,,,,,,,,,0.1610168218612671,0.10707695037126541,0.2161898910999298,0.11404615640640259,0.17187480628490448,0.13004761934280396,0.1619487702846527,0.1223292425274849,0.2123233526945114,0.16167353093624115,0.16750183701515198,0.29602935910224915,0.14388114213943481,0.3669869303703308,0.17733001708984375,0.31631454825401306
132,,,,,,,0.17489652335643768,0.6738972663879395,0.0802202820777893,0.6419393420219421,,,,,,,,,0.14934270083904266,0.10363569110631943,0.21099485456943512,0.11577306687831879,0.17428705096244812,0.13080400228500366,0.15636484324932098,0.12120268493890762,0.1921234428882599,0.17276670038700104,0.15861950814723969,0.28984710574150085,0.1267225444316864,0.39074042439460754,0.16449090838432312,0.3295808732509613
133,,,,,,,0.13514184951782227,0.6605056524276733,0.07633379846811295,0.7482743263244629,,,,,,,,,0.1537267416715622,0.10575349628925323,0.1968035250902176,0.11419273167848587,0.157779261469841,0.13800017535686493,0.32318875193595886,0.12034238874912262,0.18251937627792358,0.1676466464996338,0.1518285572528839,0.2845354676246643,0.2992047667503357,0.32769542932510376,0.16152670979499817,0.3326219320297241
134,,,,,,,0.1230841726064682,0.6608917713165283,0.07658819854259491,0.6211448311805725,,,,,,,,,,,0.1823006421327591,0.11559911072254181,0.15685315430164337,0.1414029896259308,0.2329132854938507,0.11619137227535248,0.17727677524089813,0.1604902446269989,0.14623349905014038,0.2679172158241272,0.22177709639072418,0.3450482487678528,0.1589805781841278,0.32752564549446106
135,,,,,,,0.11540256440639496,0.681485116481781,0.16543415188789368,0.6275674700737,,,,,,,,,,,0.18321241438388824,0.11932346224784851,0.15616673231124878,0.1360122263431549,0.21688508987426758,0.11788389086723328,0.16494104266166687,0.17361590266227722,0.1394157111644745,0.27450382709503174,0.18227297067642212,0.3543272614479065,0.15518811345100403,0.30413565039634705
136,,,,,,,0.10065068304538727,0.7571507096290588,0.12560804188251495,0.6728529930114746,,,,,,,,,,,0.16864164173603058,0.11586934328079224,0.14899444580078125,0.1329129934310913,0.19356593489646912,0.11953676491975784,0.16426685452461243,0.16084839403629303,0.12780879437923431,0.2790420949459076,0.17976905405521393,0.3222935199737549,0.13890349864959717,0.32605457305908203
137,,,,,,,0.09813559800386429,0.6039972901344299,0.1144125834107399,0.6435156464576721,,,,,,,,,,,0.16218994557857513,0.1164352223277092,0.14925354719161987,0.1366947591304779,0.1914898306131363,0.1200994998216629,0.1578654646873474,0.16728098690509796,0.1355237364768982,0.29820796847343445,0.16431057453155518,0.3487127721309662,0.13361307978630066,0.33876630663871765
138,,,,,,,0.08853103220462799,0.5840098261833191,0.10332358628511429,0.6164712905883789,,,,,,,,,,,0.15969273447990417,0.121575266122818,0.29413914680480957,0.13065633177757263,0.17733842134475708,0.12006738036870956,0.15095402300357819,0.1734069287776947,0.13798697292804718,0.28021565079689026,0.16270488500595093,0.3814050555229187,0.304690957069397,0.28982189297676086
139,,,,,,,0.08403772115707397,0.7412540912628174,0.09942430257797241,0.6752259731292725,,,,,,,,,,,0.15686029195785522,0.11930187046527863,0.20887672901153564,0.12739835679531097,0.17403510212898254,0.12006448954343796,0.14803624153137207,0.17550179362297058,0.1278436779975891,0.28979745507240295,0.1594310998916626,0.3115268051624298,0.2213294804096222,0.28569096326828003
140,,,,,,,0.08212035894393921,0.6960387229919434,0.09522301703691483,0.5957944393157959,,,,,,,,,,,0.1489059180021286,0.12725304067134857,0.1918901950120926,0.12695297598838806,0.16582824289798737,0.12387550622224808,0.3304303288459778,0.16593919694423676,0.13131536543369293,0.29250091314315796,0.1515524834394455,0.326734721660614,0.18802915513515472,0.30419662594795227
141,,,,,,,0.08009617030620575,0.6441293358802795,0.09079636633396149,0.612964391708374,,,,,,,,,,,,,0.18278872966766357,0.12628404796123505,0.16038405895233154,0.12416183203458786,0.22690613567829132,0.1596650779247284,0.11918140947818756,0.2805717885494232,0.14129950106143951,0.3338625431060791,0.17705662548542023,0.30729448795318604
142,,,,,,,0.07750693708658218,0.726660430431366,0.09431198984384537,0.7108232378959656,,,,,,,,,,,,,0.17809928953647614,0.1291482150554657,0.1570020318031311,0.12611033022403717,0.20827986299991608,0.16131384670734406,0.12258218228816986,0.30076536536216736,0.1407860964536667,0.3571147620677948,0.1633453667163849,0.3201635777950287
143,,,,,,,0.08092387020587921,0.6161592602729797,0.08314886689186096,0.6357834935188293,,,,,,,,,,,,,0.16551676392555237,0.12970465421676636,0.15797530114650726,0.12858860194683075,0.1910252571105957,0.16808149218559265,0.11810525506734848,0.29856789112091064,0.14344531297683716,0.32903778553009033,0.15959197282791138,0.30882444977760315
144,,,,,,,0.07427116483449936,0.6444317102432251,0.08546479791402817,0.6167689561843872,,,,,,,,,,,,,0.16113802790641785,0.1293978989124298,0.1434982270002365,0.12284160405397415,0.17444650828838348,0.17629732191562653,0.11582374572753906,0.33251503109931946,0.13140082359313965,0.3352133333683014,0.15543657541275024,0.28914695978164673
145,,,,,,,0.07346396893262863,0.6252798438072205,0.08206667751073837,0.6118541359901428,,,,,,,,,,,,,0.15191449224948883,0.12975649535655975,,,0.1703217476606369,0.1716589331626892,,,0.1281460076570511,0.35957616567611694,0.14231880009174347,0.29578953981399536
146,,,,,,,0.07773665338754654,0.7628529071807861,0.0744495838880539,0.6050040125846863,,,,,,,,,,,,,0.15719574689865112,0.12997721135616302,,,0.16102640330791473,0.18605871498584747,,,0.11923482269048691,0.33509692549705505,0.1421772539615631,0.27449914813041687
147,,,,,,,0.0754934772849083,0.6344311833381653,0.0802391842007637,0.6775075197219849,,,,,,,,,,,,,0.14015832543373108,0.1325007528066635,,,0.15962231159210205,0.17017240822315216,,,0.12814640998840332,0.3286689817905426,0.13207051157951355,0.279989629983902
148,,,,,,,0.06584516912698746,0.6094169616699219,0.07899460196495056,0.6715608835220337,,,,,,,,,,,,,0.14562609791755676,0.1322566717863083,,,0.14997561275959015,0.18171389400959015,,,0.12343346327543259,0.34220555424690247,0.12989342212677002,0.31389614939689636
149,,,,,,,,,0.07169343531131744,0.6556549072265625,,,,,,,,,,,,,0.13662253320217133,0.13071471452713013,,,0.14897966384887695,0.17015330493450165,,,0.1198081374168396,0.34712332487106323,0.12017299234867096,0.29581692814826965
150,,,,,,,,,0.07613056898117065,0.6075740456581116,,,,,,,,,,,,,0.13274933397769928,0.13535022735595703,,,0.13318893313407898,0.1740741729736328,,,,,0.13274165987968445,0.28531864285469055
151,,,,,,,,,,,,,,,,,,,,,,,0.1355980783700943,0.13334119319915771,,,0.13392336666584015,0.174823597073555,,,,,0.12768632173538208,0.29108914732933044
152,,,,,,,,,,,,,,,,,,,,,,,,,,,,,,,,,0.11337761580944061,0.2871735990047455
153,,,,,,,,,,,,,,,,,,,,,,,,,,,,,,,,,0.10978471487760544,0.30295857787132263
154,,,,,,,,,,,,,,,,,,,,,,,,,,,,,,,,,0.12433312088251114,0.2931016981601715
155,,,,,,,,,,,,,,,,,,,,,,,,,,,,,,,,,0.10577080398797989,0.2823043167591095
156,,,,,,,,,,,,,,,,,,,,,,,,,,,,,,,,,0.11146318167448044,0.300957590341568
