,temporal X_st rnd d_c train,temporal X_st rnd d_c val,temporal X_st min d_c train,temporal X_st min d_c val,temporal X_st max d_c train,temporal X_st max d_c val,temporal X_st avg d_c train,temporal X_st avg d_c val,"temporal X_(t,s) rnd d_c train","temporal X_(t,s) rnd d_c val","temporal X_(t,s) min d_c train","temporal X_(t,s) min d_c val","temporal X_(t,s) max d_c train","temporal X_(t,s) max d_c val","temporal X_(t,s) avg d_c train","temporal X_(t,s) avg d_c val","temporal Y_hat_(t,s) rnd d_c train","temporal Y_hat_(t,s) rnd d_c val","temporal Y_hat_(t,s) min d_c train","temporal Y_hat_(t,s) min d_c val","temporal Y_hat_(t,s) max d_c train","temporal Y_hat_(t,s) max d_c val","temporal Y_hat_(t,s) avg d_c train","temporal Y_hat_(t,s) avg d_c val","temporal Y_(t,s) rnd d_c train","temporal Y_(t,s) rnd d_c val","temporal Y_(t,s) min d_c train","temporal Y_(t,s) min d_c val","temporal Y_(t,s) max d_c train","temporal Y_(t,s) max d_c val","temporal Y_(t,s) avg d_c train","temporal Y_(t,s) avg d_c val"
test_loss,0.4543117,0.4543117,0.5773823,0.5773823,0.48812422,0.48812422,0.4975507,0.4975507,0.41983622,0.41983622,0.372242,0.372242,0.40983298,0.40983298,0.42158774,0.42158774,0.09255349,0.09255349,0.095440075,0.095440075,0.085868746,0.085868746,0.0898419,0.0898419,0.2684696,0.2684696,0.24625678,0.24625678,0.2660701,0.2660701,0.34613246,0.34613246
0,8.861703,1.6534756,12.081626,1.9766595,8.507044,1.4491841,13.479304,1.9069498,7.6135435,2.4338212,11.610742,1.9044948,6.1220336,2.374811,5.290804,2.3201692,7.5876236,1.2771895,6.492332,1.7595383,7.006821,1.6848735,10.656612,1.4119148,8.974853,1.4919691,7.314404,1.3046169,8.046759,1.5244578,8.007944,1.2997949
1,2.036179,1.5281142,2.5775437,1.1504508,2.5587256,1.141942,2.7788289,1.4449949,3.2236829,2.3063605,2.2030015,1.1715202,3.1710653,1.6356387,3.275803,2.427621,2.5483916,1.0772439,2.5550394,1.1961181,3.0411975,1.1396087,2.614442,1.1519161,2.7255511,1.1519364,2.6616538,1.4736265,2.7134871,1.1680355,2.3966727,1.3480909
2,1.6491562,1.0909727,1.6682928,1.1753533,1.9127908,1.0929198,1.8343362,1.1139724,3.8620229,1.3114141,1.8068181,1.2293094,2.0389802,1.0857679,1.9071265,1.1568761,2.117437,1.0361372,2.1750245,1.0980703,2.2268214,1.0771499,2.010051,1.1078608,2.3516438,1.0601174,2.2039073,1.0975318,2.307063,1.1884527,2.0786028,1.1569604
3,1.4770397,1.091612,1.5167483,1.3014123,1.6946181,1.0464685,1.5868338,1.1086897,1.6797466,1.2086453,1.6249493,1.2095824,1.7591176,1.319792,1.6769589,1.1263607,2.0336964,1.0374421,1.9885508,0.99643415,2.0723164,1.1602218,1.9406059,1.1195838,1.9620336,1.0234225,1.9961377,1.1424757,2.0035455,1.0854547,1.9446892,1.0345823
4,1.4447801,1.0714024,1.4248722,1.078174,1.6155627,1.0358998,1.4418432,1.1536552,1.5977942,1.0805688,1.4845701,1.0400025,1.893453,1.0488204,1.4618472,1.2513826,1.8206967,0.96542037,1.8389968,0.9667038,1.9525256,1.0826933,1.725408,1.0912921,1.8677696,0.9831045,1.9055076,1.072397,2.0147235,1.0427107,1.8997531,1.0153348
5,1.355721,1.0638232,1.3768405,1.0717852,1.5681411,1.0201595,1.3591288,1.0313038,1.4902251,1.2958219,1.4250599,1.1219217,1.4127799,1.2092141,1.4192562,1.2055565,1.8077484,0.9515725,1.6974983,1.0232134,1.8456827,0.995756,1.7474296,1.1213025,1.7408512,0.9871031,1.8508846,1.015396,1.7772567,1.0009183,1.8121012,1.0358523
6,1.3605499,1.0369085,1.4047163,1.081775,1.5476248,1.0193249,1.3202306,1.0207329,1.4571306,1.2821473,1.3600762,0.99764544,1.3794515,1.0832827,1.3158247,1.0568734,1.6450757,0.94694954,1.6429489,1.0130562,1.7122257,1.0116885,1.6982081,0.98697734,1.6813283,0.97059655,1.7898315,0.9847184,1.7132592,0.9220007,1.6772377,1.0973489
7,1.2805334,1.0157921,1.3495944,1.0733209,1.5644004,1.0295424,1.2567495,0.9872533,1.4120668,1.0534147,1.285348,1.0560209,1.2838231,0.99262995,1.2159448,1.0994959,1.6191474,0.90566087,1.5509404,1.1511065,1.609134,0.9169426,1.6385982,1.0540072,1.5862032,0.9832388,1.7851212,0.9974604,1.5479674,0.88801754,1.6178974,0.9590296
8,1.2300328,1.0342764,1.3243386,1.0413727,1.4713588,1.0019585,1.2150244,1.0566216,1.3165457,1.1041132,1.1593329,1.1450014,1.3380661,0.9778716,1.1856034,0.9952088,1.5503075,0.9632366,1.5064602,0.8703193,1.5729556,0.9850627,1.5686138,1.0229943,1.4595426,1.039754,1.64177,1.0551007,1.4677886,0.91638565,1.6044233,1.1391819
9,1.2015618,1.1287997,1.2436846,1.0975696,1.4054867,1.0293472,1.1108212,0.87572414,1.2211374,0.9958255,1.1313466,1.01402,1.1847385,0.9476471,1.1458168,0.9404249,1.4169266,0.8515143,1.434402,1.0974857,1.3905061,0.9005665,1.529354,0.9709705,1.4055492,0.8723399,1.5495692,1.0719594,1.3946991,0.90390223,1.491092,0.92538863
10,1.1784507,1.0660087,1.1940321,1.070453,1.3379406,1.2041253,1.0744599,0.9141354,1.1784492,1.0684578,1.1075343,1.0077457,1.1376146,1.000744,1.0924652,0.9870251,1.4489077,0.9299793,1.3829063,0.8966871,1.3645656,0.9120717,1.4782895,0.9850547,1.3285855,0.9685579,1.4416419,0.92665774,1.4141179,0.8323455,1.3966072,0.8891123
11,1.130959,1.0042477,1.1079075,1.0437813,1.2808793,0.9870248,0.96214134,0.91983294,1.1221313,1.0109247,1.0600418,0.970922,1.087053,1.0569648,0.946338,1.1508374,1.3715202,0.87040454,1.267784,0.85500115,1.2260547,0.8614442,1.3711702,0.92328435,1.2475151,0.9342731,1.4097092,0.9051931,1.2678211,0.8271982,1.3874385,0.9825427
12,1.0875123,0.9489976,1.0723656,1.1011932,1.1616459,1.022674,0.9622522,0.97081935,1.0569035,0.9658464,0.97730005,0.99392,0.98740923,0.947141,0.92503935,1.0017567,1.3110632,1.0108532,1.2648089,0.88605046,1.2132137,0.8467194,1.368367,0.9157068,1.1634244,0.8526609,1.3444183,0.9426331,1.1672547,0.8734687,1.2499384,0.96425396
13,1.0277373,0.9577043,1.034741,1.0377004,1.0779411,0.8894685,0.8803786,0.88502747,0.966122,0.9857718,0.98857397,0.9653603,0.9229727,0.92549866,0.86712,0.94070876,1.2015227,0.89612615,1.156912,0.9311166,1.1446664,0.85552806,1.3020043,0.84864557,1.0929439,0.8146946,1.2517191,0.863173,1.092116,0.8764733,1.2199976,0.87288016
14,0.9608457,1.0300338,0.9396784,1.0127536,1.0913059,0.9373964,0.8408706,0.9845297,0.96907365,0.9321932,0.9255988,0.9686427,0.8888332,0.93478036,0.8637975,0.97746783,1.1363362,0.8029624,1.1070493,0.8598526,1.1000373,0.82668006,1.2191285,0.86631423,1.0486873,0.85144883,1.1744702,0.83063936,1.058045,0.8684365,1.1208215,0.9022951
15,0.91056573,0.89719427,0.94453627,0.9854661,0.9334246,0.8910499,0.81191087,0.93499553,0.8840741,0.91149426,0.8577233,0.9731388,0.89045423,0.88764226,0.8032557,0.9811952,1.0670199,0.8471386,1.1054531,0.81948143,0.9738459,0.933591,1.1600399,0.7999919,1.0008332,0.8451116,1.0706731,0.82595694,0.97010815,0.74576265,1.071926,0.8960327
16,0.81636345,0.95462734,0.8786923,0.97067225,0.89046764,0.8335339,0.73042643,0.8508965,0.8869428,1.0280514,0.85686433,0.93746537,0.79937726,0.8787227,0.7668657,1.0888046,1.0476197,0.7971704,1.0226233,0.84453344,0.98040223,0.8725903,1.0282787,0.8542857,0.9660837,0.81442916,1.0184371,0.8091721,0.99090916,0.7674824,1.0158017,0.8498906
17,0.8572004,0.94248897,0.8225568,0.9014727,0.84576696,1.0816054,0.7324249,0.9130783,0.78684336,0.9122082,0.7965034,0.9382061,0.7533722,0.9125857,0.7117581,0.9104674,0.9972455,0.7853447,0.9421974,0.805164,0.99502045,0.8920994,1.0424201,0.79501027,0.9044276,0.81142545,0.99577206,0.7896952,0.88164574,0.9045977,1.0375146,0.81550974
18,0.7884076,0.85764974,0.8062101,0.9260179,0.8270495,0.8671355,0.69762814,0.8783858,0.76347333,0.9955216,0.77264607,1.1006137,0.7181142,0.87186337,0.66946965,0.86781245,0.96310353,0.8065343,0.93370897,0.902482,0.9373091,0.7833139,1.0105742,0.7822674,0.8288782,0.83061415,0.93434876,0.80179244,0.86439973,0.7792668,0.91983247,0.86995804
19,0.72366977,1.0606471,0.7685511,0.9797441,0.754764,0.8473005,0.6894227,0.9061146,0.7808061,0.9901017,0.75184816,0.9038193,0.6942068,0.9857492,0.6384833,1.0074579,0.87940204,0.761165,0.8925411,0.8169225,0.9077162,0.841442,0.9135,0.82345116,0.8254301,0.8720641,0.89140517,0.7847374,0.8384653,0.8426114,0.8861153,0.85852927
20,0.7018168,0.9935029,0.69385046,0.9513399,0.6936702,0.84398246,0.6359636,0.993872,0.683277,0.91555953,0.70621043,1.0519971,0.6561056,0.93190163,0.6061836,0.9691019,0.8977659,0.78066736,0.8629035,0.79321426,0.8462096,0.8541858,0.88451505,0.8637885,0.7703859,0.83552986,0.8380034,0.8035245,0.74610066,0.860064,0.82462037,0.81178385
21,0.61227417,0.8774985,0.7508084,0.9261238,0.62903875,0.8761432,0.60546863,0.82632375,0.67160684,0.90574676,0.70092374,0.9781834,0.6061433,0.90597475,0.5948327,0.9264914,0.87583286,0.7913705,0.7770514,0.8052947,0.8313981,0.80106616,0.86180437,0.7679589,0.7542409,0.81161267,0.81798035,0.80193293,0.7197917,0.79291564,0.798135,0.913929
22,0.63982815,0.9004125,0.6719545,0.92587626,0.6633592,0.8723341,0.60274476,0.8934866,0.6355078,0.9155215,0.6576465,0.8915915,0.58563346,0.84511226,0.60235494,0.95915663,0.8365027,0.8318455,0.7700356,0.8090536,0.85010415,0.79880464,0.82110226,0.9071707,0.72309315,0.7686847,0.7621453,0.7865123,0.714297,0.8264281,0.7996935,0.82209957
23,0.5986023,0.924737,0.6613171,0.9318248,0.61642426,1.0140404,0.55088925,0.97141206,0.6450846,0.88371974,0.6323068,0.96938074,0.5751124,0.92326796,0.55943173,0.9186487,0.7994908,0.8194481,0.73481506,0.8247002,0.79127955,0.7800978,0.756696,0.82394725,0.7009958,0.8019013,0.7383465,0.7832681,0.7210917,0.74156755,0.7074569,0.80560476
24,0.549381,0.978541,0.63603675,0.90428287,0.60860735,0.8551879,0.53160405,0.869971,0.5633527,0.93822235,0.6069921,0.9101455,0.58148515,0.84177476,0.48294932,0.9715675,0.75935465,0.7941795,0.71272343,0.88051754,0.7384386,0.81894326,0.7477382,0.79929787,0.6694092,0.8315806,0.730098,0.7583196,0.6452166,0.72062725,0.6968881,0.87558377
25,0.53922683,0.88831216,0.6179041,0.9288224,0.5929641,0.8781634,0.51861906,0.829943,0.5849308,0.9723221,0.58432156,0.9435838,0.54161465,0.8336165,0.49237347,0.9923149,0.7344099,0.84641296,0.70873857,0.77425915,0.7314688,0.7729927,0.6924921,0.7880507,0.6260109,0.84507096,0.689386,0.7812394,0.6718375,0.721196,0.6702749,0.8888946
26,0.4989688,0.8685689,0.562227,0.9208027,0.55075014,0.9428908,0.4975268,0.8468297,0.5533052,0.9405457,0.5413931,0.94816685,0.49770647,0.89461946,0.4672714,0.9020391,0.71893555,0.82421356,0.6410881,0.86278313,0.69670326,0.8224293,0.6586035,0.79492253,0.62724054,0.8099251,0.65746385,0.7978358,0.6466982,0.76436627,0.6397881,0.7897917
27,0.4792147,0.9128967,0.5687707,0.9117472,1.1058561,0.7446061,0.45227635,0.87619126,0.50348383,0.92859346,0.54693395,0.9818439,0.47032216,0.83083266,0.46488875,0.91794443,0.682534,0.7748503,0.64808846,0.78897506,0.6728223,0.8221987,0.6710806,0.8114747,0.6088401,0.8171282,0.654658,0.8119314,0.609333,0.75510484,0.62947863,0.78980184
28,0.46952817,0.8818032,1.0836029,0.82861304,0.88343984,0.7433001,0.44984895,0.8595153,0.52313775,0.91121054,0.5175584,0.93763214,0.50764793,0.8177886,0.42382288,0.9119411,0.66473657,0.8120344,0.6265865,0.9086452,0.67439777,0.794936,0.6188428,0.81182986,0.59386474,0.79147476,0.6229384,0.77389216,0.5794276,0.78302014,0.58668995,0.8350755
29,1.2345189,0.77560145,0.8822168,0.88388807,0.7839757,0.7153246,0.4201361,0.9163228,0.48280057,0.9160329,0.50860476,0.920065,0.4116761,0.91872644,1.278845,0.8582053,0.660091,0.80789536,0.609504,0.74775404,0.65535545,0.82105625,0.60994697,0.8024295,0.5608162,0.8168167,0.5975401,0.78271073,0.54246587,0.81422526,0.57236356,0.8058375
30,0.95307994,0.74625266,0.79663944,0.80759865,0.73038006,0.7817044,1.2928649,0.77949774,1.299033,0.856976,1.217541,0.8407363,1.1947613,0.7822516,0.9402349,0.7664535,1.5325638,0.7263403,1.500817,0.6975876,1.5200583,0.6958873,1.5063503,0.7857343,1.450507,0.6567787,1.3520119,0.65418243,1.2808688,0.64002025,1.39846,0.6833128
31,0.8265969,0.7343067,0.70537657,0.8369856,0.675885,0.71254426,1.0649006,0.77383506,0.9582676,0.73454964,0.97255504,0.73625773,0.8885151,0.74351925,0.7933708,0.7528809,1.2136743,0.65899026,1.1592572,0.6650665,1.2254238,0.661865,1.2106167,0.72986597,1.1325603,0.6462407,1.1074471,0.6726835,1.0656348,0.6443422,1.0889934,0.7235317
32,0.7170338,0.79043055,0.6304028,0.8079714,0.6551955,0.7058492,0.90336114,0.75948805,0.8024274,0.75262564,0.8186925,0.7232449,0.78960353,0.909356,0.740033,0.74370265,1.049907,0.69979024,1.0786892,0.66210604,1.0824294,0.6395592,1.0953469,0.64637405,1.0377386,0.65342784,0.9431819,0.6278987,0.9173518,0.655189,0.9531536,0.6642537
33,0.70683986,0.7355195,0.6370631,0.8071193,0.6328729,0.7358917,0.8419358,0.7395913,0.77467537,0.77656955,0.74664104,0.7053668,0.7077168,0.7343063,0.6441183,0.7588311,0.9641943,0.65451884,0.94071144,0.6843932,0.9641645,0.66439277,0.98733693,0.6858516,0.9463213,0.64417005,0.8623978,0.6487454,0.88290596,0.6284174,0.89795226,0.6694645
34,0.6323744,0.7697106,0.55367965,0.8633975,0.57672143,0.75491333,0.78050774,0.76484954,0.69365245,0.7589527,0.68418527,0.7571272,0.6643915,0.73996675,0.62794626,0.7920863,0.9127438,0.6749162,0.8982083,0.6602524,0.8910837,0.732407,0.9037939,0.66645193,0.881995,0.6238076,0.80786574,0.6781481,0.8172775,0.71231174,0.8326766,0.6495073
35,0.59072036,0.75795734,0.5452661,0.87918425,0.5327733,0.77016586,0.69928944,0.7956488,0.6719836,0.75338286,0.611564,0.72790694,0.57020634,0.7372948,0.54845375,0.72192264,0.80710405,0.68188703,0.840741,0.70712256,0.8444146,0.65963846,0.8564829,0.69969654,0.819211,0.68452185,0.76982796,0.70360225,0.7719881,0.6444904,0.7445138,0.7049854
36,0.56488353,0.77822226,0.5117748,0.82832265,0.5184508,0.7424333,0.6576929,0.76294076,0.60243946,0.7638874,0.5759421,0.73974603,0.5742613,0.7120272,0.52027506,0.7749721,0.8031962,0.6458015,0.79075176,0.70003617,0.7785113,0.6868967,0.79611856,0.6352021,0.77865535,0.62846154,0.70854014,0.6623451,0.71225756,0.69121754,0.7244852,0.661166
37,0.518115,0.7715178,0.45354578,0.82738304,0.5357343,0.77221596,0.6028683,0.78921914,0.5957185,0.7651156,0.5706387,0.70343435,0.5236559,0.84732527,0.51606107,0.7749172,0.7582874,0.6659074,0.78579843,0.66188484,0.7388403,0.65556824,0.7562417,0.6581103,0.7376725,0.6752042,0.6857002,0.6710329,0.71146697,0.6707559,0.6981068,0.70048654
38,0.48373026,0.770172,0.443649,0.8256971,0.4621238,0.7519684,0.5599632,0.7730809,0.5476627,0.8021725,0.5494619,0.7611,0.5041485,0.75119287,0.47557074,0.77081436,0.6815575,0.69949895,0.72424614,0.6594899,0.6952867,0.668551,0.71702546,0.6957592,0.74227786,0.6202742,0.6689754,0.6780467,0.6526622,0.6342516,0.66579276,0.651281
39,0.46241048,0.7948816,0.45123482,0.8165792,0.46770686,0.82522255,0.5560496,0.78569967,0.50655615,0.76978844,0.50106317,0.74942523,0.47570175,0.75555694,0.45487216,0.7742787,0.683981,0.6736826,0.6938552,0.6658507,0.6433558,0.7071123,0.66031516,0.71753085,0.6755878,0.6204557,0.62769675,0.6971529,0.65271944,0.7039572,0.6274726,0.67200196
40,0.4647991,0.7465307,0.41606334,0.85457295,0.437815,0.8064937,0.5175193,0.78844416,0.47682512,0.78120637,0.50146645,0.7714602,0.42859554,0.7497374,0.41812694,0.7481687,0.6130367,0.6636808,0.66979825,0.70435405,0.65500224,0.6985793,0.64523244,0.7006689,0.6825869,0.66166157,0.60882646,0.73270816,0.62199986,0.6557414,0.62476194,0.6399724
41,0.43678603,0.77650195,0.3938386,0.8809691,0.45221004,0.7645895,0.5060088,0.7754403,0.45509046,0.826081,0.48390234,0.7555598,0.42536604,0.7920997,0.41603822,0.76270586,0.591481,0.6709769,0.6608431,0.6717326,0.5885408,0.6706997,0.63473827,0.6488417,0.61146903,0.72563815,0.59756565,0.6608698,0.59320176,0.68697876,0.5641803,0.7111251
42,0.9021221,0.7300724,0.39829254,0.8275236,0.3978926,0.79610115,0.4406912,0.83018327,1.0650067,0.72327495,0.432021,0.7727013,0.408063,0.75331813,0.40253335,0.76490825,0.5868588,0.67028576,0.61314845,0.6650479,0.6139484,0.68064564,0.5925649,0.6748212,0.6124847,0.6600045,0.56786853,0.688096,0.5760871,0.705317,0.57601994,0.6787446
43,0.68942606,0.8031399,0.36184052,0.87142515,1.008708,0.72436416,0.45099342,0.7844164,0.8358976,0.68482935,0.39735255,0.7412015,0.38797697,0.7357504,0.41098803,0.81433123,0.57193285,0.68819296,0.5906948,0.72691023,1.4658004,0.5779663,0.5714933,0.66491747,0.59191376,0.6527856,1.1988196,0.57854843,0.57393444,0.66792977,0.515716,0.6529179
44,0.62574774,0.7348491,0.9518697,0.8005504,0.7792474,0.67562896,1.0685068,0.7963982,0.7170106,0.66922003,0.42078242,0.75410813,0.36460513,0.75722224,0.36409903,0.791577,0.5346057,0.7203292,0.55463594,0.6950616,1.0896298,0.5607283,0.5661335,0.67110544,0.57605934,0.7063786,0.93477136,0.61056304,1.1220183,0.6217094,0.5079867,0.6604529
45,0.59146494,0.71457964,0.7281093,0.78109044,0.69345653,0.6976311,0.78266805,0.6730711,0.6671967,0.6502458,0.38983455,0.7556029,0.34358755,0.7826076,0.35374373,0.7923677,0.5121876,0.6875648,0.5578336,0.66901565,0.9687196,0.57234985,0.5248517,0.69046384,0.5471528,0.6562951,0.84208244,0.57513374,0.9389391,0.65240943,0.504861,0.7359861
46,0.5253809,0.75601125,0.61326635,0.79894906,0.602791,0.73897123,0.6365749,0.6954223,0.6021145,0.7080256,0.36690134,0.79344183,0.36128873,0.8211265,1.1974899,0.76738614,0.518114,0.69754595,0.51592433,0.6756373,0.90334916,0.6091475,0.49264544,0.683171,0.524946,0.65674216,0.7827849,0.6216862,0.7986563,0.6326407,0.46468893,0.70979726
47,0.49720967,0.7328719,0.556457,0.81167096,0.6011268,0.698432,0.62859076,0.6837659,0.5491952,0.73149604,0.3543025,0.7337811,1.1221566,0.69127107,0.9164434,0.71008515,1.3876998,0.5673706,0.53011906,0.69399685,0.8627394,0.5395356,1.3987793,0.5995185,0.53351474,0.6785892,0.73201996,0.54311335,0.75304884,0.6164064,0.46442357,0.69788307
48,0.4554268,0.74024713,0.49910414,0.77217096,0.55019826,0.69635403,0.5517226,0.6975568,0.53371644,0.66853815,1.271141,0.6487871,0.89708614,0.74423546,0.77216506,0.7340968,1.0505326,0.57505053,0.51109564,0.6719873,0.76453763,0.5621298,1.0747778,0.5993691,0.5311035,0.675546,0.68465364,0.62155443,0.70706815,0.59808534,0.43821934,0.7039635
49,0.43434966,0.7403766,0.5076593,0.82482386,0.50911754,0.6934564,0.51428,0.66013926,0.4735054,0.733534,0.97126144,0.66342676,0.79062027,0.6578504,0.67120045,0.6652421,0.8982439,0.5879985,1.5115895,0.5982174,0.7322147,0.57097757,0.9638148,0.59020394,1.1372951,0.6173673,0.64517957,0.56466675,0.6457399,0.6272434,0.44423786,0.68416905
50,0.42906883,0.76345384,0.44229305,0.87978774,0.4750504,0.70987475,0.4684313,0.6696508,0.502869,0.6989003,0.82729155,0.6327977,0.6742695,0.6687687,0.58603364,0.65800804,0.8437739,0.58324516,1.1327755,0.57145345,0.71977437,0.54967886,0.87609965,0.5883307,0.8843028,0.59927803,0.5996573,0.6144708,0.6331339,0.60073453,0.41643137,0.6765655
51,0.4266663,0.77810395,0.42506,0.7831675,0.45617235,0.7158213,0.48120838,0.6880511,0.4366318,0.6761063,0.7141546,0.6207711,0.6096268,0.6652122,0.55358547,0.6807455,0.8048974,0.5772521,1.0032672,0.53596985,0.6611561,0.5691302,0.7991053,0.5899852,0.7554285,0.66402334,0.61191463,0.58874196,0.59939677,0.62378013,1.1479236,0.6327349
52,0.3906396,0.74911803,0.4171662,0.80507773,0.42772076,0.7986907,0.44403878,0.67968565,0.4262914,0.682667,0.6638971,0.65804994,0.5422254,0.6752318,0.49294746,0.6848525,0.7146069,0.5766486,0.8748423,0.547803,0.6087202,0.59867203,0.74343705,0.57094085,0.72121716,0.6520831,0.5566238,0.61286116,0.5550844,0.7005368,0.90296185,0.58204126
53,0.36663347,0.7370991,0.36927548,0.80950916,0.4344237,0.71651083,0.4221481,0.6774201,0.41375318,0.7235991,0.5847464,0.6746054,0.51176894,0.68572825,0.47857994,0.65823996,0.66125125,0.57654005,0.83640975,0.54862607,0.61053914,0.5857931,0.71429163,0.5670999,0.6791991,0.5931101,0.5605973,0.5909696,0.5424744,0.6211304,0.75618106,0.59239745
54,0.347981,0.7794234,0.3626865,0.80886495,0.38573048,0.71045876,0.3905042,0.70212305,0.38596952,0.7433357,0.5459196,0.6545023,0.4710711,0.6973934,0.42135513,0.6859697,0.63031036,0.62560534,0.78379077,0.56353104,0.5807705,0.6000481,0.6351472,0.5750854,0.6222032,0.5583557,0.5027579,0.59496176,0.5174993,0.7200879,0.7493657,0.617628
55,0.32994002,0.7905621,0.36779422,0.80864704,0.9760716,0.6719036,0.39566213,0.6853994,0.37375394,0.70208734,0.51870227,0.7123594,0.47504786,0.67681825,0.43617412,0.6794537,0.6281555,0.5924525,0.6992556,0.57132906,0.54411197,0.57091916,0.6124261,0.614452,0.58663446,0.59166324,0.48685881,0.65188676,0.47633803,0.6452748,0.6589821,0.5954371
56,1.0233264,0.6624226,0.34326258,0.84824467,0.71538234,0.67433125,0.3608073,0.6775562,1.0221658,0.6928217,0.5060469,0.67239267,0.42166474,0.691191,0.4012717,0.70679444,0.5749626,0.62024677,0.6800984,0.60000074,0.5229427,0.5932533,0.58820736,0.5806391,0.58930874,0.6091061,0.5111567,0.65602046,0.501881,0.645977,0.5959936,0.66401875
57,0.7663373,0.6540567,0.31050915,0.7766784,0.6035278,0.690153,0.3403777,0.72250164,0.8082747,0.64325035,0.47830164,0.67023665,0.42142516,0.7435548,0.37673175,0.7067549,0.53820586,0.6125803,0.6371239,0.59714085,0.51364976,0.5720239,0.57259595,0.5903788,0.53851056,0.6960489,0.48323604,0.60599095,0.44395196,0.65528256,0.6114085,0.61336213
58,0.6755365,0.6660742,0.33351007,0.8024032,0.54283494,0.6673207,0.362563,0.7422465,0.69915664,0.64475745,0.44267553,0.6585469,0.39457425,0.7246536,0.3660993,0.6820275,1.2322477,0.55080944,0.6077892,0.58307076,1.1320156,0.52475744,0.5149029,0.6183855,0.50673205,0.6174527,1.1151608,0.54745364,0.43221855,0.66410094,0.5452757,0.64539045
59,0.5716112,0.6543843,0.8604448,0.71445566,0.5002639,0.671689,0.34193102,0.6935732,0.60737723,0.7836157,0.42826003,0.68255097,0.34967634,0.719861,0.345498,0.75259244,0.9753764,0.5215567,0.5786532,0.57704234,0.9054114,0.4992382,0.5323459,0.6182924,0.4988597,0.609351,0.85546696,0.5374398,1.1441283,0.5895591,0.5140782,0.6075032
60,0.52894455,0.6706099,0.6188033,0.7274325,0.4510881,0.7021554,1.132547,0.6327645,0.57117015,0.6907116,0.38874674,0.7546067,1.0000215,0.6374817,0.3615963,0.7458711,0.8976484,0.50610095,0.52914715,0.6077811,0.7885401,0.5347064,0.5072275,0.64391893,0.4845722,0.5937431,0.76247764,0.5499265,0.8845318,0.55160356,0.50194824,0.6116396
61,0.49877846,0.6724128,0.5708469,0.720254,0.43328884,0.68281525,0.8378934,0.6327034,0.49624464,0.6553327,0.3874906,0.7123577,0.7206722,0.6635822,0.9546491,0.72942257,0.7660428,0.5262795,0.5141791,0.6417266,0.73592293,0.51851445,0.4746755,0.5942761,0.4536818,0.61163425,0.7018307,0.5572263,0.7688558,0.5801227,0.46709666,0.62515664
62,0.501244,0.7064592,0.49829757,0.70098877,0.4384304,0.6869168,0.7155622,0.61390465,0.4897733,0.6536995,1.0292256,0.61818546,0.6184177,0.6977945,0.7506093,0.6469143,0.71846575,0.5327107,1.2845033,0.5090183,0.66525203,0.50383455,0.45732602,0.5861644,0.43033206,0.6160263,0.65863574,0.5769529,0.7161041,0.5342043,0.44789976,0.66924274
63,0.42849192,0.6784571,0.4744068,0.73146373,0.3796843,0.6836034,0.6982154,0.6197426,0.44808185,0.67947495,0.79557824,0.74980843,0.5503341,0.6583084,0.6437477,0.6354545,0.6633498,0.5285428,0.9766381,0.5173594,0.6282358,0.51835525,0.4316289,0.62016165,0.4197165,0.59156287,0.6336917,0.5524288,0.6313335,0.53365666,1.097028,0.54534835
64,0.40416875,0.6939576,0.4304722,0.722629,0.36400637,0.72075313,0.57428056,0.623953,0.42139158,0.6949033,0.6429907,0.6770044,0.48973978,0.6668175,0.55911356,0.64826566,0.59408087,0.5157033,0.8334849,0.53318375,0.59221464,0.5196891,1.3930985,0.5058083,0.41702178,0.6599232,0.5774687,0.5825774,0.6043273,0.5686904,0.86648315,0.5198681
65,0.3942481,0.70111376,0.4285694,0.7239245,0.35595307,0.70637095,0.5498739,0.6475809,0.41592014,0.66482943,0.60323834,0.6570489,0.47112033,0.67041224,0.52884066,0.7070008,0.5753509,0.5267237,0.75147235,0.50849205,0.5471345,0.50710404,1.0166837,0.5048748,1.1317296,0.5366772,0.5481487,0.58664805,0.5782137,0.5465262,0.75906223,0.5682111
66,0.3703074,0.7117382,0.3839266,0.739479,0.3319713,0.67861235,0.5078928,0.641882,0.38458428,0.7061605,0.5631651,0.6541918,0.41808048,0.6726929,0.46564785,0.649255,0.5491851,0.5237563,0.70240045,0.52124035,0.51999396,0.542832,0.9237757,0.4961176,0.86640006,0.5597132,0.5141672,0.57356286,0.53555435,0.60003906,0.69272155,0.5811287
67,0.37138826,0.6992538,0.3573944,0.7911354,0.31969756,0.7407322,0.47475702,0.6569528,0.36622328,0.66757417,0.51634777,0.62069607,0.4120434,0.6992156,0.4350545,0.7040763,0.5107244,0.5343586,0.6635101,0.53368276,0.5102483,0.5222548,0.76725346,0.4952737,0.76613885,0.5279644,0.5159315,0.5852202,0.49518627,0.58452207,0.6572912,0.5396057
68,0.9778503,0.6773999,0.33657032,0.7687567,0.3253279,0.7241079,0.4557773,0.6748858,1.0018507,0.74509627,0.48951998,0.6650642,0.38661954,0.67669564,0.41866985,0.6675009,0.4871351,0.53290373,0.6030155,0.54829705,0.46947128,0.5504651,0.7134472,0.5049223,0.70604,0.5461308,0.48477846,0.60274917,0.49068776,0.5716326,0.597408,0.54087317
69,0.73295516,0.6776529,0.34230596,0.7557421,1.0243472,0.61144066,0.44281337,0.6316875,0.7520549,0.60743314,0.46592376,0.6450794,0.36214307,0.6617695,0.38993582,0.66483945,0.483039,0.5310154,0.56793845,0.5277638,0.4638781,0.5308362,0.6504828,0.5211479,0.6423852,0.534234,0.4680265,0.597438,0.45216212,0.57612234,0.5423118,0.5769776
70,0.61088675,0.66250443,0.32101545,0.7722211,0.75524485,0.62539023,0.39982015,0.6703527,0.61111265,0.5967188,0.42452186,0.65466905,0.33963832,0.70533293,0.3644425,0.66838753,0.48012102,0.5231517,0.55432636,0.5240979,1.2958533,0.4420664,0.62375844,0.5202722,0.61690676,0.5416272,1.018349,0.51331425,0.44918475,0.56699485,0.52897817,0.5539223
71,0.5353058,0.65024644,0.3134838,0.7728613,0.6679322,0.6424619,0.39865127,0.6787991,0.56351376,0.61851865,0.39925513,0.6611462,1.1702057,0.60932547,0.3350247,0.73666734,1.1700132,0.47455746,0.5268885,0.5386755,0.91564006,0.44792908,0.5627868,0.528324,0.5660502,0.54591686,0.79945374,0.54180586,0.43191016,0.62240523,0.49948207,0.58156574
72,0.5133942,0.6630859,0.3020858,0.7553397,0.5861645,0.6234898,0.3813974,0.67468077,0.51958054,0.62169695,0.40147865,0.6851804,0.78104186,0.59121954,0.337083,0.6717159,0.9481219,0.4410858,0.49505478,0.53702694,0.79925305,0.47552443,0.55455965,0.55613357,0.52857006,0.5681809,0.7136223,0.5224637,0.41267282,0.5775093,0.49604478,0.5704147
73,0.4459114,0.67507267,0.97305465,0.6987096,0.54397374,0.5916683,0.9231889,0.6065454,0.48228082,0.606123,1.1219367,0.5680677,0.6743128,0.62539846,0.33521783,0.7137845,0.7984615,0.46459487,0.4945568,0.55611086,0.75765437,0.4648144,0.52851546,0.52669704,0.52489555,0.515876,0.63516146,0.51514083,0.3836777,0.56829274,0.45607278,0.6239228
74,0.44458497,0.6731879,0.7104382,0.69470674,0.48836452,0.64184535,0.7042874,0.57264864,0.44831493,0.63633084,0.8089685,0.58167577,0.6072952,0.5973222,0.91026175,0.61668205,0.7216845,0.47335947,0.4549154,0.5459555,0.68503827,0.4440145,0.50061935,0.5322456,0.48671183,0.5855636,0.59811985,0.55157787,1.0349694,0.5652712,0.4363623,0.58284754
75,0.38857546,0.6710033,0.60875666,0.6843761,0.46433467,0.65718603,0.6376696,0.5638563,0.41514295,0.6111955,0.70446473,0.5569006,0.5318949,0.5937017,0.70403355,0.57368684,0.6537695,0.48189312,0.453255,0.5253245,0.6175058,0.46524408,0.45911434,0.5508902,0.4637881,0.57111496,0.5526426,0.5857723,0.8248399,0.51181144,1.1662422,0.5562504
76,0.3718143,0.70222366,0.5410414,0.6851055,0.45850497,0.6854947,0.5456187,0.58942515,0.38512304,0.6629207,0.60167736,0.5882935,0.5048099,0.610072,0.58377445,0.63558185,0.60409397,0.5159798,1.2294594,0.45077038,0.571632,0.4714184,0.44674549,0.53757656,0.4517375,0.5546452,0.51987964,0.52197295,0.7019889,0.4834748,0.9020583,0.4888337
77,0.35507333,0.6987409,0.4815415,0.69883835,0.43091643,0.6317811,0.5084387,0.58945036,0.37907657,0.63124233,0.53878254,0.56428206,0.4599842,0.6031552,0.5059833,0.60484886,0.55089635,0.4722246,0.95890206,0.45151177,0.5506829,0.477106,0.4257903,0.56297386,0.42867193,0.5490018,0.4869719,0.57883036,0.6431285,0.52293235,0.7778874,0.48343822
78,0.3554606,0.67847544,0.46036106,0.6862595,0.4021845,0.6462745,0.4883157,0.63254106,0.3720812,0.62053144,0.5161365,0.6180729,0.4587556,0.60428655,0.47333542,0.6143567,0.53695136,0.4731022,0.8151232,0.49197882,0.5208903,0.45098585,1.2701293,0.45280993,0.40784457,0.5587844,0.4664836,0.5931711,0.5960997,0.53829175,0.6941685,0.49710047
79,0.33133063,0.6881112,0.42104504,0.72068805,0.3849232,0.68567145,0.4475074,0.59319925,0.3410097,0.6691257,0.4584263,0.5942453,0.41238025,0.61336935,0.45273787,0.58943135,0.4958423,0.50461876,0.744991,0.4394477,0.49806282,0.46467817,0.90603137,0.45115834,0.39344543,0.55460787,0.4511465,0.55146134,0.5488345,0.52273005,0.6381087,0.5346298
80,0.3137549,0.6702035,0.4003135,0.726137,0.38950184,0.65447766,0.41193706,0.6061448,0.33245665,0.6393426,0.44241694,0.60778314,0.3837063,0.6214206,0.40091747,0.60853213,0.46303234,0.48794922,0.6729747,0.46942666,0.47122863,0.4462819,0.8685252,0.4487625,0.3749565,0.58048004,0.4240862,0.5488957,0.5154644,0.5519307,0.616559,0.4849116
81,0.32854754,0.69336146,0.377993,0.72722983,0.34915066,0.64998645,0.39949578,0.63975203,0.982561,0.5620757,0.4151434,0.5697347,0.37469828,0.63197637,0.366272,0.61683667,0.466648,0.5022421,0.6504665,0.45189136,1.2100124,0.3839582,0.68637586,0.44157946,0.37485886,0.60764414,1.168386,0.4471503,0.47847864,0.5207053,0.55678946,0.58346015
82,1.0005122,0.57446045,0.3546254,0.71261793,0.34556064,0.71599996,0.36927146,0.67226666,0.7316967,0.5556377,0.40776473,0.5879299,0.34760067,0.615719,0.36976716,0.6215663,0.45820603,0.47887626,0.59436613,0.4682996,0.87073296,0.3837646,0.6300927,0.45443708,0.3676156,0.6466714,0.8787543,0.4094405,0.46339598,0.59780633,0.5300098,0.5121502
83,0.7448279,0.5888781,0.3534146,0.75527424,0.32122415,0.6684547,0.35135737,0.62281895,0.6086565,0.632126,0.37013707,0.6015758,1.071275,0.55426943,0.3284005,0.6147867,1.2414916,0.40080577,0.55722964,0.46273285,0.7530902,0.43223342,0.59446734,0.4460432,0.34227595,0.5875491,0.7682201,0.45853013,0.44091907,0.53659683,0.4885484,0.5213495
84,0.6297363,0.59685856,0.30985937,0.77001965,0.99300665,0.58673257,0.35846087,0.63204783,0.5960417,0.57327527,0.3602912,0.6003376,0.76164913,0.5345063,0.31608635,0.60940975,0.96295303,0.41779563,0.5411896,0.46668023,0.7036008,0.40528557,0.5332117,0.45486483,1.1280164,0.50227046,0.70354646,0.4440878,0.40581843,0.550771,0.4824289,0.52974766
85,0.5502716,0.57306397,0.3083703,0.740839,0.714567,0.5805806,0.3385025,0.6471803,0.5292151,0.563583,0.33977002,0.6101085,0.64485353,0.6020899,0.3024264,0.62100136,0.8361008,0.39434543,0.48921016,0.47746357,0.6128293,0.41509578,0.5267151,0.46737587,0.8724707,0.48968172,0.6374474,0.4488534,0.40181488,0.54900396,0.44883445,0.5512258
86,0.4894996,0.5841951,0.8912289,0.671425,0.58666295,0.5741003,0.92050445,0.57633805,0.48083532,0.57012933,1.0364702,0.5307153,0.6033591,0.56632096,0.9276567,0.58725744,0.7631172,0.41770473,0.49067083,0.47062835,0.551597,0.43071353,0.47186714,0.4690007,0.7528611,0.47706655,0.6069231,0.46550003,0.3732486,0.5563084,0.4316972,0.53042036
87,0.4464441,0.6160885,0.67493063,0.6622588,0.53744906,0.5893817,0.6877029,0.5676535,0.44884452,0.60146123,0.77517617,0.5006745,0.5091608,0.60836804,0.6879424,0.5952636,0.6765235,0.39647213,0.44802886,0.50295144,0.5240676,0.4222834,0.46897534,0.4727017,0.6767843,0.48194975,0.56974083,0.48269832,1.1038454,0.47208884,0.41727814,0.5518372
88,0.43481806,0.60663664,0.5528259,0.6636578,0.49338335,0.59224045,0.5407211,0.59661204,0.43052754,0.59256566,0.6652729,0.5422981,0.48148373,0.6124922,0.57022685,0.5582991,0.6322435,0.41448802,0.42413053,0.475127,0.48915198,0.4089535,0.43308067,0.4653356,0.62517446,0.48641,0.55035126,0.44345364,0.81522197,0.4768106,1.0531181,0.5342692
89,0.39283282,0.6278758,0.4957485,0.69182074,0.44103304,0.62937725,0.5067515,0.5723397,0.38476282,0.5985272,0.59286475,0.5619937,0.45002705,0.59451276,0.5132506,0.56160307,0.58349967,0.42941386,0.43930775,0.49323934,0.48126602,0.41413125,0.41701743,0.46094775,0.5855347,0.50612783,0.515412,0.47925207,0.67752033,0.50187725,0.8086074,0.49033076
90,0.3631243,0.62785727,0.47167194,0.69314116,0.42605433,0.5953765,0.42316806,0.619765,0.3861844,0.62608653,0.551203,0.53744954,0.42558393,0.59837407,0.4625429,0.5658729,0.5286224,0.41716465,1.1851237,0.38471922,0.44953653,0.43271014,0.40621576,0.47855204,0.51537114,0.5271631,0.48524156,0.48971504,0.6291367,0.51492184,0.68944305,0.46261805
91,0.36541626,0.6543526,0.44103634,0.6964198,0.3905693,0.6136503,0.4159617,0.59124416,0.35987142,0.6213859,0.51439947,0.57391614,0.37685135,0.62201226,0.4163088,0.6074267,0.5280307,0.42252195,0.8527171,0.4167112,0.44090125,0.41616103,0.3878258,0.490637,0.50936264,0.5086156,0.46810153,0.47072414,0.5784175,0.5933142,0.6423546,0.45850968
92,0.33976087,0.6334372,0.38669404,0.7022766,0.39330527,0.61675334,0.3849489,0.61261404,0.33946663,0.59702045,0.48883706,0.5365768,0.37181893,0.588418,0.40361908,0.61339724,0.47011617,0.41118363,0.75993073,0.3931136,0.40642384,0.41759425,1.2832699,0.38414523,0.48045948,0.5172917,0.44095525,0.4832066,0.5478136,0.5208439,0.563415,0.44005743
93,0.32911795,0.64263445,0.38201123,0.71502554,0.36177215,0.6254546,0.36523208,0.6215031,0.95127594,0.5249986,0.44091013,0.55658054,0.35760948,0.62665033,0.36166283,0.5959786,0.46994933,0.4134719,0.6607926,0.40977225,1.2591503,0.34534377,0.90617967,0.38222614,0.4452995,0.506247,0.97476256,0.3973246,0.51303446,0.57549024,0.5386352,0.4947977
94,0.315557,0.64218754,0.3703229,0.6860955,0.34627378,0.64917743,0.33607885,0.59376365,0.6732915,0.52781594,0.4272969,0.5560137,0.32326075,0.6041309,0.3511372,0.57933986,0.43757764,0.4181618,0.621183,0.41845974,0.9032763,0.32300434,0.78070736,0.37886906,0.43082544,0.5043788,0.7412774,0.41931787,0.48861802,0.49341694,0.53391707,0.52908975
95,0.31831402,0.62516475,0.34011644,0.7058801,0.32822865,0.6595442,0.32626355,0.63602287,0.5956977,0.52816665,0.39862218,0.54528403,1.0151584,0.5141266,0.32525954,0.60046554,0.41187724,0.42777383,0.56518394,0.44120383,0.7718843,0.3461265,0.70212275,0.38964874,0.41107577,0.5040264,0.6525067,0.4087302,0.45175254,0.5022528,0.47550455,0.49928832
96,0.9958582,0.5507163,0.3304306,0.69647825,0.3268213,0.6274637,0.31167096,0.6347779,0.52088994,0.5698334,0.39301166,0.5531944,0.7321464,0.5189319,0.30498654,0.5902656,1.280061,0.31863928,0.5361827,0.41047132,0.6465427,0.3306886,0.62495434,0.38606507,0.39046735,0.520423,0.5876178,0.44255486,0.43567017,0.51739854,0.45763558,0.58035946
97,0.7185489,0.5459734,0.31772476,0.72758657,0.8616465,0.55361336,0.3026894,0.63952124,0.4700915,0.55165327,0.3619644,0.5945648,0.60232794,0.51241285,0.30628046,0.5813424,0.9552471,0.32661912,0.50467557,0.41473728,0.6059387,0.32944974,0.5721098,0.39463955,0.9943438,0.45112094,0.52812415,0.43865028,0.42724848,0.4936505,0.4338828,0.49030954
98,0.5891493,0.5334439,0.8502607,0.6607641,0.658721,0.59101,0.8732275,0.5653832,0.4439987,0.6000831,0.98399025,0.49590236,0.5742082,0.51283425,0.27070624,0.63568664,0.8173628,0.31452993,0.47370768,0.45419297,0.5670911,0.35470977,0.53342324,0.3998089,0.7376951,0.4545981,0.50064975,0.45097807,1.000789,0.49323294,0.42343146,0.49812394
99,0.54397434,0.5546081,0.57829857,0.63768214,0.57669365,0.54970795,0.60406303,0.55589485,0.42445892,0.57111967,0.729504,0.48715428,0.50981486,0.5103511,0.96082634,0.57328784,0.693712,0.33983564,0.47000125,0.4223812,0.5252512,0.33742708,0.49585357,0.39530024,0.64772445,0.4953372,0.47580782,0.42650664,0.78479576,0.4387619,0.38945007,0.50318164
100,0.5096409,0.6004333,0.5129849,0.63329864,0.48712817,0.5471111,0.53520864,0.5466989,0.3880176,0.5638795,0.61474234,0.53843695,0.4527564,0.556769,0.7144707,0.5125895,0.64480597,0.32351127,0.41934124,0.44860965,0.4838617,0.3556445,0.46451792,0.40395766,0.5860564,0.4785918,0.4361226,0.45277447,0.671539,0.41837934,0.37875313,0.5025529
101,0.44187003,0.5559407,0.4726073,0.63508105,0.47263154,0.6038433,0.47701958,0.5406192,0.35094026,0.56508416,0.5304357,0.51639485,0.42628926,0.5332244,0.5905944,0.5529225,0.6000957,0.33275983,1.1184043,0.33738616,0.47454435,0.33752376,0.43989706,0.44004762,0.55249065,0.47203454,0.42942697,0.44602987,0.6227969,0.41117942,0.36019266,0.5262529
102,0.43708017,0.55504787,0.39699116,0.6350802,0.43445367,0.5721434,0.42989486,0.556458,0.3441719,0.5930033,0.48351607,0.52582425,0.42338595,0.53199,0.5317704,0.53946596,0.56077313,0.33765933,0.83280003,0.33440965,0.44987413,0.34394202,0.4190449,0.41542906,0.50269413,0.4884698,0.40197903,0.4482763,0.56130487,0.46241894,0.3499519,0.4939344
103,0.39982954,0.5557737,0.41218096,0.6638819,0.38177648,0.5646611,0.37936622,0.5719017,0.32673007,0.5819857,0.44799063,0.49818772,0.38228357,0.5279031,0.45302972,0.5706338,0.53546715,0.33673286,0.7120121,0.32723615,0.4227812,0.35238728,0.40832046,0.4229547,0.4609089,0.4625768,0.38467994,0.4266724,0.5315516,0.44673294,0.9754953,0.43992388
104,0.3570682,0.559716,0.3647021,0.6232875,0.37715375,0.5722466,0.37040046,0.5715651,0.8901774,0.48405662,0.41121623,0.5349956,0.35376105,0.5306136,0.42311382,0.54596525,0.49992198,0.32863942,0.6243605,0.32218614,0.41516626,0.35887825,0.37444368,0.40389895,0.45279238,0.49708828,0.98155767,0.34173867,0.4983307,0.4588894,0.73824227,0.407378
105,0.35816252,0.57987446,0.34185523,0.6634122,0.3516488,0.6389063,0.3582678,0.5642498,0.68150216,0.50050014,0.38707456,0.5643646,0.35750946,0.52757275,0.42188582,0.54148155,0.47845495,0.3367131,0.5799603,0.3413312,1.2278494,0.27024895,1.1582702,0.33198512,0.41986996,0.49035576,0.71095186,0.3888052,0.44685727,0.5026414,0.6408238,0.40375027
106,0.3309745,0.5855314,0.32774478,0.6542292,0.3379137,0.6093389,0.3333659,0.5716147,0.5678175,0.48791042,0.3694641,0.5475814,0.31771505,0.55128336,0.37489876,0.56636643,0.45944104,0.34478614,0.5179632,0.32738048,0.8782542,0.26356867,0.8112746,0.3368878,0.398173,0.5098019,0.6272319,0.37105125,0.44026393,0.49397063,0.5763201,0.42618987
107,0.32844752,0.5709287,0.3174918,0.6562802,0.3252679,0.599169,0.32094634,0.5824826,0.5125975,0.5055372,0.34001428,0.5477227,0.3202397,0.5476047,0.35084122,0.59436744,0.42010766,0.3560539,0.5161768,0.34580526,0.7511227,0.26019603,0.6836213,0.34211275,0.38888258,0.56333125,0.5777184,0.37528247,0.41694397,0.46208557,0.5206531,0.41446143
108,0.31398734,0.5819663,0.2869375,0.687224,0.31873962,0.5839367,0.30814606,0.5946648,0.46117613,0.5178518,0.32959807,0.56246203,0.29773948,0.54646176,0.33694604,0.5913385,0.42643374,0.33971393,0.47316468,0.37358874,0.6680432,0.2635207,0.5931809,0.33579996,1.0056164,0.5042412,0.52112544,0.40229592,0.39517176,0.4789691,0.5115935,0.4513031
109,0.9487306,0.4985635,0.28993204,0.6631329,0.2996884,0.62866044,0.300656,0.5899802,0.4166916,0.51777,0.3291386,0.53379667,0.28340647,0.55661535,0.32173395,0.5529837,1.2179704,0.26219684,0.44387743,0.33829108,0.6016108,0.26875484,0.54206586,0.3356805,0.7423607,0.3942144,0.50933594,0.3992779,0.3918204,0.47039935,0.4555195,0.42870575
110,0.68143076,0.5037388,0.26966134,0.7070521,0.31035218,0.59480727,0.29767385,0.62328076,0.40871155,0.50191927,1.0336537,0.44007054,0.9713793,0.47668058,0.3176898,0.5539918,0.89283967,0.26226497,0.4306112,0.3511249,0.55780035,0.26783258,0.5103222,0.3372205,0.6592929,0.47325408,0.47193375,0.39831918,0.37394464,0.4425868,0.43830976,0.48931986
111,0.558194,0.5454092,0.26543,0.6870961,0.83477366,0.54078907,0.29140303,0.5793302,0.35005963,0.52970266,0.7813436,0.42823675,0.6957694,0.4721048,0.96200585,0.46537778,0.75221354,0.25700605,0.39613548,0.3681561,0.5079049,0.26636094,0.44393054,0.34773257,0.58907104,0.43768695,0.4422999,0.38395262,0.3424806,0.50374967,0.42211688,0.45451453
112,0.49560457,0.51547045,0.27230218,0.69573146,0.6123079,0.54117554,0.91702586,0.51017106,0.34073532,0.5183163,0.66184366,0.43496335,0.5978206,0.48314178,0.6886768,0.49684665,0.67694855,0.26414666,0.4033136,0.35251784,0.4981862,0.26880962,0.43371,0.3476029,0.5347488,0.4161679,0.43320733,0.4120453,0.90524215,0.44555604,0.39275232,0.45933038
113,0.43764207,0.5056959,0.24938734,0.7114261,0.513256,0.54009926,0.68604904,0.5043699,0.33503026,0.5238076,0.5779058,0.4396538,0.49609423,0.5473264,0.5653845,0.52966845,0.63555336,0.26509157,0.38094723,0.35166928,0.4705098,0.268184,0.41956064,0.34728307,0.50537854,0.48989677,0.41499725,0.38688445,0.7072148,0.3594166,0.3843731,0.4738133
114,0.42299017,0.49601978,0.24274041,0.73903716,0.43713543,0.5444859,0.55254096,0.5327412,0.33625582,0.5510022,0.52387685,0.43463853,0.47671613,0.48110718,0.50900966,0.48257753,0.5656226,0.26439285,0.35373843,0.35296673,0.4427164,0.28081003,0.37781134,0.3750813,0.4672868,0.43507943,0.39311123,0.39442015,0.60196304,0.45001283,0.35116565,0.4349684
115,0.38445154,0.5235064,0.8965169,0.6071427,0.41560853,0.54507923,0.48587197,0.54105425,0.946915,0.46923268,0.44059378,0.44580978,0.42551896,0.5007161,0.4448467,0.50885105,0.52361107,0.26479036,1.2010659,0.25560617,0.42747942,0.2786166,0.36638653,0.35157907,0.45167813,0.425344,0.9780633,0.3877156,0.5496,0.4009472,0.34898347,0.43857142
116,0.36223623,0.5219906,0.6474548,0.5952081,0.3629376,0.55074054,0.4410619,0.5276771,0.70338446,0.46483022,0.41080102,0.46230227,0.39714736,0.49038962,0.43284985,0.50272167,0.51471823,0.2737179,0.90039074,0.25533885,0.40828434,0.275533,1.1375766,0.27082768,0.4194829,0.45191342,0.7779495,0.33024585,0.49786332,0.41436365,1.0440791,0.40143174
117,0.3432554,0.5245782,0.5432198,0.6128682,0.3488587,0.5596293,0.3928525,0.53816366,0.58944255,0.46493307,0.3855305,0.4463598,0.3754918,0.4981977,0.4062079,0.5122604,0.45730478,0.276852,0.76004887,0.25743902,0.38155317,0.2807924,0.8268767,0.25853017,0.39284503,0.44577736,0.6832758,0.31860667,0.46376076,0.40412912,0.770677,0.3796776
118,0.32422763,0.53616834,0.48106956,0.5977578,0.33000013,0.5530155,0.37022913,0.54994434,0.5113547,0.45070466,0.35686657,0.4469229,0.35324878,0.49276742,0.36708388,0.52397364,0.4473282,0.26918986,0.65388364,0.25042978,1.2492473,0.1842374,0.71171194,0.2606504,0.37760428,0.436875,0.59739506,0.30284974,0.4135483,0.39033735,0.67268306,0.38258246
119,0.32329157,0.53944856,0.43016207,0.6494051,0.3057232,0.5655751,0.3473063,0.55387783,0.47569588,0.4629561,0.3336356,0.5523607,0.3416989,0.5114279,0.3687783,0.5130148,0.4368535,0.28388238,0.5952208,0.25102738,0.89839756,0.17227224,0.61852705,0.2601884,0.38051018,0.4867883,0.5701932,0.35362768,0.4032652,0.41573066,0.60137206,0.37493888
120,0.30258575,0.5283093,0.40099198,0.59794575,0.31678662,0.5678827,0.3298591,0.5577727,0.4043091,0.48012152,0.3251747,0.46404037,0.33090892,0.48480654,0.323899,0.49379298,0.40976807,0.2756646,0.5453278,0.2604425,0.7692156,0.17066921,0.5604475,0.26508808,1.0091965,0.3722532,0.5374208,0.38979888,0.37622797,0.40777323,0.5421816,0.41477764
121,0.29472578,0.5431808,0.36401522,0.60108954,0.28794205,0.5693177,0.33465627,0.5602108,0.39643422,0.4636782,0.3102711,0.46451294,0.2970435,0.48799607,0.31078708,0.5232112,0.3929467,0.28737018,0.49366114,0.2819434,0.67139757,0.17248297,0.5178461,0.26400274,0.74579966,0.4705436,0.49602014,0.33100837,0.3626233,0.42084607,0.48647997,0.39442196
122,0.2838376,0.5505306,0.35062382,0.6000991,0.27757412,0.5745441,0.30593115,0.5526835,0.3698487,0.5336161,0.9510121,0.42822707,0.9006659,0.43301246,0.9554909,0.42623708,1.1727058,0.18088777,0.48243684,0.26860484,0.59274995,0.1733143,0.47941035,0.26902816,0.6654875,0.38862783,0.4662769,0.3590308,0.33359203,0.39437497,0.45278093,0.39486226
123,0.27444458,0.5505838,0.3282177,0.6111257,0.26866832,0.60033476,0.2982779,0.57650405,0.34682992,0.49710166,0.6720303,0.39173517,0.65957934,0.44791067,0.7069637,0.44719276,0.8414062,0.18118788,0.4565162,0.26094016,0.54748344,0.17997804,0.44318503,0.27120394,0.5932954,0.37581238,0.4434653,0.34971872,0.33393443,0.43607357,0.45036614,0.42565244
124,0.26123354,0.5451572,0.31411543,0.6212999,0.9062685,0.49953038,0.93067306,0.47344717,0.32193753,0.5515511,0.57925403,0.39267412,0.53748435,0.42668816,0.58720833,0.49465814,0.705605,0.18018137,0.41944912,0.25544927,0.510198,0.17748432,0.43242517,0.2782041,0.5332101,0.39974803,0.41762683,0.36302197,0.97074044,0.31705782,0.4116812,0.40183696
125,0.88576156,0.46786755,0.2989172,0.64025235,0.63151366,0.48965105,0.6392223,0.4797672,0.32112056,0.47963184,0.49583912,0.3927841,0.4735538,0.4298055,0.5149069,0.45579484,0.62261844,0.17937197,0.39106166,0.28419626,0.48133343,0.18216377,0.40285784,0.26407495,0.48957545,0.37116656,0.41485292,0.33470422,0.73638904,0.36162505,0.38976845,0.40771595
126,0.63789725,0.48052338,0.27370295,0.63549453,0.52701586,0.5091195,0.54916584,0.47215527,0.30851886,0.5047977,0.4559881,0.39632294,0.43241408,0.44753054,0.45720392,0.45034736,0.57578886,0.18045501,0.3876092,0.27091748,0.46114337,0.18928213,0.39230973,0.26953667,0.46422586,0.3864777,0.40006992,0.33760196,0.6381443,0.32218888,0.37851426,0.40533045
127,0.5333744,0.45979077,0.8794719,0.5863343,0.44817597,0.4997901,0.4591775,0.48482135,0.28967983,0.4862652,0.43182972,0.4065823,0.4043348,0.45150384,0.41043833,0.46136993,0.5322275,0.19211093,0.37923902,0.26488584,0.43808404,0.18201207,0.36777222,0.27504292,0.43842128,0.4010966,0.3653957,0.39822584,0.58678705,0.33059582,0.3382798,0.38688478
128,0.4686456,0.49650925,0.61481965,0.5671644,0.43238735,0.51177907,0.42733237,0.4817153,0.2756124,0.4974562,0.3941368,0.43962514,0.37145013,0.4386708,0.40188494,0.4421877,0.50032765,0.18628094,0.35911903,0.27349594,0.4193165,0.18319091,1.184664,0.1868705,0.42269927,0.39023235,0.35296857,0.33409005,0.52783936,0.34082094,0.34354356,0.43476665
129,0.40854722,0.4740309,0.55544204,0.56238276,0.38168526,0.504893,0.41012564,0.50273585,0.8667364,0.41188264,0.36159223,0.46331406,0.35408244,0.4505387,0.3686593,0.43691644,0.48298204,0.18223841,1.114435,0.19239314,0.3886404,0.18523088,0.8996786,0.177753,0.3975427,0.37250414,0.9653132,0.24879722,0.4790236,0.34256724,0.32284623,0.40228406
130,0.37473628,0.48761794,0.466617,0.58044964,0.34957013,0.50965077,0.35710123,0.52439046,0.6105553,0.40437785,0.3490465,0.4369628,0.33227503,0.4590807,0.33376467,0.46023253,0.45226797,0.18999422,0.8021444,0.18130597,0.38544503,0.19314729,0.74641615,0.17747217,0.39890146,0.4191029,0.76083636,0.24843207,0.46843892,0.3476231,0.9586767,0.3364397
131,0.34565818,0.47548345,0.42296246,0.5653805,0.3434023,0.53159,0.35557225,0.5058343,0.5341931,0.40791738,0.3190233,0.42260343,0.31401548,0.477942,0.3242769,0.46224907,0.42574826,0.18245843,0.6775391,0.18668418,1.1620907,0.082701385,0.6594175,0.18288235,0.36619315,0.37975827,0.6462303,0.20818077,0.42714113,0.35431498,0.7277994,0.31740442
132,0.33389074,0.48920667,0.37955618,0.5674513,0.30712733,0.5348294,0.33721253,0.49658307,0.47677648,0.4087402,0.32771933,0.42806408,0.29894188,0.4493137,0.30817813,0.45564467,0.40719905,0.18700154,0.58053774,0.1785445,0.83181787,0.08224691,0.5912912,0.17975134,0.3452776,0.3936047,0.56514704,0.27067733,0.41298917,0.35923788,0.6250957,0.3258133
133,0.3056671,0.49520218,0.37249056,0.5681092,0.3126022,0.5229317,0.31553745,0.5320156,0.40576166,0.44060892,0.2933392,0.4258247,0.28849417,0.4591166,1.0138001,0.4044582,0.3897608,0.18739489,0.54015136,0.18354017,0.70632225,0.086470924,0.5226221,0.18493025,0.33078977,0.3834919,0.5218586,0.25884628,0.39631608,0.3695962,0.55795985,0.35951093
134,0.29459867,0.5051771,0.32761654,0.58945316,0.2795697,0.5378248,0.3165011,0.5025765,0.3830713,0.43469486,0.8869883,0.3371283,0.28242227,0.4676337,0.7079655,0.3893527,0.37402862,0.18723562,0.48640236,0.18281615,0.63620836,0.0835315,0.5091032,0.18903285,0.33126053,0.446704,0.48348686,0.25135237,0.37479442,0.3503713,0.51239496,0.34261134
135,0.27902657,0.48897102,0.30216587,0.6029,0.28163156,0.55040264,0.29017654,0.54635274,0.3542511,0.4447342,0.6443153,0.34000784,0.96680605,0.42370307,0.6123096,0.37211818,0.35943365,0.19313325,0.46422613,0.18343198,0.5627921,0.082073085,0.47750813,0.18265541,0.32032993,0.3904456,0.46694896,0.26822844,0.99371016,0.3078245,0.46020982,0.35541856
136,0.2753664,0.50987595,0.28905937,0.5836204,0.9307762,0.45702162,0.28574198,0.5209254,0.33750254,0.43493542,0.54637915,0.33142185,0.69109243,0.3821466,0.5257006,0.39311555,1.1516296,0.08637132,0.43876648,0.18546017,0.518371,0.08226333,0.45672923,0.18338716,0.9754794,0.32319215,0.42818892,0.28433096,0.7542307,0.21514593,0.4369382,0.3452708
137,0.27509102,0.50238746,0.27620396,0.6051841,0.64340264,0.44679737,0.8194063,0.43918926,0.33180654,0.40955395,0.4584274,0.3498956,0.60338616,0.37587342,0.47067648,0.4062493,0.86279947,0.08624025,0.3880345,0.18560195,0.46588972,0.08252579,0.4177473,0.19027804,0.75284463,0.31747937,0.40070453,0.23361021,0.64226425,0.2607128,0.40458998,0.3329353
138,0.9012634,0.42058483,0.28004903,0.6238155,0.531229,0.46524417,0.5821155,0.44408232,0.30347207,0.4267696,0.44173345,0.34204257,0.52722543,0.40497276,0.43839988,0.40414122,0.7187939,0.08890889,0.3818513,0.18506789,0.43732452,0.0828274,0.40634373,0.18605247,0.6194855,0.3396783,0.38941675,0.27654913,0.564262,0.27440783,0.38503557,0.34406167
139,0.6402882,0.41416278,0.26807112,0.6252337,0.47699794,0.4680537,0.4717234,0.465415,0.28893825,0.47716922,0.40525502,0.37145016,0.46642298,0.37453297,0.40311193,0.3910915,0.6475504,0.08819269,0.3628439,0.18738817,0.44693443,0.08634125,0.3845778,0.19138002,0.5621086,0.32382542,0.37835962,0.2777566,0.5169621,0.2635866,0.35978332,0.349343
140,0.54159945,0.41112548,0.86825687,0.5120359,0.39871684,0.5123225,0.41852248,0.4707603,0.26549748,0.41992617,0.3613568,0.34938958,0.41981998,0.4080671,0.36516237,0.41417333,0.590619,0.085039,0.35585484,0.18684725,0.4065818,0.08236272,0.3630009,0.18975762,0.49370545,0.30356997,0.35927045,0.26779023,0.48146465,0.23866192,0.35868728,0.34820655
141,0.47887117,0.4332099,0.62706465,0.5096999,0.39096555,0.47337046,0.37414303,0.4879435,,,0.34797123,0.36917585,0.38751948,0.38688856,0.35226148,0.3974774,0.55818486,0.08618122,0.3220903,0.19409235,0.38509086,0.087833986,1.1878039,0.08433028,0.47123474,0.363279,0.33885202,0.24645025,0.44407585,0.2423217,0.33045048,0.3511121
142,0.43693212,0.42698103,0.5186314,0.5158082,0.35489777,0.48987296,0.3338103,0.50674695,,,0.31757718,0.47497645,0.37185574,0.38066754,0.3253113,0.39281318,0.5147778,0.08617872,0.31797972,0.19390664,0.36138505,0.08410143,0.8478402,0.082937665,0.43218243,0.28861102,,,0.42240155,0.2823559,1.0110074,0.28998968
143,0.3957754,0.45642933,0.42814884,0.5433435,0.3357316,0.49152222,0.312419,0.4843731,,,0.31872588,0.39208177,0.34364346,0.40369263,0.31423387,0.4648248,0.4649687,0.090771526,1.1302838,0.090527415,0.35911053,0.08511578,0.7235126,0.08422005,0.408514,0.31310046,,,0.39712095,0.24841182,0.7436101,0.31432492
144,0.37659958,0.43154034,0.39436573,0.54628396,0.3262455,0.5014864,0.29662606,0.50607973,,,0.28048095,0.35200754,0.32626703,0.4084594,0.32013315,0.41101542,0.45769018,0.08705783,0.8613431,0.093208075,0.33924675,0.08399406,0.6520804,0.08364314,0.37880135,0.3291402,,,0.37030992,0.284119,0.64873296,0.33331117
145,0.34679753,0.44967106,0.35011855,0.54491836,0.30555245,0.49368185,0.2899812,0.4936476,,,0.2764817,0.35251093,0.29818532,0.39216056,0.28279412,0.42188895,0.4316246,0.087885104,0.7133217,0.0946649,0.3202105,0.085889615,0.5595581,0.0833366,0.35329968,0.30959502,,,0.36153528,0.33253118,0.55718267,0.2951115
146,0.3308443,0.447241,0.33780763,0.5587699,0.28241187,0.5127778,0.2584764,0.4955405,,,0.2589675,0.37194124,0.2929559,0.40692842,,,0.40730524,0.0898943,0.60708326,0.09283579,,,0.5324347,0.08373241,0.3397931,0.30946216,,,0.33952707,0.26621968,0.5306879,0.33442548
147,0.33714542,0.45838088,0.32354492,0.5553667,0.28131187,0.48753217,0.26503965,0.4974163,,,,,0.28255782,0.4049938,,,0.39804563,0.08789469,0.5454112,0.098814696,,,0.47619152,0.082812876,0.32214823,0.31668854,,,,,0.48667976,0.2844997
148,0.3150989,0.45523798,0.2954201,0.5720273,,,,,,,,,0.26827636,0.4084206,,,0.37955192,0.08859092,0.507314,0.09293955,,,0.44918257,0.085585274,0.30696553,0.3321201,,,,,0.46145326,0.35850048
149,0.28952655,0.46395934,0.29383346,0.58484066,,,,,,,,,0.26082104,0.41008604,,,0.36650714,0.09031454,0.4598258,0.093639724,,,0.42081073,0.08220319,0.29143366,0.34308302,,,,,0.43010098,0.323618
150,0.29698256,0.45456958,0.27389947,0.58671707,,,,,,,,,,,,,0.3654935,0.09259598,0.4392925,0.093897566,,,0.4027533,0.08660772,0.29018608,0.32614744,,,,,0.40249726,0.33212075
151,,,0.25528938,0.57762307,,,,,,,,,,,,,,,0.4042188,0.093989484,,,0.38945848,0.085739985,0.27133375,0.31654027,,,,,0.38093987,0.31359208
152,,,,,,,,,,,,,,,,,,,0.39053735,0.09672105,,,0.36037546,0.087615095,0.2611951,0.3442075,,,,,0.37177908,0.30777523
153,,,,,,,,,,,,,,,,,,,0.36988476,0.095460005,,,0.34255156,0.09522413,1.0099849,0.20598033,,,,,0.3368389,0.38275614
154,,,,,,,,,,,,,,,,,,,,,,,0.33209017,0.083533786,0.7276215,0.22364666,,,,,0.33495346,0.33996132
155,,,,,,,,,,,,,,,,,,,,,,,0.32857835,0.08469623,0.6174304,0.2192031,,,,,0.31205174,0.32141563
156,,,,,,,,,,,,,,,,,,,,,,,0.31279123,0.085290276,0.5435313,0.26571596,,,,,0.30814064,0.33005604
157,,,,,,,,,,,,,,,,,,,,,,,0.2930986,0.09040712,0.48384827,0.24421346,,,,,0.28958866,0.3463795
158,,,,,,,,,,,,,,,,,,,,,,,0.2856102,0.08692046,0.45604143,0.26283252,,,,,,
159,,,,,,,,,,,,,,,,,,,,,,,0.29685718,0.089867294,0.43378833,0.2609634,,,,,,
160,,,,,,,,,,,,,,,,,,,,,,,,,0.40054613,0.24083893,,,,,,
161,,,,,,,,,,,,,,,,,,,,,,,,,0.37334496,0.25029737,,,,,,
162,,,,,,,,,,,,,,,,,,,,,,,,,0.34844396,0.26914424,,,,,,
163,,,,,,,,,,,,,,,,,,,,,,,,,0.3365488,0.26868933,,,,,,
