,spatio-temporal None PL train,spatio-temporal None PL val,spatio-temporal X_st max d_c train,spatio-temporal X_st max d_c val,spatio-temporal X_st max d_c train,spatio-temporal X_st max d_c val,spatio-temporal X_st max d_c train,spatio-temporal X_st max d_c val,spatio-temporal X_st max d_c train,spatio-temporal X_st max d_c val,"spatio-temporal X_(t,s) max d_c train","spatio-temporal X_(t,s) max d_c val","spatio-temporal X_(t,s) max d_c train","spatio-temporal X_(t,s) max d_c val","spatio-temporal X_(t,s) max d_c train","spatio-temporal X_(t,s) max d_c val","spatio-temporal X_(t,s) max d_c train","spatio-temporal X_(t,s) max d_c val","spatio-temporal Y_hat_(t,s) max d_c train","spatio-temporal Y_hat_(t,s) max d_c val","spatio-temporal Y_hat_(t,s) max d_c train","spatio-temporal Y_hat_(t,s) max d_c val","spatio-temporal Y_hat_(t,s) max d_c train","spatio-temporal Y_hat_(t,s) max d_c val","spatio-temporal Y_hat_(t,s) max d_c train","spatio-temporal Y_hat_(t,s) max d_c val","spatio-temporal Y_(t,s) max d_c train","spatio-temporal Y_(t,s) max d_c val","spatio-temporal Y_(t,s) max d_c train","spatio-temporal Y_(t,s) max d_c val","spatio-temporal Y_(t,s) max d_c train","spatio-temporal Y_(t,s) max d_c val","spatio-temporal Y_(t,s) max d_c train","spatio-temporal Y_(t,s) max d_c val"
t_iter_avg,38,38,54.9,54.9,105.2,105.2,151.1,151.1,245.3,245.3,154.2,154.2,169.1,169.1,217.7,217.7,272.8,272.8,134.6,134.6,206,206,282,282,310,310,162.2,162.2,228,228,280,280,304.5,304.5
budget_usage,1.00012611930887,1.00012611930887,1.00012611930887,1.00012611930887,1.00012611930887,1.00012611930887,1.00012611930887,1.00012611930887,1.00012611930887,1.00012611930887,1.00012611930887,1.00012611930887,1.00012611930887,1.00012611930887,1.00012611930887,1.00012611930887,1.00012611930887,1.00012611930887,1.00012611930887,1.00012611930887,1.00012611930887,1.00012611930887,1.00012611930887,1.00012611930887,1.00012611930887,1.00012611930887,1.00012611930887,1.00012611930887,1.00012611930887,1.00012611930887,1.00012611930887,1.00012611930887,1.00012611930887,1.00012611930887
sensor_usage,1,1,1,1,1,1,1,1,1,1,1,1,1,1,1,1,1,1,1,1,1,1,1,1,1,1,0.969230769230769,0.969230769230769,0.969230769230769,0.969230769230769,0.969230769230769,0.969230769230769,0.969230769230769,0.969230769230769
streamtime_usage,1,1,1,1,1,1,1,1,1,1,1,1,1,1,1,1,1,1,1,1,1,1,1,1,1,1,1,1,1,1,1,1,1,1
test_loss,0.99614775,0.99614775,0.466922253370285,0.466922253370285,0.451847314834595,0.451847314834595,0.474479526281357,0.474479526281357,0.449751108884811,0.449751108884811,0.164363324642181,0.164363324642181,0.154839396476746,0.154839396476746,0.141049221158028,0.141049221158028,0.177231565117836,0.177231565117836,0.066369891166687,0.066369891166687,0.063228711485863,0.063228711485863,0.059990216046572,0.059990216046572,0.066537082195282,0.066537082195282,0.071253336966038,0.071253336966038,0.07538578659296,0.07538578659296,0.073496855795384,0.073496855795384,0.075422778725624,0.075422778725624
RF_loss,2.1563933,2.1563933,2.15639328956604,2.15639328956604,2.15639328956604,2.15639328956604,2.15639328956604,2.15639328956604,2.15639328956604,2.15639328956604,2.15639328956604,2.15639328956604,2.15639328956604,2.15639328956604,2.15639328956604,2.15639328956604,2.15639328956604,2.15639328956604,2.15639328956604,2.15639328956604,2.15639328956604,2.15639328956604,2.15639328956604,2.15639328956604,2.15639328956604,2.15639328956604,2.15639328956604,2.15639328956604,2.15639328956604,2.15639328956604,2.15639328956604,2.15639328956604,2.15639328956604,2.15639328956604
cand_subsample_rate,,,1,1,1,1,1,1,1,1,1,1,1,1,1,1,1,1,1,1,1,1,1,1,1,1,1,1,1,1,1,1,1,1
points_percluster_rate,,,0.25,0.25,0.5,0.5,0.75,0.75,1,1,0.25,0.25,0.5,0.5,0.75,0.75,1,1,0.25,0.25,0.5,0.5,0.75,0.75,1,1,0.25,0.25,0.5,0.5,0.75,0.75,1,1
0,2.1912100315094,1.90136659145355,7.31915140151978,1.39491975307465,7.77971363067627,1.22691440582275,8.05265522003174,1.21515703201294,9.09603309631348,1.27512037754059,3.71441221237183,1.46851062774658,3.45839858055115,1.72743511199951,3.33246088027954,1.48830306529999,3.64093637466431,1.44634759426117,2.67243933677673,1.63908851146698,2.14557290077209,1.60153567790985,2.2145984172821,1.57843744754791,2.2556529045105,1.72467911243439,14.5231304168701,1.1959148645401,14.2054014205933,1.18174695968628,13.6079998016357,2.22871518135071,14.1666374206543,1.35086894035339
1,1.72964370250702,1.49250912666321,5.4030818939209,1.40623807907105,5.77265501022339,1.33185088634491,6.04100322723389,1.19680714607239,6.74052667617798,1.17177426815033,2.07882642745972,1.33725965023041,2.11690235137939,1.37035655975342,2.12337589263916,1.3535612821579,2.02789807319641,1.37199461460114,1.2899683713913,1.71009969711304,1.09631597995758,1.4689154624939,1.10533726215363,1.41199195384979,1.11070287227631,1.75049316883087,11.2471761703491,1.33115553855896,11.2199459075928,1.15814411640167,9.38385009765625,0.895769476890564,10.7259607315063,1.05456960201263
2,1.56760954856873,1.48029971122742,4.96416187286377,1.28151071071625,5.42837619781494,1.31563782691956,5.81040000915527,1.13766074180603,6.456374168396,1.11990940570831,1.88485181331635,1.32288253307343,1.9163498878479,1.35539376735687,2.02926182746887,1.37854588031769,1.922083735466,1.38420927524567,0.982712924480438,1.69773054122925,0.948184370994568,1.73709297180176,0.923237025737762,1.43032777309418,0.988221168518066,1.79968965053558,8.45930576324463,1.22695124149323,8.50114917755127,1.29288017749786,7.70162153244019,1.17535269260407,8.11205005645752,1.21383273601532
3,1.46523058414459,1.71429646015167,4.67406988143921,1.26185786724091,5.33518648147583,1.23259520530701,5.38529253005981,1.11056137084961,5.95706748962402,1.03584611415863,1.84867489337921,1.2853832244873,1.83702611923218,1.30221784114838,1.80715525150299,1.29264032840729,1.71091735363007,1.31415915489197,0.992253065109253,1.70104348659515,0.921768188476562,1.76555263996124,0.926070094108582,1.50920879840851,0.841306507587433,1.68641078472137,7.03784370422363,1.50894415378571,6.98509740829468,1.19522452354431,6.70133256912231,1.05681025981903,6.9877142906189,1.14544439315796
4,1.40423619747162,1.32287669181824,4.0968189239502,1.2894514799118,4.81024694442749,1.34412455558777,4.9451961517334,1.0515615940094,5.340256690979,0.984883069992065,1.69787847995758,1.36165034770966,1.80893993377686,1.25933635234833,1.68151426315308,1.44741594791412,1.58506608009338,1.4466118812561,0.873017191886902,1.69945466518402,0.839269638061523,1.70237863063812,0.799966990947723,1.45112454891205,0.794459640979767,1.72522377967834,6.50273323059082,1.2579333782196,6.47504997253418,1.22858047485352,6.20139312744141,0.822313845157623,6.51109600067139,1.51753401756287
5,1.40658140182495,1.39785206317902,3.87156295776367,1.21496856212616,4.49241399765015,1.3361519575119,4.51978826522827,1.03333675861359,4.96294260025024,0.950248062610626,1.554119348526,1.52382433414459,1.64522314071655,1.31162524223328,1.60516917705536,1.27774798870087,1.4762636423111,1.55643391609192,0.877879440784454,1.68777084350586,0.838548958301544,1.64593100547791,0.814279437065125,1.39529275894165,0.72368735074997,1.67530763149261,6.10980367660522,0.989777207374573,6.05643272399902,1.25862371921539,5.84059715270996,1.0859215259552,6.01388168334961,1.6653618812561
6,1.2673351764679,1.54725074768066,3.63861846923828,1.16105818748474,4.1410813331604,1.3171820640564,4.33524227142334,1.04588985443115,4.81360673904419,1.02820658683777,1.47247314453125,1.29098618030548,1.59557473659515,1.26732921600342,1.52976584434509,1.24864745140076,1.3805330991745,1.27011024951935,0.796332716941834,1.72460544109344,0.779428601264954,1.69167172908783,0.781993687152862,1.39843475818634,0.737643003463745,1.62436270713806,5.89037799835205,1.07804942131042,5.72454452514648,1.14509010314941,5.55687713623047,0.936775684356689,5.67132997512817,0.993431925773621
7,1.20168769359589,1.2521984577179,3.36696863174438,1.26399278640747,3.92040348052979,1.42385721206665,3.95985531806946,1.00746870040894,4.58493089675903,0.904781579971314,1.35312581062317,1.27360880374908,1.38690197467804,1.21972644329071,1.46491312980652,1.25933945178986,1.39075076580048,1.23504388332367,0.785351514816284,1.67867541313171,0.759256064891815,1.55431497097015,0.754545211791992,1.59112048149109,0.696087837219238,1.65243887901306,5.72301197052002,1.27594220638275,5.60259008407593,0.998849868774414,5.39896106719971,1.22275531291962,5.50552463531494,1.01374733448029
8,1.18619251251221,1.26929497718811,3.28679275512695,1.14413487911224,3.81065034866333,1.29737496376038,3.84511995315552,1.01342785358429,4.3687801361084,0.897052228450775,1.20696687698364,1.227170586586,1.35896503925323,1.24810481071472,1.33911538124084,1.32570683956146,1.26902318000793,1.21828591823578,0.76241409778595,1.70105028152466,0.729085922241211,1.61920249462128,0.753675699234009,1.45270240306854,0.678914844989777,1.68500208854675,5.46397066116333,0.928850054740906,5.42669916152954,1.24087631702423,5.20195007324219,1.05618298053741,5.38585805892944,1.26863884925842
9,1.04090189933777,1.14070427417755,3.06010413169861,1.20367670059204,3.72075295448303,1.38464331626892,3.75886249542236,1.01700115203857,4.27489614486694,0.947595655918121,1.16129875183105,1.39358711242676,1.31686246395111,1.18323576450348,1.30420410633087,1.29982960224152,1.18248784542084,1.16056525707245,0.743879616260529,1.72425997257233,0.701453387737274,1.67591035366058,0.705961108207703,1.5641998052597,0.648593485355377,1.67929232120514,5.35722589492798,1.08939552307129,5.28519248962402,1.14889514446259,5.09689378738403,1.68701124191284,5.11140871047974,0.951430559158325
10,0.959114611148834,1.170285820961,3.02768564224243,1.22796750068665,3.48832726478577,1.37092661857605,3.61838936805725,0.993299424648285,4.1546630859375,0.881525695323944,1.0832017660141,1.21393728256226,1.20791947841644,1.17440259456635,1.18723821640015,1.23752427101135,1.06023049354553,1.16126036643982,0.710575520992279,1.74064111709595,0.700197756290436,1.64473164081574,0.677350223064423,1.60219025611877,0.659464538097382,1.65945827960968,5.28047704696655,1.06129658222198,5.17356634140015,1.08675622940063,4.98546171188355,1.21829390525818,5.02757072448731,1.14460241794586
11,0.98671305179596,1.16347467899323,2.96318244934082,1.1867755651474,3.40676426887512,1.08399176597595,3.43269276618958,0.993448197841644,3.97264766693115,0.926681816577911,1.05765044689178,1.22923314571381,1.10550320148468,1.18130803108215,1.15274369716644,1.29157590866089,1.03144538402557,1.17368257045746,2.90673184394836,1.44322514533997,0.644751489162445,1.62220180034637,0.665163278579712,1.51074743270874,0.614276945590973,1.64496243000031,5.03718566894531,1.17200982570648,4.98686981201172,1.41053652763367,4.84128284454346,1.17880368232727,4.96443605422974,1.26267170906067
12,0.909800231456757,1.18556940555573,2.68436861038208,1.21257507801056,3.05098652839661,1.11387538909912,3.25879621505737,0.980657994747162,3.91012263298035,0.918344795703888,0.97506058216095,1.24547290802002,1.06605017185211,1.17741191387177,1.07351183891296,1.18533194065094,0.967055201530456,1.14895927906036,2.40782856941223,1.28518533706665,2.85602855682373,1.1264750957489,0.64894437789917,1.61225080490112,0.593905687332153,1.6443647146225,4.99628496170044,1.06107139587402,4.85130310058594,1.2115284204483,4.64742469787598,1.028151512146,4.78404951095581,1.48509204387665
13,0.850599586963654,1.18505144119263,2.61351728439331,1.21864783763886,2.86732840538025,1.14165651798248,3.17765331268311,0.98294198513031,3.71615600585937,0.889653742313385,0.915394723415375,1.20578181743622,1.0005373954773,1.18891477584839,0.990325212478638,1.21445488929749,0.982270956039429,1.22210121154785,2.14274430274963,1.1636323928833,2.40199828147888,1.06292068958282,0.617355406284332,1.61015963554382,0.572215974330902,1.66014277935028,4.87964630126953,1.1341632604599,4.72192239761353,1.15365850925446,4.66086339950562,1.12775361537933,4.70430183410645,1.22206079959869
14,0.822069585323334,1.20065057277679,2.53894639015198,1.2745897769928,2.63810586929321,1.19835734367371,3.03331589698791,0.964567184448242,3.68413043022156,0.95766031742096,0.919266879558563,1.29804742336273,0.95789498090744,1.18244647979736,0.953474938869476,1.29447042942047,0.871065378189087,1.13865399360657,1.95807552337646,1.27223801612854,2.19032216072083,1.1235842704773,0.608133792877197,1.60739040374756,0.571385085582733,1.68027484416962,4.75977373123169,1.27702152729034,4.70583486557007,0.993643760681152,4.4658784866333,1.28247475624084,4.56279754638672,1.23744511604309
15,0.775867521762848,1.12035632133484,2.45762920379639,1.21187460422516,2.57315397262573,1.04173529148102,3.02696895599365,1.00541722774506,3.49715733528137,0.917393982410431,0.886883199214935,1.25759732723236,0.880083799362183,1.13893163204193,0.856155395507813,1.33397078514099,0.918514907360077,1.1226601600647,1.79672837257385,1.14010643959045,2.01071405410767,1.01309275627136,0.576314032077789,1.59792721271515,0.557281315326691,1.63817512989044,4.62247133255005,1.38363647460938,4.55903196334839,0.92726057767868,2.13640785217285,0.665781676769257,4.40140962600708,0.828357517719269
16,0.740379095077515,1.35062503814697,2.2989456653595,1.22674143314362,2.37400484085083,1.03511559963226,2.9263744354248,0.987144768238068,3.35708951950073,0.964798033237457,0.851875245571137,1.2889666557312,0.845836520195007,1.14576435089111,0.861088633537293,1.17958676815033,0.836575508117676,1.14904475212097,1.68061006069183,1.06324577331543,1.8817218542099,1.03843867778778,3.18963742256165,0.948160231113434,0.551561772823334,1.60860013961792,4.53739213943481,1.21468460559845,4.50256586074829,1.23744559288025,1.91881906986237,0.786127388477325,4.39725017547607,1.16488575935364
17,0.668118417263031,1.13851630687714,2.16680598258972,1.2071099281311,2.27550625801086,1.10458850860596,2.65255618095398,1.05934178829193,3.25022554397583,0.927703022956848,0.798888325691223,1.22807908058167,0.835469186306,1.27641582489014,0.77194207906723,1.18225967884064,0.745047271251678,1.14768695831299,1.61173689365387,1.17737901210785,1.795281291008,0.903534412384033,2.66608166694641,1.00061583518982,0.526156544685364,1.59335255622864,4.45914220809937,1.05105292797089,4.35468482971191,1.23818755149841,1.79774248600006,0.656852006912231,4.28245449066162,1.04230999946594
18,0.625914573669434,1.17029201984406,2.14252114295959,1.17808318138123,2.22741150856018,1.26854705810547,2.66246795654297,0.975515961647034,3.23940181732178,0.932069301605225,0.764506340026856,1.30748212337494,0.806583225727081,1.2701313495636,0.791620254516602,1.20506429672241,0.758284151554108,1.14108073711395,1.52021086215973,1.11467278003693,1.66215026378632,1.05348289012909,2.47053480148315,0.920975863933563,0.512511312961578,1.63699877262115,4.39197158813477,1.01403307914734,4.27547121047974,1.34568190574646,1.72543931007385,0.730435490608215,4.2382493019104,0.955831527709961
19,0.650362253189087,1.1740894317627,3.88830041885376,1.09803831577301,2.185387134552,1.20368313789368,2.53068232536316,0.971329689025879,3.07830739021301,0.958520948886871,0.759368717670441,1.25752341747284,0.793153643608093,1.33132803440094,0.724659979343414,1.19468665122986,0.672207832336426,1.15254652500153,1.49697732925415,1.20226848125458,1.6238386631012,1.02759540081024,2.18003225326538,0.896350026130676,0.498662501573563,1.52763032913208,2.13525581359863,0.75924813747406,4.11708354949951,0.945341885089874,1.66957628726959,0.528216540813446,4.07043123245239,1.15611553192139
20,0.644017696380615,1.23057401180267,3.25701284408569,1.0703763961792,1.93797934055328,1.21066498756409,2.48838138580322,1.02920126914978,2.96573114395142,0.952462077140808,0.692897856235504,1.34620320796967,0.684424221515656,1.45230078697205,0.660464882850647,1.25292873382568,0.677583694458008,1.28831052780151,1.41040146350861,1.18601822853088,1.5524640083313,0.963725447654724,2.07230567932129,0.985283672809601,0.481355607509613,1.60901069641113,1.9075231552124,0.723984599113464,4.08579158782959,1.34741318225861,1.60717082023621,0.706713080406189,4.02297019958496,1.18694365024567
21,0.601616263389587,1.16122996807098,3.127925157547,1.2740421295166,1.93728041648865,1.20961582660675,2.29183459281921,0.990655183792114,4.1373438835144,0.733244955539703,0.683137357234955,1.29883444309235,0.722480416297913,1.17815542221069,0.673117339611053,1.25889313220978,0.608725905418396,1.24010252952576,1.38602888584137,1.12201070785522,1.49511098861694,0.984128832817077,1.97821938991547,0.904220998287201,0.472285926342011,1.52687811851501,1.74874126911163,0.886875033378601,3.96707367897034,1.30323934555054,1.55017411708832,0.576346337795258,3.90669631958008,1.25679278373718
22,0.540800094604492,1.27551102638245,2.93333506584167,1.06552076339722,1.88875639438629,1.221111536026,2.299396276474,0.993335127830505,3.45525908470154,0.708247005939483,0.676548957824707,1.31715083122253,0.714690029621124,1.2055037021637,0.703557014465332,1.21311259269714,0.66449373960495,1.14195621013641,1.31613230705261,1.08062016963959,1.44918942451477,1.10044729709625,1.8422372341156,0.97148609161377,0.461941182613373,1.5358761548996,1.6856564283371,0.7502161860466,3.86909198760986,1.08575916290283,1.50999939441681,0.582902014255524,3.80340766906738,1.21990203857422
23,0.592365920543671,1.18093919754028,2.71197128295898,1.24168026447296,1.84597766399384,1.13521468639374,2.29393815994263,0.965798735618591,3.07892465591431,0.730967164039612,0.624182164669037,1.44150185585022,0.697171986103058,1.16727268695831,0.60030210018158,1.19463992118835,0.560657918453217,1.17493283748627,1.31302070617676,1.12803196907043,1.38398599624634,1.05709481239319,1.85342824459076,0.955794811248779,0.436918020248413,1.57662916183472,1.62912893295288,0.753190577030182,3.79650068283081,1.40901982784271,1.48205626010895,0.683507025241852,3.71729588508606,1.55803620815277
24,0.47840878367424,1.34546875953674,2.63473439216614,1.18513989448547,1.69580268859863,1.13353562355042,2.14558792114258,0.993257284164429,2.98409509658813,0.681711971759796,3.71260142326355,0.930305123329163,0.644580185413361,1.26014626026154,0.598993539810181,1.2805073261261,0.553945899009705,1.16199004650116,1.22937512397766,1.19951224327087,1.33393704891205,1.07865107059479,1.71295893192291,0.926837503910065,0.436752468347549,1.53738582134247,1.52477145195007,0.818867743015289,3.68634462356567,1.25920736789703,1.4442480802536,0.687265336513519,3.59146928787231,1.21656250953674
25,0.476620197296143,1.18383300304413,2.36838483810425,1.08535015583038,1.6557891368866,1.10418236255646,4.28621339797974,0.771514415740967,2.78950572013855,0.698147118091583,3.20062875747681,0.891408562660217,0.595570862293243,1.14526510238647,0.581153750419617,1.2397872209549,0.573035538196564,1.20203590393066,1.20100057125092,1.16206383705139,1.28397393226624,1.07308065891266,1.67980539798737,0.895479559898376,0.429103314876556,1.59615063667297,1.48298788070679,0.670727729797363,3.57913017272949,1.22236514091492,1.38957321643829,0.65030711889267,3.57085132598877,1.28859603404999
26,1.20260632038116,1.18865597248077,2.29959726333618,1.23359537124634,1.54643213748932,1.10243427753448,3.44641876220703,0.779512345790863,2.61281847953796,0.67815375328064,2.87507748603821,0.850699543952942,2.75628972053528,0.965990662574768,0.555444180965424,1.23477935791016,2.59399914741516,1.07292914390564,1.17712092399597,1.16378080844879,1.23612880706787,1.07288038730621,1.59361827373505,0.932759702205658,0.414887398481369,1.56424999237061,1.42826616764069,0.82229870557785,2.05484247207642,0.744934439659119,1.33180487155914,0.662074983119965,2.08005285263062,0.627029776573181
27,0.913328170776367,1.13195550441742,2.18635678291321,1.13563859462738,3.44756770133972,0.892285346984863,3.27438807487488,0.774578034877777,2.39981508255005,0.694821536540985,2.54949259757996,0.8454549908638,2.14316344261169,0.932482779026032,3.81678485870361,0.882768809795379,2.25045990943909,0.879477858543396,3.71701884269714,0.686303436756134,1.20690274238586,1.03410995006561,1.54567444324493,0.904992461204529,0.398964822292328,1.5180743932724,1.40777444839478,0.782579362392426,1.80575680732727,0.606534361839294,1.31408166885376,0.671909868717194,1.80959177017212,0.457618981599808
28,0.878981232643127,1.11485266685486,1.97282576560974,1.12828147411346,3.01468634605408,0.803765296936035,3.00229859352112,0.774563252925873,2.26595425605774,0.687990248203278,2.56204891204834,0.815683543682098,2.05926132202148,0.920086145401001,3.22271633148193,0.843186557292938,1.94163572788239,0.95145833492279,3.1792106628418,0.762543797492981,5.1680850982666,0.610498428344727,1.45708847045898,0.985373556613922,0.381693333387375,1.55648803710938,1.33736515045166,0.733172416687012,1.64158582687378,0.614703297615051,1.26496422290802,0.550030410289764,1.67015969753265,0.650315463542938
29,0.791880428791046,1.14765977859497,1.85027182102203,1.10282623767853,2.46469640731812,0.733897566795349,2.87165808677673,0.817104697227478,2.26652884483337,0.675898909568787,2.30841064453125,0.834958553314209,1.83301413059235,0.943307459354401,2.90967345237732,0.76915442943573,1.76792287826538,0.958570063114166,2.95284938812256,0.682918071746826,4.57641124725342,0.589324295520783,1.46189284324646,0.866932034492493,0.38230288028717,1.58036029338837,1.31360757350922,0.721390247344971,1.56935703754425,0.565989434719086,1.25563216209412,0.622976541519165,1.5862044095993,0.552659571170807
30,0.719492137432098,1.1816121339798,1.78108549118042,1.05462181568146,2.31181693077087,0.739351809024811,2.59080743789673,0.797373831272125,1.99126493930817,0.671419560909271,2.24811124801636,0.909704804420471,1.69214725494385,1.01854836940765,2.85579371452332,0.800223231315613,1.61721420288086,0.994462966918945,2.76331067085266,0.668634235858917,4.26294803619385,0.593014121055603,1.38008344173431,0.980983018875122,3.33606791496277,1.03143548965454,1.27503490447998,0.835722982883453,1.47524666786194,0.7494797706604,1.28647720813751,0.396531134843826,1.51485097408295,0.483205497264862
31,0.638210237026215,1.16493391990662,1.7680538892746,1.29360270500183,2.16130948066711,0.835736930370331,2.4405415058136,0.800617754459381,1.90535807609558,0.680636882781982,2.01702904701233,0.842937052249908,1.62904763221741,0.898953258991241,2.66074371337891,0.811735272407532,1.62588906288147,0.927887916564941,2.70645904541016,0.741603434085846,3.98068785667419,0.74494469165802,1.39414918422699,0.995163857936859,2.6989221572876,1.04145729541779,1.213259100914,0.755261063575745,1.40022432804108,0.646209478378296,1.16700518131256,0.467461854219437,1.47187316417694,0.557684302330017
32,0.629958391189575,1.11701762676239,1.67578446865082,1.11799848079681,2.05325508117676,0.743441760540008,2.27645182609558,0.808815598487854,1.82224774360657,0.707273364067078,1.9534113407135,0.972585737705231,1.48530781269074,0.916143655776978,2.39020490646362,0.8023921251297,1.46653711795807,0.903505027294159,2.55840659141541,0.670985639095306,3.8822455406189,0.593726813793182,1.29526233673096,0.967879116535187,2.49969792366028,0.873352408409119,1.19641888141632,0.899453163146973,1.35245490074158,0.700875878334045,1.04253721237183,0.481583952903748,1.40040791034699,0.564765274524689
33,0.54151713848114,1.31147384643555,1.5236964225769,1.13524806499481,1.92727994918823,0.749599635601044,2.11483240127563,0.839889049530029,1.73129844665527,0.689528167247772,1.84760773181915,0.975670516490936,1.46571564674377,0.906919717788696,2.26714062690735,0.810371816158295,1.34128499031067,1.03688251972198,2.4530303478241,0.691461145877838,3.57170128822327,0.616315484046936,1.27654469013214,0.960250854492188,2.35779666900635,0.810909688472748,1.16428446769714,1.08240103721619,1.29843294620514,0.609087705612183,0.993324041366577,0.568695783615112,1.36437630653381,0.66282594203949
34,0.536108314990997,1.24763405323029,1.51905190944672,1.10869073867798,1.76036083698273,0.792104840278626,2.0413863658905,0.854532361030579,1.61954629421234,0.708821356296539,1.70927226543427,0.899377822875977,1.35558032989502,0.940635979175568,2.20192837715149,0.789738118648529,1.19124138355255,0.943361759185791,2.44135808944702,0.6524618268013,3.5346417427063,0.608827710151672,1.21709680557251,0.926368117332458,2.18281149864197,0.8612419962883,1.12204778194428,0.976321637630463,1.2547082901001,0.732434153556824,0.943773746490478,0.621921122074127,1.30476045608521,0.535138309001923
35,0.484013944864273,1.26194965839386,1.36461508274078,1.23330926895142,1.56959092617035,0.793720662593842,1.8809757232666,0.828712582588196,1.60760807991028,0.68834400177002,1.55625772476196,0.898401498794556,1.2996312379837,0.93997448682785,2.1145715713501,0.873556435108185,1.17833006381989,0.928993225097656,2.28284049034119,0.703608334064483,3.22568917274475,0.586327612400055,1.19731438159943,0.992487549781799,2.08662915229797,0.937092006206512,1.10585534572601,0.830994248390198,1.20300996303558,0.71121484041214,0.914909422397614,0.541729807853699,1.2650808095932,0.612477123737335
36,0.468958228826523,1.15844893455505,1.3607017993927,1.18100559711456,1.58775925636292,0.740437507629395,2.27708292007446,0.724980294704437,1.47836792469025,0.706513941287994,1.54690980911255,0.910123467445374,1.19332265853882,1.06371188163757,2.02783274650574,0.780809819698334,1.09521400928497,0.912415623664856,2.29289221763611,0.699122428894043,3.16729521751404,0.708155572414398,1.17713069915771,0.924879312515259,2.00908899307251,0.914518415927887,1.20001602172852,0.529042959213257,1.17383801937103,0.785106301307678,0.866752922534943,0.465289920568466,1.23980224132538,0.633547067642212
37,0.451952487230301,1.26561605930328,1.29681181907654,1.16760468482971,1.49004852771759,0.771434307098389,1.81489372253418,0.695986151695251,1.48423838615417,0.692978799343109,1.44542515277863,0.895263314247131,1.15946292877197,0.968318819999695,1.97915232181549,0.794857382774353,1.06257092952728,0.95603346824646,2.19052934646606,0.692465662956238,3.06654477119446,0.633237779140472,1.12969017028809,0.995635271072388,1.91624009609222,0.917142510414124,1.03966593742371,0.713802218437195,1.16664922237396,0.72032368183136,0.827067732810974,0.415339022874832,1.18761038780212,0.596372485160828
38,0.426892817020416,1.18100190162659,1.21482503414154,1.10752999782562,1.41341996192932,0.743829488754272,1.59466516971588,0.676169276237488,1.42862987518311,0.705615758895874,1.31483149528503,0.939694583415985,1.09370756149292,1.01281809806824,1.85788655281067,0.869019627571106,2.65522646903992,0.854334950447083,2.04198241233826,0.716063380241394,2.86070895195007,0.615632832050324,1.15004527568817,0.940126478672028,1.85074996948242,0.914895415306091,0.957270681858063,0.552880764007568,1.10382461547852,0.692778825759888,0.812954664230347,0.480910897254944,1.30941414833069,0.44136443734169
39,1.02291369438171,1.12100005149841,1.20438861846924,1.08755123615265,1.37299418449402,0.767793715000153,1.44556784629822,0.740005612373352,1.32811188697815,0.718810319900513,2.77559041976929,0.767674922943115,1.00749576091766,1.04928386211395,1.66838717460632,0.85374516248703,2.04689526557922,0.806426644325256,1.95887923240662,0.707222759723663,3.02468347549438,0.728071570396423,1.03489351272583,0.98273241519928,1.7763899564743,0.9222052693367,0.894185245037079,0.542688310146332,1.06692230701447,0.733609735965729,0.791618704795837,0.432281643152237,1.12176477909088,0.381230771541595
40,0.85026341676712,1.06668519973755,1.17941117286682,1.11603903770447,0.722380816936493,0.565436601638794,1.25746512413025,0.696488261222839,1.29053175449371,0.711233079433441,2.19352221488953,0.741382777690887,0.979747831821442,0.947180330753326,3.01638078689575,0.67668491601944,1.79628944396973,0.809362649917602,1.93016171455383,0.723633110523224,2.68763589859009,0.649082601070404,6.15191650390625,0.565971076488495,1.75371742248535,0.876022934913635,0.859494864940643,0.482010036706924,1.28347408771515,0.542086362838745,0.759928941726685,0.461242288351059,1.03098702430725,0.469704747200012
41,0.755512595176697,1.00437617301941,3.00697302818298,0.967378973960876,0.595720529556274,0.57686972618103,1.12924921512604,0.673120617866516,1.80620169639587,0.561468482017517,1.92020738124847,0.716678023338318,0.946247041225433,0.958546817302704,2.36237215995789,0.687511801719666,1.57706201076508,0.886936604976654,1.83713674545288,0.68376624584198,2.56740355491638,0.682922780513763,5.2189040184021,0.534895718097687,1.61880540847778,0.847436845302582,0.817956507205963,0.528366804122925,1.08543717861176,0.571128368377685,0.843209803104401,0.33676865696907,0.986853241920471,0.470908582210541
42,0.648010313510895,1.18806600570679,2.45779800415039,0.902923047542572,0.554519891738892,0.536403596401215,1.06934201717377,0.669739484786987,1.41096329689026,0.549608111381531,1.61062896251678,0.720064282417297,3.1808979511261,0.772266745567322,2.24652194976807,0.6618812084198,1.4915965795517,0.77287232875824,1.8441709280014,0.757932841777802,2.45400023460388,0.630490362644196,4.9248480796814,0.536764740943909,1.62626767158508,0.86510956287384,0.787446081638336,0.543661236763001,0.996803522109985,0.702789425849915,0.716537117958069,0.328476160764694,0.930950105190277,0.409214556217194
43,0.623131096363068,1.05526471138,2.00205969810486,0.792829930782318,0.519926369190216,0.529743731021881,0.979575335979462,0.725362241268158,1.14945888519287,0.581310212612152,1.58687877655029,0.721391499042511,2.41544556617737,0.754822671413422,1.99431014060974,0.706910490989685,1.28549683094025,0.802694380283356,1.68406903743744,0.69231641292572,2.30364608764648,0.657341361045837,4.62669706344605,0.54225218296051,1.51274633407593,0.943473637104034,0.754479825496674,0.552730143070221,0.947422623634338,0.553491413593292,0.65522038936615,0.300334393978119,0.875774681568146,0.470000237226486
44,0.574989557266235,1.142209649086,1.61312484741211,0.745236933231354,0.472234040498733,0.530312657356262,0.910833477973938,0.687289714813232,0.975358545780182,0.541748702526093,1.45789790153503,0.690943241119385,2.23373794555664,0.727436661720276,1.96153724193573,0.679207324981689,1.22686779499054,0.817022264003754,1.65185034275055,0.734679937362671,2.23055505752563,0.906839966773987,4.3464846611023,0.540645480155945,4.58462285995483,0.611156404018402,0.722209632396698,0.675940752029419,0.885760843753815,0.641559541225433,0.615470945835114,0.349739253520966,0.863055348396301,0.406485199928284
45,0.578471004962921,1.02041637897491,1.51486349105835,0.818446934223175,0.456471174955368,0.549990773200989,0.904788494110107,0.670126497745514,0.861389756202698,0.550969183444977,1.3350031375885,0.718938231468201,1.88625681400299,0.729246139526367,2.2766432762146,0.692491054534912,1.13562178611755,0.877609848976135,6.6552095413208,0.315725326538086,2.1911826133728,0.709716081619263,4.18155527114868,0.521305859088898,3.90221977233887,0.567252695560455,0.708737850189209,0.605263471603394,0.827960312366486,0.5736443400383,0.585777640342712,0.315118551254272,0.835882544517517,0.432992786169052
46,0.537400782108307,1.06607055664063,1.41778230667114,0.793106973171234,0.440171360969543,0.537151575088501,0.843677401542664,0.678842604160309,0.851364195346832,0.541411280632019,1.37701857089996,0.720181882381439,1.85575711727142,0.759671270847321,1.84480345249176,0.693707823753357,1.07223796844482,0.837985277175903,5.98724985122681,0.288596510887146,5.76113939285278,0.280340969562531,3.87164187431335,0.534810602664948,3.69436120986938,0.573579132556915,0.687706708908081,0.511596143245697,0.810658395290375,0.560968041419983,0.561879336833954,0.307338654994965,0.788361966609955,0.456782191991806
47,0.490227669477463,1.42084991931915,1.17883968353271,0.749309241771698,0.405197978019714,0.543941020965576,0.837128520011902,0.690557837486267,0.730391919612885,0.57333105802536,1.16160023212433,0.717399597167969,1.63778531551361,0.74770450592041,1.70057368278503,0.678857147693634,0.987943768501282,0.886264681816101,5.45193719863892,0.287751734256744,4.69173622131348,0.280961632728577,3.75983786582947,0.538909494876862,3.42252326011658,0.604343891143799,0.668021142482758,0.552469551563263,0.780214786529541,0.941458821296692,0.542568981647491,0.297438979148865,0.772275924682617,0.472327888011932
48,0.501801431179047,1.10955798625946,1.10399007797241,0.856630146503449,0.412261873483658,0.551432967185974,0.766978025436401,0.675244390964508,0.683179616928101,0.562502562999725,1.18283259868622,0.726735889911652,1.52414834499359,0.741065382957459,1.56245827674866,0.688129246234894,1.01044750213623,0.824655294418335,5.12597274780273,0.310411244630814,4.28560066223145,0.262418538331985,3.54944682121277,0.549318134784699,3.33575463294983,0.575858056545258,0.645890712738037,0.663933336734772,0.74734753370285,0.632596433162689,0.514411509037018,0.305489748716354,0.741011261940002,0.460320234298706
49,0.469797343015671,1.48565030097961,1.05105936527252,0.827727138996124,0.385274440050125,0.589616000652313,0.731065630912781,0.665310144424439,0.662472724914551,0.544066607952118,1.11847674846649,0.775620758533478,1.3705290555954,0.738743305206299,1.39923405647278,0.719788014888763,0.899949967861175,0.866426944732666,4.79995918273926,0.29021829366684,3.86308860778809,0.270489066839218,3.31816458702087,0.53695547580719,3.12033724784851,0.580848574638367,0.615615785121918,0.516276180744171,0.710386335849762,0.607534825801849,0.501898527145386,0.290147840976715,0.719544470310211,0.48885852098465
50,0.434779644012451,1.14026057720184,0.989387273788452,0.771244943141937,0.388133704662323,0.544086039066315,0.690056622028351,0.71812891960144,0.601405441761017,0.584467768669128,1.07142448425293,0.72200208902359,1.32303130626678,0.779354631900787,1.32301843166351,0.722876608371735,0.888780832290649,0.881886839866638,4.51611423492432,0.302755624055862,3.67769145965576,0.259370714426041,3.17335796356201,0.560461282730103,3.028648853302,0.585711359977722,0.597475469112396,0.572695434093475,0.68721216917038,0.647953033447266,0.473152339458466,0.317080527544022,0.869596540927887,0.278663218021393
51,0.401564747095108,1.19912934303284,0.90779846906662,0.82278710603714,0.355576485395432,0.540424346923828,0.706354320049286,0.675133049488068,0.58510422706604,0.574671268463135,0.959211051464081,0.712958633899689,1.41170430183411,0.774853467941284,1.28701186180115,0.686699450016022,0.854490518569946,0.832565069198608,4.25417518615723,0.312388211488724,3.41807699203491,0.255339175462723,3.02392053604126,0.570061802864075,2.8191065788269,0.607656598091126,0.821676254272461,0.434820204973221,0.816264986991882,0.315280973911285,0.465165138244629,0.389709174633026,0.732130408287048,0.373763501644134
52,1.37973546981812,1.19777882099152,0.910403907299041,0.886606454849243,0.365464806556702,0.54925525188446,0.63937908411026,0.675954520702362,0.552897453308106,0.558823168277741,0.950710117816925,0.752614080905914,1.29148268699646,0.800103902816772,1.25654280185699,0.693636298179626,0.833917498588562,0.825064659118652,4.15074777603149,0.30703130364418,3.2534556388855,0.264410734176636,2.92763614654541,0.543156147003174,2.68402099609375,0.604681849479675,0.708509862422943,0.362513333559036,0.705710411071777,0.365788280963898,0.453237235546112,0.320277869701385,0.6829754114151,0.326606661081314
53,1.10627472400665,0.946239411830902,0.857545614242554,0.856320559978485,0.356210798025131,0.551657557487488,0.630548775196075,0.680231034755707,0.553755700588226,0.544621050357819,1.03752958774567,0.744272768497467,1.17559850215912,0.740535259246826,2.6148669719696,0.542952060699463,2.67484879493713,0.671379566192627,3.71552777290344,0.341385811567307,3.01175904273987,0.256834387779236,2.72389936447144,0.58334219455719,2.60406613349915,0.591372907161713,0.645798444747925,0.4795882999897,0.643066108226776,0.325397312641144,0.432363599538803,0.344574600458145,0.639512121677399,0.316598802804947
54,0.99065375328064,0.977800011634827,0.833408176898956,0.868812382221222,0.495119124650955,0.479922592639923,0.618584394454956,0.713662922382355,0.532374799251556,0.55906218290329,0.86820650100708,0.73638379573822,1.15150713920593,0.747747659683228,2.00251793861389,0.542953789234161,2.09283947944641,0.727604627609253,3.57992482185364,0.304594397544861,2.93472576141357,0.26624059677124,2.60860919952393,0.579998433589935,2.53988170623779,0.612833678722382,0.592725813388824,0.46738663315773,0.600519776344299,0.417104482650757,0.424995809793472,0.370443731546402,0.606013655662537,0.315267443656921
55,0.926983714103699,1.01409530639648,0.974651455879211,0.669874668121338,0.407648980617523,0.467370063066483,0.605575740337372,0.682255685329437,0.502027273178101,0.565206587314606,2.64599275588989,0.587031662464142,2.4698805809021,0.747249305248261,1.7645765542984,0.60630065202713,1.82169806957245,0.696132361888886,3.48219656944275,0.324750155210495,2.63198447227478,0.259189248085022,2.4765100479126,0.576228976249695,2.34579873085022,0.596690535545349,0.571952104568481,0.433271080255508,0.580025494098663,0.391512304544449,0.408283203840256,0.290980994701385,0.579074501991272,0.328122615814209
56,0.801214039325714,0.960471391677856,0.731578946113586,0.661115407943726,0.380154609680176,0.463627189397812,0.586267352104187,0.726861774921417,0.52829521894455,0.56196004152298,2.04069018363953,0.566024661064148,2.01642775535583,0.603505373001099,1.75951528549194,0.515909671783447,1.64039933681488,0.673572361469269,3.29590177536011,0.332622647285461,2.56357860565186,0.261252045631409,4.68262720108032,0.27425542473793,5.66104364395142,0.262132525444031,0.541947901248932,0.4660664498806,0.531068921089172,0.363524973392487,0.39726260304451,0.295996010303497,0.548983514308929,0.351694971323013
57,0.672874689102173,1.01545584201813,0.649819016456604,0.61829686164856,0.361996114253998,0.460349202156067,0.583751499652862,0.734781324863434,0.603483498096466,0.497005432844162,1.90340602397919,0.708643972873688,1.77698373794556,0.607167363166809,1.53068244457245,0.520169854164124,1.52322542667389,0.664179742336273,2.96380805969238,0.359154671430588,2.4749767780304,0.263777405023575,3.71744513511658,0.270048946142197,4.86597967147827,0.258745312690735,0.512780070304871,0.454706758260727,0.530966579914093,0.415905684232712,0.385479480028152,0.333672434091568,0.525431275367737,0.359251976013184
58,0.616054058074951,1.03680729866028,0.566678583621979,0.658758044242859,0.332678705453873,0.46294429898262,0.586517155170441,0.680599689483643,0.449118614196777,0.495265364646912,1.76259577274323,0.541694223880768,1.56134724617004,0.614429235458374,1.50875163078308,0.522374212741852,1.39221239089966,0.740462720394135,1.84924507141113,0.18193407356739,2.35410213470459,0.271807372570038,3.22321605682373,0.261069685220718,4.35448455810547,0.274999499320984,0.49732905626297,0.445817768573761,0.502252042293549,0.363773256540298,0.37605008482933,0.329686164855957,0.505554437637329,0.361055642366409
59,0.600309014320374,1.05252170562744,0.563145935535431,0.600606024265289,0.322698801755905,0.461411565542221,0.554972767829895,0.685043215751648,0.402455568313599,0.48557522892952,1.54926478862762,0.582046210765839,1.51986312866211,0.617901742458344,1.31157338619232,0.528657376766205,1.30166161060333,0.673311054706574,1.4588166475296,0.18027475476265,2.1459424495697,0.265332937240601,2.9701201915741,0.266988933086395,4.2458610534668,0.263729572296143,0.4729925096035,0.511533439159393,0.477535426616669,0.30570062994957,0.368498951196671,0.359111756086349,0.487475007772446,0.368825852870941
60,0.620782732963562,1.03660070896149,0.478693068027496,0.612873375415802,0.316240400075912,0.489227712154388,0.962063670158386,0.585742056369782,0.379278421401978,0.496802359819412,1.37563359737396,0.60453337430954,1.34357285499573,0.635949790477753,1.27827262878418,0.519520401954651,1.18621790409088,0.763454675674439,1.2854837179184,0.177893817424774,2.03275156021118,0.273996561765671,2.69919157028198,0.26705139875412,3.94713115692139,0.279455751180649,0.463099628686905,0.427252441644669,0.465048789978027,0.388977706432343,0.516288638114929,0.251683205366135,0.478716373443604,0.316432029008865
61,0.505708634853363,1.06686913967133,0.459867119789124,0.613921046257019,0.306372970342636,0.465134292840958,0.746144473552704,0.569727122783661,0.344683945178986,0.502271115779877,1.25364196300507,0.586705982685089,1.23340106010437,0.640755176544189,1.19407117366791,0.538687705993652,1.16519224643707,0.706596314907074,1.15022575855255,0.175282314419746,2.08223509788513,0.279402643442154,2.53741693496704,0.271667242050171,3.83268165588379,0.265825539827347,0.445981919765472,0.515630185604095,0.452341914176941,0.327399283647537,0.425625026226044,0.224422559142113,0.492425948381424,0.246600389480591
62,0.489750266075134,1.07574701309204,0.4573974609375,0.633000731468201,0.284856617450714,0.461061090230942,0.641190111637116,0.568957328796387,0.326113104820251,0.503197371959686,1.27564108371735,0.564202725887299,1.10858678817749,0.658462345600128,1.12140011787415,0.600874304771423,1.10530626773834,0.684205770492554,1.05708384513855,0.172099694609642,1.64456593990326,0.174534380435944,2.36728405952454,0.2879259288311,3.49166440963745,0.299490094184875,0.434664875268936,0.460306584835053,0.438012182712555,0.364323228597641,0.377785116434097,0.250818192958832,0.412891507148743,0.207649543881416
63,0.493712723255158,1.06051576137543,0.430130362510681,0.634114325046539,0.282345712184906,0.476587474346161,0.526750564575195,0.546606600284576,0.32506537437439,0.490983098745346,1.07382166385651,0.587937116622925,1.1117445230484,0.694684982299805,1.16830635070801,0.529253959655762,1.06426227092743,0.760146856307983,0.982666492462158,0.17456129193306,1.26754081249237,0.172601222991943,2.2057785987854,0.264836370944977,3.38602733612061,0.271699219942093,0.515097439289093,0.242769822478294,0.421392261981964,0.331985622644424,0.348637193441391,0.224043056368828,0.380209565162659,0.260160714387894
64,0.972721219062805,1.02853071689606,0.417211890220642,0.621669292449951,0.270275950431824,0.468373715877533,0.480080187320709,0.549019634723663,0.296943694353104,0.516254901885986,1.10944771766663,0.585843145847321,1.0059552192688,0.632793247699737,1.01934206485748,0.548732876777649,0.96103435754776,0.722745954990387,0.905271589756012,0.174293696880341,1.12122917175293,0.186696827411652,2.12549757957458,0.273814260959625,3.09800863265991,0.278769850730896,0.416810572147369,0.276839643716812,0.412978112697601,0.357355177402496,0.327540308237076,0.254796266555786,0.350388586521149,0.23654793202877
65,0.796834826469421,1.12100350856781,0.381064295768738,0.611038148403168,0.259120672941208,0.473796159029007,0.440059423446655,0.544057011604309,0.28378838300705,0.495315343141556,0.993118107318878,0.610003888607025,0.947981715202332,0.640059053897858,0.976466655731201,0.530123054981232,0.917674601078033,0.732195615768433,0.872058689594269,0.17660841345787,1.01760673522949,0.169148087501526,2.02805304527283,0.27975857257843,2.88214707374573,0.269611895084381,0.385819256305695,0.275956302881241,0.401008993387222,0.347223043441772,0.318481147289276,0.258109569549561,0.338820606470108,0.226508423686028
66,0.667896330356598,0.954900622367859,0.419116228818893,0.674521267414093,0.246359184384346,0.489333271980286,0.437513262033462,0.532430827617645,0.27409428358078,0.489881068468094,0.972427070140839,0.5849529504776,1.0090457201004,0.692937076091766,1.00302195549011,0.543974757194519,0.852387487888336,0.705073118209839,0.852297723293304,0.178130656480789,0.961110055446625,0.173200950026512,1.87119460105896,0.265236616134644,2.77052593231201,0.274058401584625,0.353531390428543,0.28987118601799,0.386175751686096,0.309398204088211,0.29937618970871,0.253959983587265,0.318586260080337,0.2131157964468
67,0.563182890415192,0.976766169071198,0.401521056890488,0.618306279182434,0.241731598973274,0.475347310304642,0.458408623933792,0.539932489395142,0.256992280483246,0.518097341060638,1.02011406421661,0.573633015155792,2.55709648132324,0.535868883132935,2.49317955970764,0.39340928196907,0.946861743927002,0.741640985012054,0.77745258808136,0.174160182476044,0.930860280990601,0.165325582027435,1.81481611728668,0.272465318441391,2.76843476295471,0.272590339183807,0.337210565805435,0.303686171770096,0.37303951382637,0.361183077096939,0.285887658596039,0.220728382468224,0.309700042009354,0.227109387516975
68,0.541614949703217,0.980307638645172,0.366501599550247,0.62396776676178,0.33129820227623,0.448933064937592,0.401538699865341,0.568717420101166,0.250982463359833,0.498808860778809,0.907610833644867,0.629960894584656,1.91299629211426,0.498117864131928,1.91262722015381,0.396951615810394,3.19131898880005,0.517389118671417,0.757173240184784,0.174975991249085,0.865874469280243,0.169089198112488,1.70692372322083,0.261123567819595,1.73307693004608,0.177350044250488,0.32023623585701,0.243619814515114,0.359421700239182,0.337370753288269,0.276443123817444,0.243872195482254,0.28614753484726,0.229609489440918
69,0.546603083610535,0.994346499443054,0.36075147986412,0.621954917907715,0.270060241222382,0.434896975755692,0.360026091337204,0.547910094261169,0.242791414260864,0.513480484485626,2.33258128166199,0.489977777004242,1.89958822727203,0.542242109775543,1.64872479438782,0.393787205219269,2.37818956375122,0.570788443088532,0.74835729598999,0.183483719825745,0.826410710811615,0.167896375060081,1.68365323543549,0.175181359052658,1.40193653106689,0.165004268288612,0.302810251712799,0.23384815454483,0.354500114917755,0.361120611429214,0.262711644172668,0.240078523755074,0.282972514629364,0.2308040112257
70,0.47969400882721,1.06056356430054,0.57127320766449,0.543489456176758,0.248080372810364,0.431000471115112,0.464267611503601,0.574328303337097,0.455651551485062,0.466189354658127,1.93870103359222,0.480600506067276,1.66373932361603,0.48245295882225,1.49882757663727,0.423519462347031,2.12438201904297,0.531949758529663,0.70416122674942,0.179873049259186,0.817743957042694,0.168614745140076,1.45157122612,0.172443747520447,1.24893879890442,0.163014739751816,0.284364074468613,0.287380874156952,0.529382109642029,0.274798423051834,0.253375470638275,0.229059994220734,0.267740070819855,0.268524557352066
71,0.462062329053879,1.05320847034454,0.438465118408203,0.564612686634064,0.237208396196365,0.425733953714371,0.338319033384323,0.551230847835541,0.364548772573471,0.478519767522812,1.85653150081635,0.435441672801971,1.42494082450867,0.485197812318802,1.36755061149597,0.393544614315033,1.99296081066132,0.603712677955627,0.667054772377014,0.178288236260414,0.777508497238159,0.182005748152733,1.37039017677307,0.164396986365318,1.10925996303558,0.162187770009041,0.277089327573776,0.268704414367676,0.431705236434936,0.245558887720108,0.241055995225906,0.214971452951431,0.261844247579575,0.227366372942924
72,0.42497593164444,1.02988398075104,0.507737159729004,0.512175261974335,0.219940334558487,0.423808842897415,0.32325142621994,0.57265716791153,0.3163221180439,0.478197634220123,1.62150096893311,0.443846344947815,1.29034912586212,0.476177304983139,1.22611963748932,0.405909717082977,1.69835650920868,0.531783103942871,0.642296016216278,0.181379050016403,0.728851854801178,0.175236061215401,1.28564608097076,0.16212309896946,1.06224119663239,0.168668836355209,0.272557735443115,0.230936124920845,0.384948045015335,0.258781611919403,0.232954159379005,0.23318387567997,0.254687875509262,0.217841699719429
73,0.401230037212372,1.10686767101288,0.489971965551376,0.549404919147491,0.210511833429337,0.436910897493362,0.315133571624756,0.540206432342529,0.309059530496597,0.471959114074707,1.55759513378143,0.445851385593414,1.18533742427826,0.525567173957825,1.15328538417816,0.400456637144089,1.53658199310303,0.534960567951202,0.910519897937775,0.120670758187771,0.705212235450745,0.174292117357254,1.12880837917328,0.170573428273201,0.993224918842316,0.166548162698746,0.257204800844192,0.237595781683922,0.352111399173737,0.240416765213013,0.230525329709053,0.246831059455872,0.276486665010452,0.194269999861717
74,0.409453004598618,0.982022404670715,0.331156671047211,0.561829626560211,0.192728772759438,0.444494128227234,0.329382300376892,0.553286552429199,0.286731362342834,0.487624615430832,1.28236496448517,0.453207552433014,1.15008664131165,0.517336010932922,1.03967821598053,0.38020133972168,1.30298101902008,0.542778432369232,0.738831400871277,0.11923898011446,0.704590678215027,0.181310027837753,1.03769481182098,0.162987500429153,0.914784848690033,0.165813326835632,0.248681932687759,0.240222752094269,0.342325896024704,0.241639912128448,0.219644367694855,0.228494122624397,0.238952293992043,0.204798355698585
75,0.363917410373688,0.991160273551941,0.318401426076889,0.51166445016861,0.189495369791985,0.442287266254425,0.289417147636414,0.53579318523407,0.261810928583145,0.497800350189209,1.23365318775177,0.459622979164124,1.03042840957642,0.538371801376343,1.00964498519897,0.421300798654556,1.24417471885681,0.54160863161087,0.653835594654083,0.117371395230293,0.680983483791351,0.171491801738739,0.915996074676514,0.164395704865456,0.880104124546051,0.161937981843948,0.244700253009796,0.251636892557144,0.318988025188446,0.240194886922836,0.212475329637527,0.268092185258865,0.213960275053978,0.183172211050987
76,0.34224596619606,1.16153252124786,0.290156930685043,0.546458005905151,0.184176668524742,0.460020035505295,0.357284784317017,0.560689568519592,0.262477338314056,0.502525389194489,1.11569547653198,0.453946024179459,0.955776691436768,0.521912336349487,0.985760748386383,0.39312219619751,1.16366386413574,0.532731533050537,0.665359854698181,0.117368526756763,0.637021005153656,0.175220027565956,0.856389045715332,0.160117626190186,0.868337452411652,0.173175022006035,0.228168100118637,0.25180372595787,0.301553517580032,0.260320901870728,0.207332342863083,0.243131220340729,0.202447801828384,0.194789946079254
77,1.07484793663025,0.977246582508087,0.303429394960403,0.548533797264099,0.175201937556267,0.445096880197525,0.542553246021271,0.507827341556549,0.235831692814827,0.493139505386353,1.02152633666992,0.47499144077301,0.939437091350555,0.513457894325256,0.92084926366806,0.394349962472916,1.0865330696106,0.544876456260681,0.597671151161194,0.118796870112419,0.615391790866852,0.177599266171455,0.832298576831818,0.164253264665604,0.834713160991669,0.172182500362396,0.230454698204994,0.25577113032341,0.286682367324829,0.249583348631859,0.200055047869682,0.259473502635956,0.190789476037025,0.170497611165047
78,0.866223335266113,0.896649479866028,0.29037407040596,0.529360771179199,0.167399227619171,0.445776045322418,0.424771755933762,0.504538059234619,0.233500316739082,0.510263323783875,0.960341155529022,0.467077732086182,0.880002439022064,0.508500754833221,0.879034996032715,0.400752484798431,1.31191599369049,0.542066395282745,0.554739594459534,0.115766726434231,0.73823356628418,0.12285940349102,0.814913988113403,0.167720943689346,0.781346619129181,0.171144023537636,0.218248814344406,0.260344952344894,0.275515586137772,0.25950363278389,0.195879846811295,0.269957274198532,0.183331578969955,0.174112007021904
79,0.662817358970642,0.924323260784149,0.313019514083862,0.526061415672302,0.161523833870888,0.45011368393898,0.390841215848923,0.480480045080185,0.23284287750721,0.508959591388702,0.915946662425995,0.479148805141449,0.818736851215362,0.502198278903961,0.829832851886749,0.409728825092316,1.76611948013306,0.440842181444168,0.506366014480591,0.117582499980927,0.625511467456818,0.120463937520981,0.700411796569824,0.200258210301399,0.733767628669739,0.170132011175156,0.211899474263191,0.273377180099487,0.265605956315994,0.244810581207275,0.186005890369415,0.235411733388901,0.172814279794693,0.187979057431221
80,0.651131629943848,0.916920900344849,0.24944606423378,0.597985565662384,0.154669910669327,0.482853293418884,0.365464419126511,0.48767101764679,0.211311936378479,0.503590524196625,0.848879098892212,0.471630394458771,0.889914155006409,0.516687393188477,0.794786036014557,0.416942209005356,1.30817222595215,0.445762455463409,0.486095190048218,0.120287969708443,0.591671347618103,0.118940114974976,0.714815855026245,0.164457589387894,0.719593942165375,0.17791748046875,0.212864965200424,0.29314398765564,0.248608291149139,0.272478729486465,0.183019325137138,0.293920636177063,0.165655508637428,0.183416947722435
81,0.530237317085266,0.933423817157745,0.276575863361359,0.533915936946869,0.150187030434608,0.450716912746429,0.348315924406052,0.496310532093048,0.509315133094788,0.454773843288422,0.829035222530365,0.480925649404526,0.770387768745422,0.524479925632477,0.854671895503998,0.423931062221527,1.11032044887543,0.44067057967186,0.4649738073349,0.127160713076592,0.536947011947632,0.120256148278713,0.66933411359787,0.163494661450386,0.693970561027527,0.176940381526947,0.206325575709343,0.265683621168137,0.247970134019852,0.278804868459702,0.178228959441185,0.258432596921921,0.158822700381279,0.177854776382446
82,0.539558291435242,1.1701272726059,0.231737986207008,0.560851037502289,0.146551057696343,0.483240693807602,0.317985683679581,0.509286403656006,0.387580901384354,0.460002213716507,1.98797047138214,0.367170125246048,0.723355710506439,0.553426086902618,0.788765490055084,0.42403382062912,0.96526026725769,0.452396184206009,0.448600947856903,0.116897866129875,0.502431988716126,0.118103392422199,0.643740236759186,0.170952647924423,0.655810654163361,0.173722133040428,0.199143573641777,0.265977174043655,0.23774217069149,0.297381788492203,0.268963247537613,0.177822336554527,0.158237248659134,0.173383116722107
83,0.489749014377594,0.964480876922607,0.252783268690109,0.528420925140381,0.287923961877823,0.440463751554489,0.293319076299667,0.498641788959503,0.345546871423721,0.466132938861847,1.55882012844086,0.352381467819214,1.82600915431976,0.47048744559288,0.719900906085968,0.417109191417694,0.88872629404068,0.449410319328308,0.41665855050087,0.117378868162632,0.471868962049484,0.126805797219276,0.612171292304993,0.167771503329277,0.631561577320099,0.178143709897995,0.251564204692841,0.184132754802704,0.227534011006355,0.233055993914604,0.217135518789291,0.16803652048111,0.1478181630373,0.177105933427811
84,0.47893226146698,1.01850116252899,0.211474239826202,0.618801116943359,0.245209455490112,0.424928992986679,0.275238186120987,0.499735236167908,0.310751587152481,0.46534875035286,1.26614499092102,0.35606038570404,1.63336861133575,0.425373494625092,0.686935722827911,0.412382304668427,0.823324084281921,0.440138280391693,0.422552585601807,0.118871167302132,0.443287938833237,0.121917590498924,0.631187796592712,0.170782834291458,0.628059506416321,0.176086470484734,0.205665647983551,0.192104816436768,0.22712916135788,0.277014076709747,0.195514529943466,0.196053698658943,0.143542215228081,0.1930091381073
85,0.609180629253387,1.02901494503021,0.231686845421791,0.578930974006653,0.220721021294594,0.438111066818237,0.264131247997284,0.511904060840607,0.296751916408539,0.454000353813171,1.10723340511322,0.349921584129333,1.45934653282166,0.4223273396492,1.57327198982239,0.306807368993759,0.753857135772705,0.446210294961929,0.396854549646378,0.118951015174389,0.430037379264832,0.118670344352722,0.62178385257721,0.170394912362099,0.593933343887329,0.176249772310257,0.186782911419869,0.199109554290771,0.215467393398285,0.273465216159821,0.181264206767082,0.175174921751022,0.138318479061127,0.165351450443268
86,0.408638745546341,0.996101498603821,0.375661432743072,0.520256400108337,0.205302864313126,0.435350298881531,0.260362058877945,0.520240604877472,0.275499314069748,0.468736052513123,1.03408217430115,0.374134123325348,1.21890807151794,0.415582776069641,1.15884065628052,0.317640870809555,0.779264748096466,0.438433915376663,0.375734925270081,0.120418108999729,0.405753403902054,0.120159797370434,0.586760580539703,0.170587003231049,0.713729858398438,0.126213118433952,0.17253777384758,0.176038146018982,0.208450570702553,0.304133176803589,0.16879053413868,0.155656605958939,0.133639469742775,0.20915824174881
87,0.429042428731918,0.983902394771576,0.305313110351562,0.50177389383316,0.194938585162163,0.435203552246094,0.247514709830284,0.541566252708435,0.260827124118805,0.466568976640701,0.908712208271027,0.362488865852356,1.01530361175537,0.409172654151917,0.981619119644165,0.316406726837158,0.679150521755219,0.444494873285294,0.374746531248093,0.122071392834187,0.393445760011673,0.123503744602203,0.716157257556915,0.124263934791088,0.613124370574951,0.118776462972164,0.162776619195938,0.186336219310761,0.205977275967598,0.269484549760818,0.15716265141964,0.169285282492638,0.131896466016769,0.196765795350075
88,0.393190681934357,1.02121317386627,0.278486877679825,0.531650304794312,0.188181802630425,0.445436805486679,0.238508179783821,0.503167152404785,0.241061568260193,0.50939667224884,0.954259634017944,0.35579189658165,0.937443196773529,0.417185842990875,0.817292273044586,0.322329521179199,0.673194706439972,0.457664608955383,0.353900164365768,0.121583767235279,0.377723544836044,0.119704186916351,0.603494584560394,0.127376362681389,0.531729519367218,0.117154955863953,0.155109763145447,0.180002599954605,0.19369974732399,0.276214629411697,0.151966020464897,0.191801100969315,0.126185804605484,0.18242073059082
89,0.858226120471954,1.02129781246185,0.265762090682983,0.514861047267914,0.178746342658997,0.43124583363533,0.237544372677803,0.556114256381989,0.241549924015999,0.492837488651276,0.805039525032043,0.356527626514435,0.957189083099365,0.424694508314133,0.869705677032471,0.31275001168251,0.639369666576386,0.460018485784531,0.250378519296646,0.103802427649498,0.361156642436981,0.12266318500042,0.548341453075409,0.119124494493008,0.502475559711456,0.118315704166889,0.146308913826942,0.203830778598785,0.193535178899765,0.273914903402328,0.144700035452843,0.177812874317169,0.12203025072813,0.191145077347755
90,0.649233043193817,0.905869960784912,0.255590736865997,0.537256956100464,0.167423009872437,0.440542787313461,0.508942902088165,0.487069576978684,0.222459807991981,0.507627785205841,0.75752991437912,0.376880794763565,0.907835304737091,0.420846730470657,0.737315952777862,0.326564610004425,0.585435330867767,0.45725229382515,0.224214792251587,0.104795277118683,0.351905792951584,0.122104980051517,0.507284224033356,0.121248804032803,0.474150568246841,0.116639666259289,0.142211005091667,0.18428798019886,0.185866042971611,0.259362399578094,0.140061989426613,0.181903928518295,0.118945971131325,0.1937205940485
91,0.560957252979279,1.02489387989044,0.227462455630302,0.50728178024292,0.163580119609833,0.456119805574417,0.410199880599976,0.461729735136032,0.215705424547195,0.525376558303833,0.761614263057709,0.369836419820785,0.828407883644104,0.423318415880203,0.676811993122101,0.31644394993782,0.557439148426056,0.452918827533722,0.202375665307045,0.098817236721516,0.330633252859116,0.121558666229248,0.475564271211624,0.116735860705376,0.449356377124786,0.117133274674416,0.136203348636627,0.202084392309189,0.183519273996353,0.300471484661102,0.132544353604317,0.201612427830696,0.116952136158943,0.192273840308189
92,0.483272939920425,1.04576098918915,0.208941414952278,0.608872175216675,0.153550937771797,0.441555857658386,0.349882841110229,0.459713906049728,0.209410563111305,0.52852201461792,0.723124086856842,0.35441929101944,0.831264913082123,0.424568593502045,0.636260390281677,0.314836800098419,0.549535512924194,0.450991898775101,0.208575204014778,0.100515425205231,0.324392765760422,0.123175963759422,0.455641210079193,0.123064532876015,0.42484524846077,0.118242152035236,0.130321949720383,0.19278484582901,0.176503390073776,0.263585299253464,0.128174468874931,0.186960056424141,0.113044939935207,0.189966186881065
93,0.460598170757294,0.987619042396545,0.206027045845985,0.605883896350861,0.147018194198608,0.473024398088455,0.337739527225494,0.451732456684113,0.202006712555885,0.497760146856308,0.710780620574951,0.362654477357864,0.705632507801056,0.431157231330872,0.591810464859009,0.330690085887909,0.521555840969086,0.456178158521652,0.19708476960659,0.098807118833065,0.301405817270279,0.100703209638596,0.424407809972763,0.118321932852268,0.404537975788116,0.117157936096191,0.123833820223808,0.185600981116295,0.180809274315834,0.253557801246643,0.120853431522846,0.185324013233185,0.11174139380455,0.189846932888031
94,0.424516767263413,1.00910973548889,0.185464441776276,0.534376978874207,0.143441125750542,0.452443391084671,0.307327687740326,0.468048572540283,0.190522491931915,0.514111757278442,0.648254096508026,0.371767103672028,0.651468753814697,0.417218863964081,0.590230286121368,0.312010079622269,0.519877433776856,0.465269267559052,0.177413985133171,0.098912917077541,0.249036937952042,0.100052826106548,0.40899845957756,0.114585131406784,0.3908671438694,0.11827053129673,0.119436725974083,0.194219321012497,0.293341755867004,0.188361048698425,0.122326448559761,0.195625439286232,0.107214234769344,0.187047183513641
95,0.387426972389221,0.966315031051636,0.187966331839561,0.547017276287079,0.32874521613121,0.422388702630997,0.293537229299545,0.465825945138931,0.189116254448891,0.511784434318543,0.61514014005661,0.359257161617279,0.795581996440887,0.425053358078003,0.559109330177307,0.339473366737366,0.500588715076447,0.473846644163132,0.195937797427177,0.099100589752197,0.234499976038933,0.102781660854816,0.407710880041122,0.121526934206486,0.372941762208939,0.118952378630638,0.114294052124023,0.182397961616516,0.231869950890541,0.193565368652344,0.115710392594337,0.181167900562286,0.105076722800732,0.204056054353714
96,0.381833165884018,1.0331552028656,0.171961411833763,0.548477172851563,0.2703637778759,0.429128766059876,0.282869189977646,0.480473279953003,0.517888307571411,0.43708261847496,1.28875005245209,0.293472230434418,0.624744892120361,0.426541864871979,1.30156302452087,0.250175476074219,0.474187284708023,0.46664634346962,0.168588444590569,0.098478205502033,0.227822706103325,0.10320907831192,0.376249551773071,0.11659424751997,0.359539419412613,0.117570906877518,0.112593844532967,0.201238125562668,0.205009087920189,0.183963626623154,0.111704654991627,0.17069536447525,0.191895827651024,0.148098304867744
97,0.364959716796875,0.99727737903595,0.168603986501694,0.591167747974396,0.246391385793686,0.426021695137024,0.267217874526978,0.4733826816082,0.387763887643814,0.445095837116242,0.927537858486176,0.28958335518837,0.580675303936005,0.428996175527573,1.26796555519104,0.237313210964203,1.60431706905365,0.354097694158554,0.15640053153038,0.102061629295349,0.208322197198868,0.098875060677528,0.368361353874207,0.122494518756866,0.347300171852112,0.121571525931358,0.175803810358048,0.124746829271317,0.195683643221855,0.185119479894638,0.189071834087372,0.13861520588398,0.164211452007294,0.149840041995049
98,0.353986412286758,1.13767075538635,0.357288897037506,0.506531655788422,0.224280968308449,0.423738896846771,0.263604998588562,0.486616283655167,0.325140833854675,0.461221545934677,0.744124054908752,0.287691533565521,1.7519268989563,0.313806712627411,0.877163827419281,0.25807923078537,1.19667649269104,0.343378901481628,0.152804896235466,0.098475590348244,0.199848726391792,0.100249536335468,0.356173157691956,0.120208717882633,0.328062236309052,0.119065627455711,0.148058369755745,0.114440374076366,0.177946820855141,0.183189854025841,0.156183063983917,0.133483216166496,0.146229326725006,0.134685069322586
99,0.33829391002655,0.990437269210815,0.290647476911545,0.481496542692184,0.220919817686081,0.426815152168274,0.242796450853348,0.496116757392883,0.315430760383606,0.455920547246933,0.695780754089356,0.286208391189575,1.29134178161621,0.299704670906067,0.825656235218048,0.242026567459106,0.966470897197723,0.352034330368042,0.147529065608978,0.098937533795834,0.191619008779526,0.097896918654442,0.344780653715134,0.118632078170776,0.330821692943573,0.119330175220966,0.133148074150085,0.11766455322504,0.166213139891624,0.191410720348358,0.146176189184189,0.134147301316261,0.137776985764503,0.158593058586121
100,0.299973785877228,0.999656736850738,0.260219037532806,0.475178271532059,0.205108121037483,0.436029255390167,0.233438149094582,0.490893870592117,0.285895764827728,0.460416197776794,0.6561119556427,0.289785653352737,1.08155632019043,0.301743924617767,0.716794848442078,0.234637171030045,0.887069940567017,0.353317439556122,0.149385824799538,0.098331220448017,0.182799488306046,0.098559059202671,0.34072071313858,0.118482738733292,0.316660702228546,0.122128203511238,0.124563708901405,0.121460802853107,0.160067543387413,0.189822748303413,0.133502945303917,0.126722246408463,0.12725692987442,0.152445390820503
101,0.97879695892334,0.923216223716736,0.244544699788094,0.482766538858414,0.198360398411751,0.435836911201477,0.234275296330452,0.514887750148773,0.270530223846436,0.490101158618927,0.604349792003632,0.299213171005249,0.944368124008179,0.30498856306076,0.640220642089844,0.229269579052925,0.796778738498688,0.352575451135635,0.136959224939346,0.098578564822674,0.177145659923553,0.102051205933094,0.320028007030487,0.121759347617626,0.316570580005646,0.100206173956394,0.116597972810268,0.122398562729359,0.153580635786057,0.19773368537426,0.123501770198345,0.134832546114922,0.120531484484673,0.166417643427849
102,0.771525979042053,0.940912961959839,0.23097713291645,0.494810670614243,0.192539617419243,0.446719139814377,0.220964252948761,0.511855602264404,0.250913053750992,0.461146056652069,0.553699672222137,0.30729553103447,0.835208296775818,0.29710054397583,0.607968926429749,0.252717137336731,0.7753546833992,0.359210044145584,0.133854508399963,0.099434241652489,0.169245406985283,0.098715037107468,0.311663955450058,0.123439244925976,0.265020072460175,0.099177710711956,0.111687369644642,0.1272362023592,0.144298553466797,0.175650730729103,0.117377370595932,0.147430568933487,0.114972144365311,0.148670554161072
103,0.707613110542297,1.02678978443146,0.218108743429184,0.499891638755798,0.179970398545265,0.455450743436813,0.21846641600132,0.501642346382141,0.236260205507278,0.468798339366913,0.560533404350281,0.302222192287445,0.812343657016754,0.301306575536728,0.614275991916657,0.238744482398033,0.663272976875305,0.348400354385376,0.130313038825989,0.100597277283669,0.162452057003975,0.098642073571682,0.311337530612946,0.128019765019417,0.246134519577026,0.096720091998577,0.103599056601524,0.1272052526474,0.137702241539955,0.213668197393417,0.112397380173206,0.130145415663719,0.110475316643715,0.157612338662148
104,0.591026365756989,1.34010744094849,0.208895057439804,0.490492403507233,0.175937905907631,0.461668223142624,0.432563781738281,0.466091752052307,0.236948192119598,0.485854923725128,0.558692276477814,0.302961409091949,0.753576576709747,0.304056704044342,0.519770741462708,0.233600124716759,0.627558827400208,0.363718181848526,0.125008046627045,0.102207005023956,0.161344155669212,0.107342548668385,0.2940673828125,0.123873487114906,0.227838978171349,0.095762304961681,0.10054262727499,0.131714165210724,0.13340550661087,0.19944030046463,0.104657955467701,0.126736417412758,0.106973461806774,0.160565629601479
105,0.574714362621307,0.957314729690552,0.202961042523384,0.487402319908142,0.169538766145706,0.455147534608841,0.361765205860138,0.440025180578232,0.217864200472832,0.516270756721497,0.504853665828705,0.305026590824127,0.676108181476593,0.300763875246048,0.516688048839569,0.243358358740807,0.595090985298157,0.37882736325264,0.120829679071903,0.102139882743359,0.154577597975731,0.100928336381912,0.333979219198227,0.102810554206371,0.219030290842056,0.099493905901909,0.096050620079041,0.115724667906761,0.129583835601807,0.203344494104385,0.100649513304234,0.143761292099953,0.100754730403423,0.147874191403389
106,0.48234224319458,1.22770512104034,0.188252091407776,0.501710951328278,0.31721168756485,0.411804229021072,0.324201166629791,0.433984845876694,0.210897043347359,0.484275966882706,0.484321475028992,0.290824502706528,0.642342746257782,0.29884347319603,0.477293074131012,0.241837501525879,0.560652673244476,0.380354553461075,0.117422670125961,0.101572722196579,0.145665004849434,0.10021086782217,0.375267863273621,0.096028506755829,0.210355430841446,0.097350306808949,0.09167805314064,0.12364848703146,0.124383971095085,0.184980049729347,0.09547470510006,0.139621824026108,0.102906972169876,0.151464864611626
107,0.462672650814056,1.02613306045532,0.190485864877701,0.499010354280472,0.263797730207443,0.417529672384262,0.300719618797302,0.439340710639954,0.474287867546082,0.439313292503357,0.47236779332161,0.306188881397247,0.599797129631043,0.319844841957092,0.502546072006226,0.246993020176887,0.555076241493225,0.359315782785416,0.117180474102497,0.101825796067715,0.144859597086906,0.099616259336472,0.26707598567009,0.094310618937016,0.206382140517235,0.097653962671757,0.089236237108708,0.12357772141695,0.121033497154713,0.218471229076385,0.092755720019341,0.131330847740173,0.095238216221333,0.150871872901917
108,0.441645294427872,0.9687220454216,0.172845780849457,0.531836867332459,0.243079289793968,0.409127354621887,0.276396930217743,0.433127075433731,0.361908614635468,0.423366844654083,0.450703054666519,0.298152714967728,0.601342737674713,0.296044796705246,0.46639883518219,0.245804160833359,0.505959153175354,0.374487638473511,0.109647035598755,0.102930508553982,0.134519919753075,0.104011178016663,0.234337031841278,0.097309201955795,0.193110972642899,0.096969343721867,0.085318736732006,0.131385639309883,0.115804776549339,0.207083359360695,0.088807530701161,0.136235192418098,0.092116035521031,0.151182666420937
109,0.437599748373032,1.02030289173126,0.170918151736259,0.523366510868073,0.23706927895546,0.410807520151138,0.26408863067627,0.435258090496063,0.329916507005692,0.428042650222778,0.437335461378098,0.310929626226425,0.54763650894165,0.307493329048157,0.436540246009827,0.242340013384819,1.34807932376862,0.261860936880112,0.1070756316185,0.103466734290123,0.134651005268097,0.104615159332752,0.230794966220856,0.093049868941307,0.191160067915916,0.114325150847435,0.137372419238091,0.110157072544098,0.110952503979206,0.207759782671928,0.085062064230442,0.148477986454964,0.150029450654984,0.11433158069849
110,0.410591602325439,0.980998992919922,0.162824913859367,0.547102332115173,0.219899266958237,0.414911419153214,0.255354553461075,0.44172129034996,0.297887831926346,0.439209908246994,1.08291923999786,0.222310647368431,0.582338273525238,0.303224205970764,0.423797726631165,0.244406640529633,1.03176653385162,0.260841608047485,0.105265937745571,0.102539323270321,0.171431362628937,0.089275345206261,0.214998841285706,0.09373651444912,0.184149652719498,0.096480317413807,0.114739984273911,0.095205709338188,0.111195422708988,0.197408229112625,0.08318667858839,0.136267080903053,0.126671746373177,0.11435803771019
111,0.365652650594711,0.962062120437622,0.419229984283447,0.458733111619949,0.210459291934967,0.435656756162643,0.241729035973549,0.438703536987305,0.300005972385406,0.431747406721115,0.856034338474274,0.217453703284264,0.498006641864777,0.299503266811371,0.387119144201279,0.247920915484428,0.86903989315033,0.260121136903763,0.169349074363709,0.087673969566822,0.151716947555542,0.086155220866203,0.213777989149094,0.092125318944454,0.179832398891449,0.096929736435413,0.105123795568943,0.099508732557297,0.106756009161472,0.223301321268082,0.148035302758217,0.09484426677227,0.112290740013123,0.103183604776859
112,1.09880900382996,0.848777711391449,0.335185199975967,0.467906326055527,0.202356845140457,0.424607455730438,0.227155566215515,0.437497586011887,0.260779947042465,0.428221434354782,0.75042325258255,0.225944474339485,0.463860660791397,0.30169752240181,0.778893530368805,0.192433342337608,0.705838084220886,0.258917987346649,0.149267509579659,0.085394710302353,0.142358660697937,0.085394121706486,0.201336294412613,0.093882784247398,0.16707855463028,0.096957549452782,0.097118631005287,0.094594471156597,0.102591753005981,0.193203881382942,0.123697467148304,0.106317937374115,0.106140427291393,0.10418439656496
113,0.810358703136444,0.869166731834412,0.310476779937744,0.458896785974503,0.190195858478546,0.431709766387939,0.221432611346245,0.45138630270958,0.253751844167709,0.444644093513489,0.665740013122559,0.220576763153076,0.523483097553253,0.305893242359161,0.583351969718933,0.233760312199593,0.708858966827393,0.259493827819824,0.138864427804947,0.08432973921299,0.133841127157211,0.085369385778904,0.199643507599831,0.092393212020397,0.163929596543312,0.097410321235657,0.090494476258755,0.096842989325523,0.176955625414848,0.119089931249619,0.111483968794346,0.103780128061771,0.097295045852661,0.100890345871449
114,0.73654305934906,0.883282482624054,0.28084534406662,0.47174796462059,0.181984424591064,0.443624377250671,0.213345021009445,0.461951345205307,0.251636326313019,0.449516803026199,0.626101851463318,0.221557185053825,0.433962672948837,0.311319321393967,0.532909333705902,0.194500282406807,0.645299792289734,0.263890326023102,0.129779905080795,0.085456781089306,0.128114521503448,0.085424765944481,0.194660633802414,0.095848269760609,0.163356080651283,0.098959870636463,0.088009051978588,0.096146799623966,0.148818701505661,0.130682647228241,0.104340329766274,0.102244593203068,0.091350235044956,0.103105418384075
115,0.686520040035248,1.04512047767639,0.254979401826859,0.47482231259346,0.178303971886635,0.451574742794037,0.201141104102135,0.461185038089752,0.239408165216446,0.456551492214203,0.547746896743774,0.2201958745718,0.426847130060196,0.302668780088425,0.496947675943375,0.199941337108612,0.567220211029053,0.280495315790176,0.124914817512035,0.084845848381519,0.121558949351311,0.084975980222225,0.188238024711609,0.094256699085236,0.185152500867844,0.085120417177677,0.08245413005352,0.092245660722256,0.138616323471069,0.127399370074272,0.097752280533314,0.106771431863308,0.088091492652893,0.099298410117626
116,0.600356638431549,1.05783152580261,0.239274799823761,0.490159183740616,0.171783581376076,0.439110159873962,0.1931362003088,0.438911348581314,0.221622228622436,0.444259345531464,0.533428370952606,0.218118295073509,0.433716773986816,0.309207081794739,0.484909981489181,0.19390594959259,0.601755201816559,0.273318558931351,0.11989788711071,0.083914436399937,0.117032900452614,0.08477084338665,0.181708589196205,0.093779526650906,0.170922860503197,0.085202515125275,0.080082751810551,0.098051011562347,0.12456937879324,0.12155769765377,0.093392446637154,0.101782135665417,0.084001511335373,0.100515954196453
117,0.623456418514252,0.957340896129608,0.245408415794373,0.483644485473633,0.157328709959984,0.488965809345245,0.186635255813599,0.469408601522446,0.213298380374908,0.454294890165329,0.466374099254608,0.220172524452209,0.430970430374146,0.317386955022812,0.422392189502716,0.199044197797775,0.521639943122864,0.265352934598923,0.111580677330494,0.083498612046242,0.112331382930279,0.085361666977406,0.171808317303658,0.092837378382683,0.15261173248291,0.082592941820622,0.07691252976656,0.096990831196308,0.11669297516346,0.123367972671986,0.088124446570873,0.11223042011261,0.081374496221542,0.107100792229176
118,0.528453588485718,0.954422771930695,0.220328375697136,0.473496109247208,0.156434834003449,0.458178907632828,0.180939257144928,0.462096035480499,0.207451194524765,0.45068821310997,0.450735330581665,0.229884043335915,0.401529759168625,0.31468540430069,0.382089197635651,0.201542466878891,0.528762996196747,0.265756785869598,0.108191214501858,0.084329605102539,0.107907064259052,0.086201123893261,0.167565777897835,0.09511236846447,0.146764740347862,0.084123209118843,0.073450364172459,0.093805499374867,0.112664580345154,0.118139892816544,0.084190361201763,0.103309161961079,0.077614016830921,0.104808203876019
119,0.475053042173386,0.935022056102753,0.2396569699049,0.495233446359634,0.374647617340088,0.405712962150574,0.401335269212723,0.431208103895187,0.410782277584076,0.416860610246658,0.417043507099152,0.222924619913101,1.16949844360352,0.235173463821411,0.3635613322258,0.197799861431122,0.447656184434891,0.271831452846527,0.104089997708797,0.083554871380329,0.103385046124458,0.086753010749817,0.165583252906799,0.093598373234272,0.138175681233406,0.083079054951668,0.071252882480621,0.105261370539665,0.105804465711117,0.128788203001022,0.079543016850948,0.10753832757473,0.074692584574223,0.119970850646496
120,0.472734659910202,0.934757590293884,0.207330167293549,0.488867521286011,0.302050977945328,0.400919497013092,0.323548972606659,0.426953434944153,0.33023738861084,0.427661776542664,0.41155007481575,0.232536122202873,0.891255378723145,0.237579062581062,0.341969072818756,0.200102120637894,0.450136482715607,0.266087889671326,0.099332056939602,0.084264256060124,0.10063711553812,0.088217459619045,0.162742242217064,0.095661729574204,0.136184751987457,0.088242501020432,0.068861871957779,0.1139005869627,0.10148361325264,0.122477598488331,0.07671931385994,0.104699589312077,0.073294416069985,0.113815411925316
121,0.462415397167206,1.15964818000793,0.214542254805565,0.514680802822113,0.278261482715607,0.411204308271408,0.294648468494415,0.431790620088577,0.282345086336136,0.418720811605454,0.384929299354553,0.222497329115868,0.743102073669434,0.230529427528381,0.327357620000839,0.205532282590866,0.439397782087326,0.265047073364258,0.0966721996665,0.082877576351166,0.096322312951088,0.08694539219141,0.158639565110207,0.098094090819359,0.127353295683861,0.083589874207974,0.066271394491196,0.108891606330872,0.09835210442543,0.137214362621307,0.075166903436184,0.101164549589157,0.070064768195152,0.119834505021572
122,0.447320699691772,0.954575955867767,0.58916836977005,0.43132746219635,0.256735593080521,0.408789485692978,0.268040806055069,0.433495968580246,0.267468303442001,0.439090490341186,0.528218269348145,0.196304708719254,0.677944898605347,0.230824843049049,0.320375800132751,0.205327227711678,0.418373644351959,0.280244678258896,0.094069913029671,0.083378098905087,0.09295941144228,0.092175669968128,0.187384024262428,0.083298027515411,0.122487530112267,0.082877904176712,0.064241990447044,0.111586831510067,0.094419293105602,0.130643472075462,0.113236449658871,0.094830468297005,0.067706927657127,0.110708445310593
123,0.843702554702759,0.908921837806702,0.489110499620438,0.413900524377823,0.240651413798332,0.409217596054077,0.249595507979393,0.440498173236847,0.239251211285591,0.430326521396637,0.429435163736343,0.198077619075775,0.603555023670197,0.229270115494728,0.519580483436585,0.164106473326683,0.851772248744965,0.211986526846886,0.089956797659397,0.083865523338318,0.089960366487503,0.087204679846764,0.170638620853424,0.081576324999333,0.117174334824085,0.084128014743328,0.061333436518908,0.108998820185661,0.089319027960301,0.147793516516686,0.097681477665901,0.087911188602448,0.066708736121655,0.115700595080853
124,0.720195591449737,1.07978498935699,0.407103449106216,0.43379619717598,0.232703909277916,0.430876612663269,0.238669946789742,0.430991679430008,0.232520312070847,0.437478005886078,0.381159991025925,0.187591269612312,0.579641878604889,0.230044320225716,0.428145736455917,0.160867229104042,0.739867091178894,0.208503723144531,0.088126137852669,0.083778843283653,0.086954317986965,0.087940037250519,0.159428358078003,0.081685222685337,0.115005433559418,0.085325740277767,0.061053730547428,0.111019276082516,0.085623845458031,0.12834732234478,0.08682207018137,0.081837549805641,0.065123192965984,0.120115250349045
125,0.579031705856323,0.997465550899506,0.353837251663208,0.423077940940857,0.219558238983154,0.418685048818588,0.227426201105118,0.453716933727264,0.21485835313797,0.442320615053177,0.360216945409775,0.192179411649704,0.512229323387146,0.225235223770142,0.377290219068527,0.161391615867615,0.637416183948517,0.206456586718559,0.083331577479839,0.083583071827889,0.083693571388722,0.088657528162003,0.151828184723854,0.080562464892864,0.111513562500477,0.084304615855217,0.059368129819632,0.100519865751266,0.083567813038826,0.138532429933548,0.081417977809906,0.085133902728558,0.062102004885674,0.111842073500156
126,0.556130290031433,0.986033976078033,0.322806775569916,0.444939970970154,0.210493132472038,0.420669585466385,0.212139844894409,0.446735352277756,0.208839103579521,0.439241230487824,0.323835164308548,0.188777774572372,0.488569289445877,0.225165799260139,0.359965801239014,0.16558250784874,0.596306562423706,0.198317319154739,0.080527901649475,0.084546610713005,0.081190936267376,0.088582918047905,0.14963573217392,0.079043418169022,0.106258258223534,0.096387304365635,0.114604599773884,0.093730241060257,0.083492159843445,0.136020049452782,0.07702611386776,0.076096072793007,0.120631650090218,0.081688947975636
127,0.503765046596527,1.0005476474762,0.333872467279434,0.440365493297577,0.207458078861237,0.436756163835526,0.21312902867794,0.456868946552277,0.203201144933701,0.451398551464081,0.311352282762527,0.187760412693024,0.464752286672592,0.244293630123138,0.322106689214706,0.158609554171562,0.505113542079926,0.201424911618233,0.078463956713677,0.083939231932163,0.172735765576363,0.076139070093632,0.139019295573235,0.08066550642252,0.105852827429771,0.085785262286663,0.09440340846777,0.091420546174049,0.078263998031616,0.141386702656746,0.072729840874672,0.09244741499424,0.099118538200855,0.089669026434422
128,0.445975750684738,1.16843402385712,0.305409163236618,0.446681916713715,0.192748844623566,0.436558246612549,0.194609001278877,0.460506081581116,0.190797418355942,0.43978476524353,0.286409467458725,0.207395628094673,0.442659139633179,0.226876199245453,0.300992876291275,0.162322983145714,0.456736207008362,0.200241386890411,0.075644038617611,0.084342315793038,0.151127800345421,0.072481893002987,0.133811786770821,0.080914221704006,0.15913949906826,0.07898536324501,0.087618261575699,0.086717270314694,0.075632534921169,0.147993549704552,0.069997362792492,0.093657232820988,0.090920314192772,0.08398862183094
129,0.455846428871155,1.02057361602783,0.279205948114395,0.470871180295944,0.18415541946888,0.437307327985764,0.188745111227036,0.460155487060547,0.182524234056473,0.451163858175278,0.282700479030609,0.195306241512299,0.412935763597488,0.23308239877224,0.287243396043777,0.166288286447525,0.430094242095947,0.20578895509243,0.07445552945137,0.083809480071068,0.139476343989372,0.073382370173931,0.129733622074127,0.08310166746378,0.142008110880852,0.073180481791496,0.08025498688221,0.085368447005749,0.147572040557861,0.137902051210403,0.065832942724228,0.087946712970734,0.08330387622118,0.086430117487907
130,0.38750559091568,0.965458512306213,0.315717607736587,0.431410908699036,0.176758587360382,0.452061325311661,0.180353045463562,0.455600798130035,0.348087430000305,0.419631600379944,0.267199546098709,0.189345061779022,0.420255571603775,0.235786512494087,0.275678545236587,0.161251083016396,0.3931445479393,0.206319272518158,0.071527034044266,0.085960812866688,0.130355954170227,0.070754133164883,0.124603234231472,0.081218481063843,0.131188064813614,0.074988454580307,0.075350411236286,0.081137396395207,0.121385663747787,0.099072314798832,0.063798896968365,0.086834013462067,0.078801825642586,0.09082991629839
131,0.37541189789772,0.979132652282715,0.256177723407745,0.461821883916855,,,0.382250726222992,0.424838989973068,0.288247257471085,0.413698136806488,0.261110335588455,0.196304678916931,0.397040754556656,0.232258632779121,0.265045315027237,0.165703803300858,0.395648062229156,0.207226827740669,0.070301495492458,0.085778765380383,0.123479343950748,0.071373023092747,0.120867297053337,0.080791532993317,0.123838230967522,0.076636105775833,0.071096546947956,0.08248832076788,0.111390210688114,0.092076696455479,0.062608532607555,0.091034710407257,0.074626140296459,0.090065754950047
132,0.376742899417877,1.04479742050171,0.245089411735535,0.468259185552597,,,0.316130489110947,0.43026077747345,0.270567208528519,0.417343705892563,0.240422129631042,0.19995442032814,0.372538596391678,0.23562590777874,0.252104997634888,0.161085486412048,0.347385495901108,0.216123521327972,0.141125530004501,0.074931867420673,0.117701485753059,0.072075739502907,0.117093220353127,0.085098266601563,0.118429973721504,0.073237031698227,0.068561658263207,0.076324097812176,0.101372398436069,0.103917613625526,0.058610439300537,0.094745673239231,0.071347735822201,0.08659765124321
133,0.343239188194275,0.996755480766296,0.320444792509079,0.465283513069153,,,0.277948886156082,0.446826756000519,0.252241045236587,0.408257246017456,0.237386882305145,0.199393734335899,0.348683416843414,0.238232582807541,0.242455706000328,0.16220723092556,0.336496293544769,0.203631088137627,0.120912447571754,0.072483636438847,0.111529886722565,0.07288184016943,0.113139480352402,0.082839123904705,0.112335689365864,0.072677247226238,0.064823605120182,0.084612846374512,0.095373012125492,0.102779500186443,0.058049283921719,0.089685812592507,0.067539103329182,0.091524302959442
134,,,0.477188497781754,0.425925195217133,,,0.259852141141891,0.435236573219299,0.236829996109009,0.428532719612122,0.226113393902779,0.210823118686676,0.346928864717483,0.233686909079552,0.230301052331924,0.175136432051659,0.325105756521225,0.207356914877892,0.110305532813072,0.073528133332729,0.106976844370365,0.077185772359371,0.109639756381512,0.082494616508484,0.107205450534821,0.072738610208035,0.062053486704826,0.098802015185356,0.090180039405823,0.099027775228024,0.054459270089865,0.093577407300472,0.066287085413933,0.084740407764912
135,,,0.373891592025757,0.41819828748703,,,0.241114363074303,0.424319505691528,0.224121227860451,0.425317376852035,0.500099062919617,0.163217067718506,0.321935683488846,0.244569107890129,0.222881644964218,0.164975360035896,0.30137887597084,0.206924974918365,0.102223984897137,0.073160775005818,0.102026678621769,0.075584605336189,0.106594108045101,0.083416908979416,0.102801412343979,0.072715625166893,0.061014622449875,0.091440245509148,0.087902255356312,0.091636806726456,0.053640235215426,0.09014205634594,0.063472732901573,0.087753154337406
136,,,0.344047695398331,0.41698157787323,,,0.223659694194794,0.43828684091568,0.214106276631355,0.423716396093369,0.407486766576767,0.157980665564537,0.321036875247955,0.243202537298202,0.220487520098686,0.164743229746819,0.300342559814453,0.208518773317337,0.096023462712765,0.072519920766354,0.097927615046501,0.073556132614613,0.103525072336197,0.082992121577263,0.098929181694985,0.074191942811012,0.05763428285718,0.099620260298252,0.081673584878445,0.099072426557541,0.051588866859675,0.097895838320255,0.060661345720291,0.090459056198597
137,,,0.315871357917786,0.408223837614059,,,0.215173318982124,0.430794507265091,0.206494227051735,0.439067184925079,0.35240763425827,0.157475233078003,0.661822438240051,0.198086783289909,0.207797601819038,0.167323365807533,0.498811274766922,0.170336350798607,0.090533018112183,0.072203017771244,0.094274960458279,0.080860860645771,0.154243052005768,0.069759123027325,0.094412416219711,0.072946809232235,0.05659718438983,0.092502988874912,0.078533366322517,0.101936019957066,0.099211372435093,0.066966533660889,0.094733282923699,0.066907219588757
138,,,0.299491375684738,0.414067417383194,,,0.207946047186851,0.443511068820953,0.192189782857895,0.441111177206039,0.319319933652878,0.188725888729095,0.514131426811218,0.18676894903183,0.435884714126587,0.142958581447601,0.407380104064941,0.18375900387764,0.085895076394081,0.073001340031624,0.090615876019001,0.078582689166069,0.136625036597252,0.068674482405186,0.090945445001125,0.073243297636509,0.053562019020319,0.087669283151627,0.075917504727841,0.110892899334431,0.081277512013912,0.063821509480476,0.078787580132485,0.062166575342417
139,,,0.283027559518814,0.427024066448212,,,0.190544843673706,0.434814631938934,0.188206896185875,0.452232927083969,0.313102751970291,0.155214637517929,0.446555972099304,0.187205493450165,0.358499079942703,0.133751258254051,0.34972095489502,0.172206416726112,0.082010298967362,0.073554955422878,0.086729243397713,0.075938194990158,0.126931175589561,0.068861790001392,0.087218374013901,0.074019573628903,0.052579589188099,0.090370126068592,0.074630297720432,0.101994432508945,0.073915772140026,0.077091954648495,0.072035849094391,0.063856691122055
140,,,0.265624493360519,0.434187799692154,,,0.182212635874748,0.464394748210907,0.173320814967155,0.468874841928482,0.291706174612045,0.158917874097824,0.408613502979279,0.192661061882973,0.317271441221237,0.136363074183464,0.318887799978256,0.17411895096302,0.078082777559757,0.073201328516007,0.083958566188812,0.07759777456522,0.119555197656155,0.076347097754479,0.083863861858845,0.073931403458119,0.051094744354487,0.095678865909577,0.070562586188316,0.109353609383106,0.067871183156967,0.071207471191883,0.068162940442562,0.075753211975098
141,,,0.25752729177475,0.427411496639252,,,0.174702107906342,0.453826248645783,0.171414151787758,0.446784943342209,0.265808492898941,0.158805921673775,0.389488071203232,0.184873446822166,0.287694901227951,0.132038816809654,0.292022198438644,0.171796202659607,0.075092434883118,0.073405921459198,0.138186901807785,0.063715159893036,0.114650294184685,0.070529371500015,0.080952666699886,0.081084556877613,0.048999704420567,0.097931578755379,0.068523697555065,0.111717343330383,0.064464412629604,0.067452415823937,0.064606428146362,0.077291920781136
142,,,0.240354746580124,0.432268232107163,,,0.172740936279297,0.463223576545715,0.161399811506271,0.461869239807129,0.252335280179977,0.165409833192825,0.349030584096909,0.188731491565704,0.261397421360016,0.132110133767128,0.273370385169983,0.169661089777947,0.071941532194614,0.073306925594807,0.119175642728806,0.061716333031654,0.109217204153538,0.071071229875088,0.078637443482876,0.075325906276703,0.049088012427092,0.101210564374924,0.065953180193901,0.098296858370304,0.060370892286301,0.072267703711987,0.060579154640436,0.072174958884716
143,,,0.23029737174511,0.450199604034424,,,0.165512323379517,0.479711681604385,0.156700029969215,0.449207693338394,0.245670258998871,0.164345055818558,0.331077486276627,0.185830965638161,0.24837252497673,0.132355064153671,0.262929260730743,0.175726965069771,0.068818151950836,0.072490617632866,0.109559990465641,0.061457321047783,0.104948230087757,0.069325864315033,0.079461023211479,0.078164897859097,0.101904332637787,0.06726560741663,0.063074640929699,0.110403373837471,0.057680245488882,0.076091125607491,0.058516599237919,0.066267915070057
144,,,0.221548229455948,0.442416518926621,,,0.157496333122253,0.453232884407043,,,0.234185397624969,0.16100350022316,0.310532420873642,0.190401390194893,0.239496946334839,0.132586523890495,0.247009411454201,0.173873290419579,0.06646303832531,0.073877051472664,0.102068200707436,0.062205471098423,0.100799947977066,0.071935251355171,0.136010840535164,0.06308750808239,0.083503320813179,0.071184113621712,0.062298409640789,0.10665063560009,0.054886985570192,0.069068863987923,0.056363075971603,0.078058660030365
145,,,0.211315348744392,0.453561782836914,,,0.154659613966942,0.46006178855896,,,0.226655349135399,0.185535207390785,0.29608952999115,0.194001212716103,0.222173154354095,0.134373843669891,0.231873720884323,0.183829933404923,0.064089931547642,0.074058830738068,0.096275061368942,0.06121451407671,0.097203485667706,0.070258311927319,0.117463544011116,0.062029749155045,0.074743703007698,0.069379918277264,0.061964560300112,0.107967004179955,0.052876926958561,0.072614692151547,0.053716082125902,0.068139337003231
146,,,0.204659163951874,0.459347605705261,,,0.381129175424576,0.413105934858322,,,0.221885144710541,0.158541306853294,0.277825742959976,0.190700069069862,0.212924420833588,0.13504484295845,0.23245470225811,0.178182855248451,0.062082093209028,0.07564640045166,0.091474838554859,0.062155105173588,0.093367971479893,0.07284115254879,0.108283698558807,0.063479669392109,0.068464152514935,0.076114073395729,0.117342792451382,0.080264128744602,0.051469158381224,0.077787816524506,0.053297694772482,0.069380328059197
147,,,0.192869514226913,0.46675631403923,,,0.317476660013199,0.416305750608444,,,0.213182508945465,0.161301970481873,0.270873665809631,0.188463062047958,0.200865253806114,0.135488301515579,0.217312008142471,0.179124683141708,0.060345090925694,0.074625417590141,0.087696701288223,0.061504080891609,0.090467013418675,0.07051520049572,0.101257055997849,0.061920244246721,0.063716232776642,0.075100995600224,0.09896594285965,0.087048768997192,0.049110844731331,0.073137402534485,0.050328191369772,0.072787299752235
148,,,,,,,0.282375574111938,0.421923726797104,,,0.202945441007614,0.161312788724899,0.245244339108467,0.191065207123756,0.195548951625824,0.138091161847115,0.210418358445168,0.178659617900848,0.121361084282398,0.066688731312752,0.083908513188362,0.062158465385437,0.086668774485588,0.072983734309673,0.095362044870854,0.061596721410751,0.060254540294409,0.070969976484776,0.087968029081822,0.080178193747997,0.047527458518744,0.073503993451595,0.048885937780142,0.075438931584358
149,,,,,,,0.258415818214416,0.426330268383026,,,0.18863907456398,0.164431378245354,0.249961614608765,0.197638511657715,0.190734803676605,0.137160450220108,0.201952785253525,0.178544610738754,0.103418551385403,0.066649109125137,0.081006214022637,0.062495280057192,0.135823175311089,0.060186874121428,0.090856097638607,0.061285626143217,0.057329773902893,0.068269491195679,0.081933885812759,0.084426105022431,,,,
150,,,,,,,0.238761723041534,0.433229595422745,,,,,0.233777612447739,0.191721022129059,0.180531322956085,0.136556461453438,0.198312550783157,0.184345290064812,0.094032250344753,0.064796552062035,0.07726177573204,0.062442563474178,0.117635361850262,0.064176984131336,0.086733423173428,0.061143428087235,0.054164972156286,0.07949636131525,0.077507309615612,0.078892663121224,,,,
151,,,,,,,0.217598959803581,0.435733288526535,,,,,0.236949920654297,0.194415271282196,0.179117575287819,0.140970960259438,0.183901831507683,0.174627915024757,0.086162820458412,0.066048078238964,0.074408799409866,0.06284236907959,0.108465455472469,0.057887669652701,0.082725152373314,0.060694418847561,0.05239712074399,0.069738171994686,0.072401531040669,0.084958501160145,,,,
152,,,,,,,0.211205318570137,0.458415299654007,,,,,0.465323597192764,0.158784106373787,,,0.184808447957039,0.177294313907623,0.081063836812973,0.065238535404205,0.071650467813015,0.062375191599131,0.101459085941315,0.057565305382013,0.07855049520731,0.061863873153925,0.050398338586092,0.071703284978867,0.070760786533356,0.082096107304096,,,,
153,,,,,,,0.197199314832687,0.453536450862884,,,,,0.366759032011032,0.153122797608376,,,,,0.076652273535729,0.064453423023224,0.069102607667446,0.063128799200058,0.096596591174603,0.058399252593517,0.076089940965176,0.061948761343956,0.048085272312164,0.071264028549194,0.065942376852036,0.085211366415024,,,,
154,,,,,,,0.188410386443138,0.460543513298035,,,,,0.321631222963333,0.153548866510391,,,,,0.07307480275631,0.064758367836475,0.066982805728912,0.063565626740456,0.091002255678177,0.058243703097105,0.073695108294487,0.063011981546879,,,0.064868211746216,0.098596885800362,,,,
155,,,,,,,0.175358071923256,0.457963705062866,,,,,0.292392998933792,0.156042903661728,,,,,0.069584719836712,0.065771117806435,0.064084112644196,0.063232325017452,0.087633460760117,0.0576490201056,0.070202998816967,0.062455274164677,,,0.061215329915285,0.086406216025353,,,,
156,,,,,,,0.170120149850845,0.474530756473541,,,,,0.273657530546188,0.159416913986206,,,,,0.067111894488335,0.065314024686813,,,0.083675257861614,0.060392733663321,0.067349806427956,0.064379021525383,,,0.058722846210003,0.084628038108349,,,,
157,,,,,,,,,,,,,0.254578620195389,0.157336622476578,,,,,0.065226942300797,0.065484628081322,,,0.079991757869721,0.058690372854471,0.065963327884674,0.063399121165276,,,0.057002101093531,0.089278638362885,,,,
158,,,,,,,,,,,,,0.239252015948296,0.153922408819199,,,,,0.062339887022972,0.065466962754726,,,0.076869927346706,0.059784598648548,0.062904797494412,0.062782071530819,,,0.055011205375195,0.079874150454998,,,,
159,,,,,,,,,,,,,0.228634715080261,0.155659034848213,,,,,0.060181941837072,0.066465556621552,,,0.074227064847946,0.060818590223789,0.060813080519438,0.064952284097672,,,0.054527897387743,0.093248680233955,,,,
160,,,,,,,,,,,,,0.221737504005432,0.155409082770348,,,,,0.058030143380165,0.066853493452072,,,0.071755647659302,0.059865318238735,0.058840896934271,0.064634449779987,,,0.051666807383299,0.090253353118897,,,,
161,,,,,,,,,,,,,0.208887562155724,0.155811935663223,,,,,0.056642938405275,0.066516235470772,,,0.069551475346088,0.061471663415432,0.057097107172012,0.066537722945213,,,0.100454322993755,0.069421358406544,,,,
162,,,,,,,,,,,,,0.19975109398365,0.155172035098076,,,,,0.055114824324846,0.066695049405098,,,0.067469395697117,0.059972163289785,,,,,0.08318854123354,0.062968820333481,,,,
163,,,,,,,,,,,,,0.188161611557007,0.154802262783051,,,,,0.052910953760147,0.066354602575302,,,,,,,,,0.075443044304848,0.068615220487118,,,,
164,,,,,,,,,,,,,,,,,,,,,,,,,,,,,0.069262035191059,0.06672128289938,,,,
165,,,,,,,,,,,,,,,,,,,,,,,,,,,,,0.064397990703583,0.066027849912644,,,,
166,,,,,,,,,,,,,,,,,,,,,,,,,,,,,0.062157366424799,0.064179830253124,,,,
167,,,,,,,,,,,,,,,,,,,,,,,,,,,,,0.058120187371969,0.065933041274548,,,,
168,,,,,,,,,,,,,,,,,,,,,,,,,,,,,0.057765077799559,0.071143493056297,,,,
169,,,,,,,,,,,,,,,,,,,,,,,,,,,,,0.054635655134916,0.069500595331192,,,,
170,,,,,,,,,,,,,,,,,,,,,,,,,,,,,0.051572237163782,0.075407154858112,,,,
171,,,,,,,,,,,,,,,,,,,,,,,,,,,,,0.050407133996487,0.068739764392376,,,,
172,,,,,,,,,,,,,,,,,,,,,,,,,,,,,0.048531860113144,0.075390823185444,,,,
