,spatio-temporal None PL train,spatio-temporal None PL val,spatio-temporal X_st rnd d_c train,spatio-temporal X_st rnd d_c val,spatio-temporal X_st min d_c train,spatio-temporal X_st min d_c val,spatio-temporal X_st max d_c train,spatio-temporal X_st max d_c val,spatio-temporal X_st avg d_c train,spatio-temporal X_st avg d_c val,"spatio-temporal X_(t,s) rnd d_c train","spatio-temporal X_(t,s) rnd d_c val","spatio-temporal X_(t,s) min d_c train","spatio-temporal X_(t,s) min d_c val","spatio-temporal X_(t,s) max d_c train","spatio-temporal X_(t,s) max d_c val","spatio-temporal X_(t,s) avg d_c train","spatio-temporal X_(t,s) avg d_c val","spatio-temporal Y_hat_(t,s) rnd d_c train","spatio-temporal Y_hat_(t,s) rnd d_c val","spatio-temporal Y_hat_(t,s) min d_c train","spatio-temporal Y_hat_(t,s) min d_c val","spatio-temporal Y_hat_(t,s) max d_c train","spatio-temporal Y_hat_(t,s) max d_c val","spatio-temporal Y_hat_(t,s) avg d_c train","spatio-temporal Y_hat_(t,s) avg d_c val","spatio-temporal Y_(t,s) rnd d_c train","spatio-temporal Y_(t,s) rnd d_c val","spatio-temporal Y_(t,s) min d_c train","spatio-temporal Y_(t,s) min d_c val","spatio-temporal Y_(t,s) max d_c train","spatio-temporal Y_(t,s) max d_c val","spatio-temporal Y_(t,s) avg d_c train","spatio-temporal Y_(t,s) avg d_c val"
t_iter_avg,57.4,57.4,313.5,313.5,310,310,370.5,370.5,371,371,399,399,410.4,410.4,412,412,404.7,404.7,473.1,473.1,478.8,478.8,467.4,467.4,478.8,478.8,461.7,461.7,459,459,459.9,459.9,460.5,460.5
budget_usage,1.00025227043391,1.00025227043391,1.00025227043391,1.00025227043391,1.00025227043391,1.00025227043391,1.00025227043391,1.00025227043391,1.00025227043391,1.00025227043391,1.00025227043391,1.00025227043391,1.00025227043391,1.00025227043391,1.00025227043391,1.00025227043391,1.00025227043391,1.00025227043391,1.00025227043391,1.00025227043391,1.00025227043391,1.00025227043391,1.00025227043391,1.00025227043391,1.00025227043391,1.00025227043391,1.00025227043391,1.00025227043391,1.00025227043391,1.00025227043391,1.00025227043391,1.00025227043391,1.00025227043391,1.00025227043391
sensor_usage,1,1,1,1,1,1,1,1,1,1,1,1,1,1,1,1,1,1,1,1,1,1,1,1,1,1,1,1,1,1,0.938461538461538,0.938461538461538,0.953846153846154,0.953846153846154
streamtime_usage,1,1,1,1,1,1,1,1,1,1,1,1,1,1,1,1,1,1,1,1,1,1,1,1,1,1,1,1,1,1,1,1,1,1
test_loss,1.1684104,1.1684104,0.45313423871994,0.45313423871994,0.45655545592308,0.45655545592308,0.492128968238831,0.492128968238831,0.511285364627838,0.511285364627838,0.118329048156738,0.118329048156738,0.232686892151833,0.232686892151833,0.183726042509079,0.183726042509079,0.126460045576096,0.126460045576096,0.062207687646151,0.062207687646151,0.067445948719978,0.067445948719978,0.061995267868042,0.061995267868042,0.064003735780716,0.064003735780716,0.055805813521147,0.055805813521147,0.068027354776859,0.068027354776859,0.124978713691235,0.124978713691235,0.070524327456951,0.070524327456951
RF_loss,2.5671828,2.5671828,2.56718277931213,2.56718277931213,2.56718277931213,2.56718277931213,2.56718277931213,2.56718277931213,2.56718277931213,2.56718277931213,2.56718277931213,2.56718277931213,2.56718277931213,2.56718277931213,2.56718277931213,2.56718277931213,2.56718277931213,2.56718277931213,2.56718277931213,2.56718277931213,2.56718277931213,2.56718277931213,2.56718277931213,2.56718277931213,2.56718277931213,2.56718277931213,2.56718277931213,2.56718277931213,2.56718277931213,2.56718277931213,2.56718277931213,2.56718277931213,2.56718277931213,2.56718277931213
cand_subsample_rate,,,1,1,1,1,1,1,1,1,1,1,1,1,1,1,1,1,1,1,1,1,1,1,1,1,1,1,1,1,1,1,1,1
points_percluster_rate,,,1,1,1,1,1,1,1,1,1,1,1,1,1,1,1,1,1,1,1,1,1,1,1,1,1,1,1,1,1,1,1,1
0,2.56636595726013,1.79332268238068,5.18643140792847,1.56068527698517,4.48912954330444,1.40958571434021,8.74715137481689,1.32450866699219,8.89573574066162,1.33980739116669,4.18174934387207,1.49045157432556,4.17737340927124,1.44766330718994,3.99506759643555,1.51478230953217,4.04834461212158,1.65632116794586,4.23694705963135,1.85776495933533,3.73117613792419,1.57695305347443,3.76711821556091,1.80742168426514,4.13864278793335,1.53323924541473,13.6294860839844,1.55692219734192,13.53342628479,1.74986696243286,13.0901117324829,4.84219884872437,13.9159622192383,1.92448031902313
1,1.79732584953308,1.48577177524567,3.30800843238831,1.4956910610199,3.04562091827393,1.3718900680542,6.82772779464722,1.31161367893219,6.62031221389771,1.22769403457642,2.78158164024353,1.4214038848877,2.66532778739929,1.53800523281097,2.58149170875549,1.47830390930176,2.64232850074768,1.48990082740784,2.44790363311768,1.49471807479858,2.26584053039551,1.48790919780731,2.30183911323547,1.51245200634003,2.40751528739929,1.51086127758026,8.91323471069336,1.51720058917999,9.2627420425415,1.71717393398285,9.09696960449219,2.43918347358704,9.59159088134766,1.62928736209869
2,1.71406078338623,1.45045256614685,3.21474242210388,1.42623829841614,2.88770651817322,1.34510433673859,6.42666053771973,1.22107219696045,6.29479312896729,1.19366276264191,2.57141637802124,1.44621312618256,2.62654662132263,1.4756942987442,2.43056344985962,1.44750082492828,2.52115774154663,1.46713089942932,2.25911140441895,1.43857848644257,2.11989665031433,1.50431954860687,2.07485890388489,1.75165855884552,2.37423300743103,1.46677541732788,7.47788619995117,1.07193005084991,7.65248966217041,1.36149322986603,7.54911804199219,1.55523598194122,8.01426887512207,1.19389760494232
3,1.54363894462585,1.44132483005524,3.18575978279114,1.30469477176666,2.8279504776001,1.38900589942932,5.65427160263062,1.13182687759399,5.72647476196289,1.19083654880524,2.50749969482422,1.46902585029602,2.55977845191956,1.41871094703674,2.38936352729797,1.46287155151367,2.4205539226532,1.6999990940094,2.11437487602234,1.42787420749664,2.05231761932373,1.43740439414978,2.09565901756287,1.53926849365234,2.34464430809021,1.44011497497559,6.61676025390625,0.98223602771759,6.68193769454956,1.08453214168549,6.74824285507202,1.30120396614075,7.26748752593994,1.78349852561951
4,1.62637841701508,1.41066372394562,3.05579590797424,1.29803502559662,2.67995238304138,1.29747295379639,5.30040502548218,1.39601945877075,5.45320320129395,1.09667134284973,2.42787384986877,1.39491713047028,2.48730969429016,1.34773123264313,2.26519393920898,1.43511581420898,2.38155078887939,1.44649088382721,2.20026969909668,1.41610097885132,1.99597907066345,1.43586146831512,1.92663216590881,1.37845361232758,2.23584794998169,1.51847851276398,6.05463838577271,1.30932366847992,6.2301607131958,1.06172859668732,6.29672622680664,1.47681450843811,6.7436146736145,1.67101895809174
5,1.51427018642426,1.39169263839722,2.88453412055969,1.30518841743469,2.55287981033325,1.36358022689819,5.10038375854492,1.12976181507111,5.19943332672119,1.0610408782959,2.33362674713135,1.35783433914185,2.42561101913452,1.31699633598328,2.10798192024231,1.43286120891571,2.36229729652405,1.38433480262756,2.01599621772766,1.40331506729126,1.92881774902344,1.38257122039795,1.84664297103882,1.48363566398621,2.21945476531982,1.47925591468811,5.75133085250855,0.995075762271881,5.78689956665039,0.837661862373352,5.92533683776856,1.469597697258,6.34614515304565,1.25365138053894
6,1.376833319664,1.36838066577911,2.67086482048035,1.25966846942902,2.31627321243286,1.27222430706024,4.91067361831665,1.07708311080933,4.93891048431397,1.11863744258881,2.20181512832642,1.3372665643692,2.31249928474426,1.33037686347961,2.08293294906616,1.43915998935699,2.2376663684845,1.35133183002472,1.91115379333496,1.3951575756073,1.86737954616547,1.28572499752045,1.75376486778259,1.31170773506165,2.23347234725952,1.41745150089264,5.55222129821777,1.10406184196472,5.6715931892395,1.03000664710999,5.75242853164673,1.58793199062347,6.01240873336792,1.11213386058807
7,1.27154147624969,1.41304063796997,2.51092195510864,1.25850045681,2.26715850830078,1.33458173274994,4.70112085342407,1.16682255268097,4.75972557067871,1.07552742958069,2.08795142173767,1.30563426017761,2.1677520275116,1.35169839859009,1.99825012683868,1.32261145114899,2.15039825439453,1.38498198986053,1.83149969577789,1.30940508842468,1.76515293121338,1.25948750972748,1.62802946567535,1.37993741035461,2.06486916542053,1.40024697780609,5.39820766448975,0.867712318897247,5.41448354721069,1.20927727222443,5.51955080032349,2.00343155860901,5.83490800857544,1.26171314716339
8,1.22940003871918,1.34983050823212,2.35627365112305,1.10174643993378,2.12070345878601,1.16644096374512,4.64812803268433,1.10535705089569,4.57631015777588,1.09021723270416,1.87365818023682,1.25507390499115,2.06605625152588,1.31159746646881,1.89931285381317,1.28735554218292,2.07780385017395,1.3063303232193,1.70965909957886,1.27446138858795,1.65882194042206,1.22115874290466,1.60619783401489,1.30963504314423,1.96947610378265,1.35784184932709,5.27144384384155,0.947095215320587,5.18435955047607,1.1521292924881,5.4217004776001,1.25158071517944,5.58711194992065,1.46653985977173
9,1.12369573116303,1.31170582771301,2.2079906463623,1.14216673374176,2.01588702201843,1.1666100025177,4.42368984222412,1.06794142723084,4.39180517196655,1.01898586750031,1.90731036663055,1.19251346588135,1.98156106472015,1.25488078594208,1.81578838825226,1.28591895103455,2.01881742477417,1.32469272613525,1.59098482131958,1.26657402515411,1.61603271961212,1.24606692790985,1.45867884159088,1.302001953125,1.91725599765778,1.43466699123383,5.10990619659424,0.932888984680176,5.00912237167358,0.978329002857208,5.22841882705689,1.59038829803467,5.57520341873169,1.04735052585602
10,1.04358744621277,1.34892559051514,2.10597205162048,1.19542384147644,1.90675210952759,1.13936603069305,4.45188617706299,1.12223708629608,4.20908069610596,0.981712400913238,1.61129653453827,1.21978187561035,1.83376061916351,1.25851631164551,1.77265202999115,1.2576858997345,1.94723570346832,1.24565255641937,1.52358889579773,1.25872921943665,1.50135898590088,1.11928069591522,1.46749019622803,1.19705426692963,1.84607255458832,1.42469453811646,4.812087059021,1.04400789737701,4.9811863899231,0.86155104637146,5.08479404449463,1.26316857337952,5.2933292388916,1.04280316829681
11,0.915468335151672,1.40284907817841,2.0306031703949,1.13958120346069,1.8668600320816,1.1393975019455,4.19940853118897,1.0404292345047,4.15634107589722,1.04147410392761,1.65066468715668,1.18171691894531,1.75498795509338,1.08095097541809,1.67155945301056,1.29302227497101,1.76339423656464,1.24879467487335,1.45033383369446,1.19046413898468,1.40710592269897,1.18247938156128,1.44533145427704,1.28329026699066,1.72287976741791,1.33067512512207,4.85462522506714,0.886596441268921,4.79633045196533,1.06363034248352,4.94508123397827,1.42571377754211,5.18945121765137,1.38024139404297
12,0.883075296878815,1.18068945407867,1.92138338088989,1.09174704551697,1.73072183132172,1.12173509597778,4.00263357162476,1.02620792388916,4.03292369842529,1.02629792690277,1.5007541179657,1.18547093868256,1.58242857456207,1.20356357097626,1.62108206748962,1.2845915555954,1.7979040145874,1.21709513664246,1.35234344005585,1.2508692741394,1.26331055164337,1.19043874740601,1.31702780723572,1.23151695728302,1.60742497444153,1.55292105674744,4.70166540145874,0.93083244562149,4.72701787948608,0.875221908092499,4.84158372879028,1.68987166881561,5.07289171218872,1.38589489459991
13,0.835463464260101,1.24828159809113,1.83880972862244,1.08180058002472,1.68431711196899,1.12528777122498,3.89886784553528,1.02336072921753,3.8575131893158,1.03781116008759,1.46085965633392,1.20776391029358,1.57816016674042,1.34645593166351,1.48572313785553,1.28219079971313,1.71734368801117,1.18562006950378,1.31876862049103,1.21932101249695,1.2700502872467,1.15789556503296,1.34292602539063,1.23038601875305,1.60203552246094,1.31243348121643,4.57495594024658,0.867617249488831,4.48516654968262,0.848205149173737,4.7554988861084,1.11465573310852,4.87777328491211,1.2373034954071
14,0.846547901630402,1.32483398914337,1.77592301368713,1.06563663482666,1.64680528640747,1.12584173679352,3.78665018081665,1.03042232990265,3.71975708007812,1.1692818403244,1.41906797885895,1.13622581958771,1.48760199546814,1.11543726921082,1.5277384519577,1.43513023853302,1.65096569061279,1.182448387146,1.32819247245789,1.25473463535309,1.19062399864197,1.20424509048462,1.2513062953949,1.28798747062683,1.43294751644135,1.28162443637848,4.50878477096558,0.93880432844162,4.461097240448,0.863330185413361,4.62991094589233,1.42517364025116,5.02744054794312,1.37742054462433
15,0.777171432971954,1.25542151927948,1.67761957645416,1.12460541725159,1.55021238327026,1.09107506275177,3.72799348831177,1.04214763641357,3.63106775283813,1.06020522117615,1.3509441614151,1.16430985927582,1.46023046970367,1.1238409280777,1.48695313930511,1.22525441646576,1.53807330131531,1.1782523393631,1.24352359771729,1.28923428058624,1.132288813591,1.16205871105194,1.17823219299316,1.26147603988647,1.3781281709671,1.63281083106995,4.39176845550537,0.891155600547791,4.37853860855103,0.858732461929321,4.5398120880127,1.30686116218567,4.71592473983765,1.05488038063049
16,0.738697528839111,1.24323415756226,1.61557805538178,1.06739544868469,1.48808193206787,1.12375831604004,3.61456680297852,1.04556477069855,3.5229344367981,1.05605447292328,1.24290108680725,1.19973254203796,1.38891661167145,1.16312539577484,1.44117426872253,1.26203906536102,1.50661635398865,1.22731018066406,1.17262291908264,1.26265132427216,1.08904409408569,1.10332775115967,1.14486181735992,1.25699687004089,1.3649765253067,1.25368320941925,4.28875350952148,0.893057405948639,2.45432734489441,0.657419621944428,4.42662286758423,1.28888213634491,4.55552196502686,1.29285967350006
17,0.753973066806793,1.36264705657959,1.5283488035202,1.12175643444061,1.45881402492523,1.14902698993683,3.49022197723389,1.06684720516205,3.28131222724915,1.01875042915344,1.21980452537537,1.1325671672821,1.35474491119385,1.13730502128601,1.36310088634491,1.27351093292236,1.44990432262421,1.16467773914337,1.13841211795807,1.25815141201019,1.0236691236496,1.1559134721756,1.10450839996338,1.25201320648193,1.21491956710815,1.28125429153442,4.11422729492188,0.979949414730072,2.14774584770203,0.538773834705353,4.34173822402954,1.17259013652802,4.45443964004517,1.31702923774719
18,0.689291596412659,1.17577564716339,1.44188177585602,1.09881091117859,1.41293776035309,1.1206545829773,3.36520838737488,1.03249049186707,3.23962616920471,1.03898274898529,1.20045411586761,1.2198086977005,1.31373906135559,1.08748376369476,1.29824566841125,1.29531896114349,1.38141691684723,1.24088764190674,1.13299167156219,1.20089113712311,1.02165830135345,1.15090131759644,1.07072472572327,1.2606235742569,1.30057406425476,1.62161099910736,4.05211496353149,0.923903346061706,2.01022982597351,0.463644206523895,4.16994714736939,1.23395371437073,4.30159187316895,1.20833051204681
19,0.646034479141235,1.19152617454529,1.4498884677887,1.09718060493469,1.36486446857452,1.07326340675354,3.16756391525269,1.08871579170227,3.16999578475952,1.20325481891632,1.1656893491745,1.10245394706726,1.21659743785858,1.12692952156067,1.33442425727844,1.25227463245392,1.298708319664,1.20649194717407,1.06772196292877,1.18323135375977,0.980854094028473,1.16277134418488,1.05501186847687,1.26813817024231,1.17242777347565,1.28134477138519,3.99863195419312,1.00664234161377,1.91679573059082,0.48018890619278,4.16511726379395,1.3181037902832,4.27424955368042,1.1580753326416
20,0.64888733625412,1.20956373214722,1.39141356945038,1.1383193731308,1.21272909641266,1.28784489631653,3.08190727233887,1.09967005252838,2.99872756004333,1.03663468360901,1.13874042034149,1.21201503276825,1.20373523235321,1.14331519603729,1.19335865974426,1.25824344158173,1.27530360221863,1.1687935590744,1.00967144966125,1.2251433134079,0.924537420272827,1.24408531188965,1.05371689796448,1.27433943748474,1.13702309131622,1.30040895938873,3.87407636642456,0.882990419864654,1.82595837116241,0.451608806848526,4.00701951980591,1.24069321155548,4.16707181930542,1.10459697246552
21,0.653937578201294,1.21494424343109,1.30180239677429,1.0958297252655,1.26918637752533,1.07945835590363,3.02131509780884,1.06733703613281,3.30175113677979,0.839901626110077,1.07071840763092,1.16532826423645,1.18532633781433,1.1489429473877,1.19479489326477,1.27847933769226,1.26186096668243,1.20269858837128,1.02120018005371,1.20475947856903,0.8619544506073,1.14155745506287,6.18786144256592,0.723588943481445,1.00361096858978,1.42907869815826,3.76510810852051,0.931958615779877,1.78141188621521,0.536504507064819,3.9724645614624,1.60919570922852,2.45566844940186,0.669015884399414
22,0.5818772315979,1.37942636013031,1.24262356758118,1.04023706912994,1.1609525680542,1.13260447978973,2.98189663887024,1.03560066223145,3.00165605545044,0.860605955123901,1.05154192447662,1.16704523563385,2.12615633010864,0.95445191860199,1.1402245759964,1.41440999507904,1.19942009449005,1.20913064479828,0.935568630695343,1.22020208835602,0.88662987947464,1.17159056663513,5.20991230010986,0.774718105792999,1.04728972911835,1.36143684387207,3.67161965370178,0.986470520496368,1.70784533023834,0.528975486755371,3.8346745967865,1.59628427028656,2.16262674331665,0.746023237705231
23,0.69049596786499,1.29907751083374,1.17868363857269,1.10929751396179,1.09111511707306,1.14021968841553,2.66569113731384,1.09337246417999,2.62298345565796,0.810283064842224,1.05835771560669,1.15427470207214,1.75344002246857,0.90585720539093,1.13008892536163,1.2728157043457,1.15334177017212,1.1660647392273,0.965881824493408,1.1782900094986,0.84078723192215,1.21195793151855,4.94757843017578,0.736957728862762,0.973746418952942,1.31862604618073,3.53292107582092,0.868813514709473,1.6638206243515,0.495328187942505,3.81117367744446,1.47856116294861,1.97401106357574,0.792637646198273
24,0.578943133354187,1.15791165828705,1.1178572177887,1.08862257003784,1.03459548950195,1.21773660182953,4.04541301727295,0.780117213726044,2.37433171272278,0.810226440429688,0.966512203216553,1.17471873760223,1.61546432971954,0.886778175830841,1.10279333591461,1.24295783042908,1.08450210094452,1.20444428920746,0.902803897857666,1.21904599666595,0.838135361671448,1.27440857887268,4.60730648040772,0.707519829273224,0.936926484107971,1.33962547779083,2.3910915851593,0.477505058050156,1.59638440608978,0.555747389793396,2.37423849105835,0.979146718978882,1.86247146129608,0.885727941989899
25,0.564420282840729,1.21045780181885,1.12605404853821,1.14395916461945,1.04130637645721,1.14301705360413,3.17992973327637,0.766042411327362,2.2832145690918,0.744006276130676,0.909006059169769,1.20407819747925,1.47748696804047,0.936912536621094,1.0495867729187,1.29364919662476,1.07975459098816,1.25389730930328,0.870014548301697,1.23638606071472,0.789774835109711,1.26781570911407,4.47350168228149,0.688638865947723,0.909118175506592,1.36482071876526,2.04275226593018,0.467593014240265,1.54663252830505,0.493323385715485,2.01364731788635,0.852547943592072,1.79350233078003,0.785967886447907
26,0.530882000923157,1.31282413005829,1.0258264541626,1.07851839065552,1.02629911899567,1.11498820781708,2.82239651679993,0.740470826625824,2.13724660873413,0.784197807312012,0.907030403614044,1.18290257453918,1.38138830661774,0.874120473861694,2.01105952262878,1.0827624797821,1.0295090675354,1.23694849014282,0.829234480857849,1.18676733970642,0.778015077114105,1.26862096786499,4.19198036193848,0.716082036495209,0.916624903678894,1.36009001731873,1.91132438182831,0.455154150724411,1.50863659381866,0.50061023235321,1.84851431846619,0.736002564430237,1.73694705963135,0.657630145549774
27,0.494564026594162,1.28433501720428,1.03774511814117,1.16315364837646,0.915726184844971,1.11598479747772,2.6983425617218,0.760127305984497,2.0137894153595,0.774919927120209,0.890778303146362,1.18892323970795,1.3043555021286,1.02742075920105,1.68381106853485,1.0704243183136,0.97260570526123,1.20420718193054,0.792837500572205,1.27872800827026,7.47043609619141,0.649658143520355,4.24454832077026,0.713541507720947,7.10692596435547,0.720475554466248,1.77475225925446,0.455228388309479,1.47763311862946,0.515434384346008,1.76121377944946,1.00948333740234,1.65707814693451,0.922178864479065
28,0.472824990749359,1.17466688156128,0.97381466627121,1.14086306095123,0.889723360538483,1.1844140291214,2.59673762321472,0.761627018451691,1.95401227474213,0.780634522438049,0.783919274806976,1.18500697612762,1.27872657775879,1.0075318813324,1.63042306900024,1.02601063251495,2.63431000709534,0.950295627117157,0.738574683666229,1.25444400310516,6.44099521636963,0.626678586006165,4.12690210342407,0.707603275775909,5.96750164031982,0.660935640335083,1.73860847949982,0.420091807842255,1.42005622386932,0.55817723274231,1.67271423339844,0.879835069179535,1.6121506690979,0.678191006183624
29,0.489293962717056,1.16856110095978,0.95622718334198,1.10457062721252,0.897612988948822,1.14649903774261,2.42795538902283,0.730265974998474,1.76598429679871,0.762042284011841,0.828081011772156,1.15187704563141,1.23472559452057,1.07697629928589,1.34789371490479,1.00744259357452,2.15576434135437,0.912362098693848,0.741562068462372,1.27187538146973,6.15231847763062,0.6031653881073,3.81847596168518,0.729853391647339,5.41200494766235,0.66473799943924,1.65303254127502,0.432496637105942,1.37024569511414,0.544228076934814,1.62309563159943,0.763023614883423,1.54102671146393,0.888163030147553
30,1.09565412998199,1.41700124740601,2.94162964820862,0.884945690631866,2.21365356445312,0.940969586372376,2.23390531539917,0.723869502544403,1.70246958732605,0.799781799316406,2.48718643188477,1.41308903694153,1.16798889636993,0.910306751728058,1.30674910545349,1.00234234333038,1.84289193153381,0.939992249011993,5.46287393569946,0.726139783859253,5.94439697265625,0.637092292308807,3.77517771720886,0.737071216106415,5.30963897705078,0.628661453723908,1.6195240020752,0.495046645402908,1.33250045776367,0.496987193822861,1.56710135936737,0.965194225311279,1.48477506637573,0.773684024810791
31,0.91207218170166,1.10510814189911,2.43186402320862,0.865273654460907,1.78569078445435,0.949467658996582,2.15800547599792,0.765997648239136,1.65965628623962,0.760035097599029,2.10125374794006,1.02937591075897,1.1285012960434,0.917569875717163,1.22075974941254,1.0047048330307,1.77434635162354,0.970851004123688,4.45499658584595,0.726731479167938,5.68051433563232,0.607219457626343,3.61900806427002,0.68990820646286,5.15836477279663,0.661566138267517,1.51448905467987,0.507797241210938,1.64908838272095,0.438488274812698,1.49488353729248,0.836986660957336,1.4424968957901,0.788958489894867
32,0.82845276594162,1.12988889217377,2.22127842903137,0.858917236328125,1.62701749801636,1.03138291835785,2.05253410339355,0.740073800086975,1.59512579441071,0.78790819644928,1.95519030094147,0.940203785896301,1.02264070510864,0.985490977764129,1.13097500801086,1.03619229793549,1.59604406356812,0.938743770122528,4.11230754852295,0.735178530216217,5.33337259292603,0.629979372024536,3.77228546142578,0.88232433795929,4.82052516937256,0.634845316410065,1.4817111492157,0.442726284265518,1.42379093170166,0.424742698669434,1.44963645935059,0.90379810333252,1.38887822628021,0.777834951877594
33,0.730566918849945,1.1441605091095,1.96879982948303,0.88862270116806,1.51997649669647,0.9671670794487,1.95213353633881,0.782183408737183,1.4792594909668,0.805276095867157,1.7586807012558,0.889350950717926,1.07782685756683,0.962360739707947,1.02457106113434,1.03151762485504,1.49969160556793,0.957211256027222,3.94546961784363,0.749740719795227,5.26864242553711,0.606996893882751,3.41473603248596,0.688760936260223,4.58606004714966,0.644598186016083,1.40774428844452,0.473856002092362,1.34000253677368,0.390416294336319,1.39918410778046,1.04689192771912,1.37109696865082,0.83596670627594
34,0.640032231807709,1.15139949321747,1.86161601543427,0.924481928348541,1.33866763114929,1.03820443153381,1.83042550086975,0.718449711799622,1.43014109134674,0.826499938964844,1.57075822353363,0.93027001619339,0.938319563865662,0.937344253063202,0.969677865505218,1.0456018447876,1.40198910236359,1.04963326454163,3.67609810829163,0.780864834785461,5.08341789245606,0.641437709331512,3.23310089111328,0.736040949821472,4.27607297897339,0.670207738876343,1.38432264328003,0.471047013998032,1.26540422439575,0.380597025156021,1.34137189388275,0.881671607494354,1.31300032138824,0.782597839832306
35,0.632280230522156,1.13472628593445,1.78983664512634,0.902411580085754,1.24861252307892,0.953198730945587,1.72825610637665,0.770784199237824,1.45157527923584,0.900561511516571,1.58239936828613,0.913649201393127,0.953668534755707,0.921185851097107,0.960766196250916,1.03639566898346,1.31873464584351,0.993294298648834,3.48290920257568,0.73734575510025,4.77042245864868,0.600296318531036,3.16241860389709,0.714556932449341,4.16519451141357,0.666157901287079,1.32433462142944,0.520065009593964,1.20244348049164,0.347708165645599,1.31542706489563,0.936836659908295,1.28129875659943,0.851900935173035
36,0.598763108253479,1.11587309837341,1.62816166877747,1.08289527893066,1.21705067157745,0.955115377902985,1.67247498035431,0.785475850105285,2.11210131645203,0.6433185338974,1.41868472099304,0.94965672492981,0.894189238548279,0.963614284992218,0.856805205345154,1.07543981075287,1.19082236289978,1.05739855766296,3.27685022354126,0.715987145900726,4.69699573516846,0.641484022140503,4.95668172836304,0.422887951135635,3.9922182559967,0.674239993095398,1.31139814853668,0.455277442932129,1.14958834648132,0.369392931461334,1.27162206172943,1.04993164539337,1.24462461471558,0.80754029750824
37,0.516866207122803,1.31325030326843,1.56698703765869,0.916510343551636,1.13776016235352,0.958373069763184,1.62153422832489,0.797255218029022,1.76823091506958,0.598117649555206,1.36804783344269,1.02873480319977,2.22756576538086,0.869737029075623,0.784066379070282,1.05412018299103,1.118781208992,1.03873574733734,3.131511926651,0.751931071281433,4.42264556884766,0.649514198303223,4.26714277267456,0.399322509765625,3.94209241867065,0.656304180622101,1.26079523563385,0.493113249540329,1.11204075813293,0.405917942523956,1.54295313358307,0.810971856117249,1.61514174938202,0.57687520980835
38,0.499441504478455,1.17008781433105,1.51651704311371,0.917751789093018,1.11784100532532,0.951713740825653,1.49528765678406,0.793733060359955,1.51340448856354,0.608681499958038,1.29071593284607,0.910777390003204,1.73780071735382,0.976214647293091,0.796152055263519,1.18074750900269,1.06478548049927,1.01057517528534,2.94056344032288,0.746677458286285,4.35572195053101,0.613569259643555,4.00231552124023,0.408981382846832,3.64227223396301,0.643901169300079,1.23280680179596,0.514845669269562,1.04645943641663,0.367465138435364,1.32029604911804,0.7448610663414,1.36804473400116,0.528774440288544
39,0.465703666210175,1.21876955032349,1.43959939479828,0.91831761598587,1.00790417194366,1.04305052757263,1.48703634738922,0.78954267501831,1.33611631393433,0.63366824388504,1.20995581150055,0.986146986484528,1.64517736434937,0.966928541660309,0.735420525074005,1.06229054927826,1.02602183818817,1.00644302368164,2.78180265426636,0.774850189685822,4.01013135910034,0.651328384876251,3.89736485481262,0.400472074747086,3.48218369483948,0.68007504940033,1.58523809909821,0.399234682321548,1.01579689979553,0.373155534267426,1.23285818099976,0.714934349060059,1.27749252319336,0.538177609443665
40,0.42981407046318,1.16398525238037,1.32928001880646,0.974327147006988,0.986648499965668,1.04256749153137,1.41970610618591,0.782828330993652,1.2557532787323,0.616661667823792,1.12992060184479,0.931754469871521,1.60520660877228,0.838404059410095,0.686488151550293,1.2351541519165,2.43877935409546,0.949439108371735,2.71571469306946,0.74700802564621,3.92217874526978,0.649655163288116,3.64149117469788,0.408931642770767,3.38808965682983,0.687806844711304,1.36956787109375,0.342395037412643,0.996411561965942,0.371816396713257,1.14435791969299,0.756710886955261,1.1981372833252,0.499361604452133
41,0.415707916021347,1.41401994228363,1.28870761394501,0.938317120075226,3.80568790435791,0.741577386856079,1.33648276329041,0.774580359458923,1.11806058883667,0.573411643505096,1.10812520980835,0.92969024181366,1.45259666442871,0.889983773231506,2.53505396842957,0.891026556491852,2.04933714866638,0.826425790786743,2.59260940551758,0.808309376239777,3.81373929977417,0.651810169219971,3.3378746509552,0.400815069675446,4.39749622344971,0.404454380273819,1.28002345561981,0.357326298952103,0.955988824367523,0.363547027111053,1.08950102329254,0.894489586353302,1.13372337818146,0.567487001419067
42,1.15693843364716,1.17480862140656,1.36244130134583,0.93969464302063,3.22478914260864,0.709760069847107,1.28872263431549,0.804891407489777,1.12639367580414,0.581734299659729,0.994563341140747,0.948400259017944,1.38706195354462,0.842353224754334,1.93438708782196,0.871918678283691,1.6705549955368,0.875327110290527,2.40144205093384,0.796448469161987,3.58484745025635,0.656521320343018,3.19118714332581,0.41387340426445,3.87032961845398,0.387833118438721,1.20952248573303,0.423458069562912,0.919630646705627,0.386890560388565,1.04967570304871,0.732368469238281,1.07944524288178,0.629498958587647
43,0.963839292526245,1.08761882781982,3.47393369674683,0.708617627620697,2.81635808944702,0.758495926856995,1.27556812763214,0.783173322677612,1.01620233058929,0.576456069946289,0.958184599876404,0.935595214366913,1.36321437358856,0.853623032569885,1.8028347492218,0.863660931587219,1.66681337356567,0.807958543300629,2.65388941764832,0.797353506088257,3.35321879386902,0.707974135875702,2.91744899749756,0.439589262008667,3.43537712097168,0.420214414596558,1.15550971031189,0.350592613220215,0.878138482570648,0.386190325021744,1.01180076599121,0.773362100124359,1.03224921226501,0.710039019584656
44,0.852441668510437,1.12086594104767,2.76568269729614,0.692316055297852,2.72535729408264,0.700975298881531,1.24015057086945,0.76655787229538,0.931203961372376,0.582594871520996,2.92341327667236,0.77323704957962,1.27544665336609,0.81611579656601,1.6284054517746,0.873544335365295,1.49962890148163,0.83684104681015,2.28295397758484,0.839357197284699,3.29076504707336,0.704345643520355,2.83675408363342,0.401417851448059,3.23286986351013,0.377715110778809,1.08333730697632,0.355577856302261,0.849814772605896,0.385691493749619,0.963952660560608,0.870842576026917,1.00217878818512,0.620729565620422
45,0.790244579315185,1.09380996227264,2.40618014335632,0.736484289169312,2.61641097068787,0.735365569591522,2.07948970794678,0.622365772724152,0.909840524196625,0.573411107063293,2.44665288925171,0.749143242835999,1.20043456554413,0.852821111679077,1.46846950054169,0.849222838878632,1.37818336486816,0.866549551486969,2.18891787528992,0.81147426366806,3.0744743347168,0.676970481872559,2.72952938079834,0.399750918149948,3.01112246513367,0.36636808514595,1.04634201526642,0.356561154127121,0.837250888347626,0.406367510557175,0.945117890834808,0.792958557605743,1.00694024562836,0.569184303283691
46,0.710235357284546,1.10704946517944,2.08373236656189,0.758305609226227,2.43262910842895,0.710428416728973,1.60727882385254,0.610356867313385,0.909162044525146,0.578758597373962,2.25862312316895,0.819201767444611,1.11643469333649,0.848813593387604,1.35910665988922,0.841518580913544,1.28572034835815,0.838509976863861,2.05357265472412,0.794824719429016,3.8331344127655,0.413765698671341,2.54567360877991,0.412074029445648,2.71718716621399,0.387830078601837,0.994868516921997,0.351873338222504,1.21460938453674,0.288862556219101,0.908487200737,0.665214538574219,0.929442822933197,0.577393174171448
47,0.625756144523621,1.11653101444244,1.93885231018066,0.734515726566315,2.07230377197266,0.737688422203064,1.38539850711823,0.612659096717835,0.828937113285065,0.587971091270447,2.07767081260681,0.778682410717011,1.09723925590515,0.90365606546402,1.25330865383148,0.84951388835907,1.1450297832489,0.844316661357879,5.6427206993103,0.468197107315064,3.2219500541687,0.397446125745773,2.3654670715332,0.40833780169487,2.60136485099792,0.381642878055573,0.959554374217987,0.362225919961929,1.03736758232117,0.292205035686493,0.885596632957459,0.741296827793121,0.892365753650665,0.566688060760498
48,0.595591306686401,1.1415513753891,1.75323474407196,0.775731444358826,2.10051965713501,0.751129508018494,1.23499834537506,0.650849044322968,0.79815673828125,0.589825928211212,1.93557524681091,0.774526119232178,1.00105845928192,0.852379679679871,1.1961065530777,0.922101080417633,1.08564746379852,0.842040717601776,4.60576486587524,0.42036783695221,2.97527623176575,0.41079381108284,2.50934910774231,0.26301434636116,2.385085105896,0.389301300048828,0.939613163471222,0.400644183158875,0.942633032798767,0.29041314125061,0.83914840221405,0.802756309509277,0.865459859371185,0.620602905750275
49,0.577089846134186,1.14855718612671,1.66456866264343,0.689692974090576,1.98493218421936,0.764628648757935,1.20023155212402,0.618860900402069,0.821803212165833,0.622676312923431,1.66725385189056,0.809982180595398,0.983439266681671,0.862875878810883,1.15657675266266,0.846528649330139,0.991605520248413,0.847521007061004,4.2197117805481,0.42332711815834,2.69622778892517,0.406130403280258,2.08518886566162,0.26095062494278,2.27836179733276,0.383612394332886,0.896566152572632,0.389261305332184,0.887219727039337,0.270802855491638,0.812433123588562,0.810512781143189,0.848049581050873,0.614839971065521
50,0.511113703250885,1.16739666461945,1.60420715808868,0.727225303649902,1.88102924823761,0.795650064945221,1.00084841251373,0.63218080997467,0.722275733947754,0.607376575469971,1.54128515720367,0.79740834236145,0.962655663490295,0.863742768764496,1.11371409893036,0.858336091041565,0.980997979640961,0.847644925117493,3.9670557975769,0.4173444211483,2.52759552001953,0.392036318778992,1.90871632099152,0.267450422048569,2.19951295852661,0.379918247461319,0.861877679824829,0.350010961294174,0.831145405769348,0.278223425149918,0.787024915218353,0.806633353233337,0.822509944438934,0.559102594852448
51,0.509509861469269,1.18464970588684,1.49035489559174,0.730997741222382,1.72598993778229,0.819939911365509,0.958471179008484,0.625761926174164,0.702435255050659,0.59690797328949,1.36880326271057,0.821575880050659,0.861859858036041,0.898592710494995,0.994015634059906,0.890452563762665,0.923330724239349,0.932636559009552,3.61359024047852,0.419582515954971,2.33345222473145,0.390667289495468,1.8194899559021,0.268014818429947,2.13626551628113,0.39323815703392,1.16301167011261,0.276089698076248,0.788282215595245,0.26245442032814,0.770269274711609,0.790254294872284,1.10767662525177,0.461225926876068
52,0.471678763628006,1.18226075172424,1.33359146118164,0.727239608764648,1.70595490932465,0.755377590656281,0.868574500083923,0.616368591785431,0.669550716876983,0.599834322929382,1.37888038158417,0.801108360290527,0.844310104846954,0.855620443820953,0.97136926651001,0.878959000110626,0.87528383731842,0.866236329078674,3.31259179115295,0.424920827150345,2.0931384563446,0.405105710029602,1.65351915359497,0.266376316547394,2.01077675819397,0.392432034015656,0.954931855201721,0.294146686792374,0.750270664691925,0.295315653085709,0.740408360958099,0.833392083644867,0.960902571678162,0.379660904407501
53,0.447229087352753,1.22951769828796,1.34694123268127,0.740647315979004,1.58271169662476,0.776899814605713,0.813632071018219,0.687143385410309,0.676294505596161,0.640376508235931,1.27806317806244,0.84868586063385,0.792982876300812,0.881424009799957,0.87444257736206,0.907940149307251,0.833468735218048,0.8744215965271,3.12183237075806,0.428909957408905,2.35041308403015,0.407560884952545,1.59131157398224,0.273499220609665,1.887659907341,0.405153483152389,0.885381519794464,0.294333696365356,0.71174418926239,0.287712901830673,0.718319594860077,0.69604629278183,0.864687502384186,0.499114155769348
54,1.08106291294098,1.11540806293488,1.28407979011536,0.742583811283112,1.42860722541809,0.767187416553497,0.794172167778015,0.636758744716644,0.742683351039887,0.619458317756653,1.21646046638489,0.817920088768005,0.705867290496826,0.903503060340881,0.894867539405823,0.940296471118927,3.07230114936829,0.68808114528656,3.04753398895264,0.416781634092331,2.02657890319824,0.40650287270546,1.50569581985474,0.276456981897354,1.79947173595428,0.403486967086792,0.817927360534668,0.281845241785049,0.681641936302185,0.30484402179718,0.695062220096588,0.93797093629837,0.806458830833435,0.441171288490295
55,0.88744729757309,1.07147479057312,1.16690790653229,0.738909244537354,3.57136821746826,0.562350809574127,0.776997566223145,0.6785027384758,0.696888267993927,0.621014714241028,1.21856343746185,0.838633716106415,2.45752143859863,0.943690478801727,0.81930673122406,0.890694141387939,2.53625798225403,0.692956268787384,2.68460011482239,0.427401721477508,1.92144334316254,0.433566033840179,1.39132916927338,0.259016782045364,1.72198784351349,0.408001393079758,0.786054134368897,0.259812563657761,0.641110062599182,0.305349826812744,0.682862401008606,0.687558710575104,0.770244121551514,0.43523296713829
56,0.731192052364349,1.08333766460419,1.26314973831177,0.787309587001801,2.73410487174988,0.565145909786224,0.957998394966126,0.695891797542572,1.02132225036621,0.539561450481415,3.87996768951416,0.556039035320282,2.13299584388733,0.843332350254059,0.808090388774872,0.896676778793335,2.1359269618988,0.653538107872009,2.55886077880859,0.445367097854614,1.85278749465942,0.407126307487488,1.37801790237427,0.270971685647964,2.22534275054932,0.264386892318726,0.733774662017822,0.274276196956635,0.621897041797638,0.287670075893402,0.669894456863403,0.714640319347382,0.706125676631928,0.440072923898697
57,0.712693572044373,1.09786593914032,1.10399377346039,0.769001662731171,2.42879700660706,0.552172601222992,0.69063538312912,0.602927267551422,0.748618245124817,0.540721833705902,3.08027172088623,0.547140002250671,1.88596403598785,0.749427556991577,2.85485625267029,0.786258816719055,2.08730149269104,0.746938765048981,2.46527099609375,0.429664462804794,1.7866348028183,0.416852682828903,1.30812275409698,0.273518025875092,1.84989094734192,0.266608238220215,0.695010125637054,0.316794216632843,0.603464007377625,0.314014345407486,1.09685134887695,0.61795437335968,0.680607199668884,0.444055259227753
58,0.671281397342682,1.14526987075806,1.05436015129089,0.782291293144226,2.11119937896729,0.548566222190857,0.548866212368012,0.560703039169312,0.640584886074066,0.57488614320755,2.74986672401428,0.534499287605285,1.66930270195007,0.75264710187912,2.39257287979126,0.716251969337463,1.94116473197937,0.663946211338043,2.29735040664673,0.493324369192123,1.67700684070587,0.423798054456711,1.2303032875061,0.274823933839798,1.67611062526703,0.256168276071548,0.675965189933777,0.287153422832489,0.577837109565735,0.309606790542603,0.916926145553589,0.67685854434967,0.653119027614594,0.480848520994186
59,0.57058721780777,1.11748325824738,1.01707017421722,0.767080426216126,1.86656975746155,0.5391685962677,0.501518130302429,0.551555812358856,0.607313811779022,0.51334810256958,2.47541093826294,0.544048011302948,1.58631479740143,0.720053434371948,2.09448790550232,0.753683805465698,1.61844968795776,0.679002344608307,2.19548344612122,0.445009350776672,1.58476054668427,0.431135356426239,1.19820916652679,0.280052930116653,1.52628660202026,0.254851669073105,0.645969450473785,0.273571491241455,0.565931916236877,0.316819339990616,0.813418447971344,0.581650972366333,0.626082003116608,0.432395458221436
60,0.528519690036774,1.16062331199646,2.90134859085083,0.571868598461151,1.78757882118225,0.550870180130005,0.465993642807007,0.568370163440704,0.532607555389404,0.549647212028503,2.1453332901001,0.563097655773163,1.48346793651581,0.74542510509491,1.89242017269135,0.863280951976776,1.46966779232025,0.687201797962189,2.04490900039673,0.460071057081223,1.49818456172943,0.418880641460419,1.1465334892273,0.277289301156998,1.40663361549377,0.258509516716003,0.616617858409882,0.290579825639725,0.53328400850296,0.322385042905807,0.751443207263947,0.525011718273163,0.595917463302612,0.461953908205032
61,0.559198141098022,1.14139711856842,2.13364911079407,0.574892461299896,1.52162849903107,0.561590492725372,0.420702993869782,0.575947284698486,0.492067903280258,0.53076308965683,1.99044704437256,0.540193617343903,1.37229120731354,0.753672480583191,1.83338809013367,0.719147264957428,1.33620202541351,0.688816964626312,2.00369358062744,0.485730051994324,1.41963136196136,0.427330374717712,1.13699948787689,0.282923758029938,1.36859917640686,0.261778831481934,0.582093179225922,0.293691754341125,0.523831367492676,0.30515906214714,0.699419021606445,0.533500075340271,0.568418622016907,0.438023000955582
62,0.483425974845886,1.18902909755707,1.73555839061737,0.568177402019501,1.47504961490631,0.580576658248901,0.397093772888184,0.555403172969818,0.485226452350616,0.558353245258331,1.80971610546112,0.553640902042389,1.22311353683472,0.751169502735138,1.61842775344849,0.723121643066406,1.19408547878265,0.711327433586121,1.88885068893433,0.452175736427307,2.47040915489197,0.272387027740479,1.12733256816864,0.271075934171677,1.28963446617126,0.275929570198059,0.567953228950501,0.288775265216827,0.717769920825958,0.201199010014534,0.678730309009552,0.504578411579132,0.55038857460022,0.438484966754913
63,0.437307208776474,1.16477060317993,1.58715867996216,0.552118718624115,1.39736640453339,0.56246680021286,0.360103726387024,0.579157888889313,0.586498320102692,0.547237038612366,1.68432819843292,0.57921701669693,1.21703839302063,0.787760615348816,1.44835758209229,0.83351194858551,1.11291611194611,0.71639484167099,1.95471119880676,0.45791557431221,1.9670901298523,0.274424076080322,1.0544593334198,0.279316037893295,1.2176468372345,0.259090781211853,0.540911197662354,0.281679362058639,0.590709865093231,0.226049497723579,0.634963572025299,0.551010191440582,0.636450529098511,0.360116839408875
64,0.431705981492996,1.17681705951691,1.42565226554871,0.562953948974609,1.23099052906036,0.586192548274994,0.353290021419525,0.575817704200745,0.428358137607574,0.531244814395905,1.6319020986557,0.564978897571564,1.12803637981415,0.833646893501282,1.62525641918182,0.747800052165985,1.05964076519012,0.711945652961731,1.80411326885223,0.458365112543106,1.75796663761139,0.272999405860901,1.01445639133453,0.275329649448395,1.15310978889465,0.256834119558334,0.521600425243378,0.280957490205765,0.538126409053803,0.231698751449585,0.612736463546753,0.446618854999542,0.523848831653595,0.310580462217331
65,0.448498696088791,1.25708150863647,1.24629735946655,0.561826646327972,1.373006939888,0.59539794921875,0.337533324956894,0.605894804000855,0.412588536739349,0.548461019992828,1.46385073661804,0.599612176418304,1.08000314235687,0.764709115028381,1.42368221282959,0.739291369915008,1.05797696113586,0.696208715438843,3.06352806091309,0.270889431238174,1.54729497432709,0.276474446058273,0.96975713968277,0.280864983797073,1.10706102848053,0.263177752494812,0.513951361179352,0.310509920120239,0.490314364433289,0.215898022055626,0.581383109092712,0.621136009693146,0.481468319892883,0.285563439130783
66,1.10000288486481,1.18479096889496,1.14277243614197,0.56961190700531,1.22079014778137,0.59127813577652,0.324699252843857,0.572052001953125,0.403785526752472,0.544151306152344,1.42734205722809,0.588367700576782,0.954599022865295,0.786624610424042,1.2731339931488,0.785360634326935,0.920164704322815,0.71797639131546,2.45414066314697,0.27190500497818,1.4752482175827,0.271250545978546,1.30821442604065,0.187889143824577,1.03603863716125,0.286948710680008,0.685109198093414,0.194064065814018,0.468275129795074,0.221285238862038,0.562403917312622,0.534331440925598,0.437597095966339,0.311031639575958
67,0.920181334018707,1.03971791267395,1.03121626377106,0.589530825614929,1.16195356845856,0.587934374809265,0.32039737701416,0.588783979415894,0.373808652162552,0.576870381832123,1.36686635017395,0.586863934993744,0.892658948898315,0.807522833347321,1.19826626777649,0.759001731872559,2.87307929992676,0.495369225740433,2.03279137611389,0.262799799442291,1.34384429454803,0.283169656991959,1.1387335062027,0.189445197582245,1.02127015590668,0.264112710952759,0.571734249591827,0.202211648225784,0.431922286748886,0.219824746251106,0.538021743297577,0.581308424472809,0.409110546112061,0.278820782899857
68,0.823871672153473,1.07632803916931,1.03697085380554,0.584873497486115,1.03323924541473,0.594477117061615,0.296258449554443,0.586799383163452,0.4315305352211,0.553857386112213,1.27763080596924,0.588750183582306,0.881719589233398,0.852228045463562,1.09424257278442,0.786092400550842,2.15596318244934,0.48816254734993,1.78460288047791,0.256572008132935,1.3009889125824,0.280379891395569,1.03989291191101,0.210123017430305,0.984181821346283,0.268294602632523,0.513576865196228,0.232395425438881,0.401428520679474,0.237474650144577,0.514451682567596,0.598915576934814,0.389460861682892,0.304042845964432
69,0.699951887130737,1.0767570734024,0.987132668495178,0.581774890422821,1.05451726913452,0.601295351982117,0.282158404588699,0.583114385604858,0.351637303829193,0.56796395778656,3.43680143356323,0.380994766950607,0.811225593090057,0.788179516792297,2.63751769065857,0.604875922203064,1.77655696868896,0.487925052642822,1.61981606483459,0.259752124547958,1.21446108818054,0.285564512014389,0.98405134677887,0.1945591121912,0.951148152351379,0.271551817655563,0.472108155488968,0.217301979660988,0.395715743303299,0.216086536645889,0.500876486301422,0.585202157497406,0.368869960308075,0.298797577619553
70,0.694422006607056,1.07202661037445,0.937642276287079,0.594737946987152,1.22130787372589,0.492610067129135,0.587384641170502,0.549505889415741,0.543297410011292,0.51848292350769,2.75838279724121,0.361735075712204,2.3799409866333,0.672966301441193,2.06740474700928,0.613001048564911,1.58066093921661,0.527197360992432,1.61283314228058,0.259271651506424,1.17085528373718,0.281116545200348,0.9219611287117,0.186413407325745,1.32029867172241,0.187818467617035,0.443602412939072,0.210407689213753,0.371955573558807,0.227696791291237,0.47760996222496,0.515274584293366,0.346104323863983,0.264164954423904
71,0.645620882511139,1.07568657398224,0.840203642845154,0.596706688404083,0.851485848426819,0.492661982774735,0.483498513698578,0.544885635375977,0.448286145925522,0.513297080993652,2.38322329521179,0.376490831375122,2.00890374183655,0.60981810092926,1.71581709384918,0.623646199703217,1.45816481113434,0.4878790974617,1.42543435096741,0.257209539413452,1.06642317771912,0.308862954378128,0.880273699760437,0.198621228337288,1.09418094158173,0.199208378791809,0.4092578291893,0.236925512552261,0.350857734680176,0.217301070690155,0.466233402490616,0.515290260314941,0.340641170740128,0.31695568561554
72,0.619984924793243,1.09235215187073,0.836387574672699,0.620945274829865,0.711719930171967,0.499501049518585,0.43478262424469,0.54658055305481,0.375080734491348,0.530723094940185,2.09627985954285,0.367166191339493,1.79230523109436,0.645616471767426,1.49604070186615,0.595981001853943,1.24257564544678,0.57476669549942,1.35704338550568,0.270602226257324,1.05136013031006,0.283412873744965,0.839130103588104,0.186059638857842,0.977794945240021,0.185266360640526,0.389892041683197,0.19432158768177,0.335571855306625,0.233975172042847,0.452036499977112,0.568251967430115,0.320352792739868,0.283178329467773
73,0.586203336715698,1.13673961162567,0.88633805513382,0.585307896137237,0.63301008939743,0.479998499155045,0.391606479883194,0.53657078742981,0.362119436264038,0.535776019096375,1.87288331985474,0.359189867973328,1.549968957901,0.682143807411194,1.38935232162476,0.60432106256485,1.25137519836426,0.496843546628952,1.223668217659,0.259779542684555,1.00495553016663,0.282322853803635,0.803031623363495,0.186285749077797,0.893449902534485,0.181826934218407,0.369966685771942,0.222618296742439,0.396302044391632,0.139165580272675,0.424414843320847,0.54437780380249,0.30583930015564,0.342451453208923
74,0.602149665355682,1.07689595222473,1.06763076782227,0.543676376342773,0.597573816776276,0.498766839504242,0.364306926727295,0.537921190261841,0.341631829738617,0.528132498264313,1.80148613452911,0.363091856241226,1.43320083618164,0.653975129127502,1.32050573825836,0.598525106906891,1.08509624004364,0.529517948627472,1.22446537017822,0.262056976556778,0.982779145240784,0.288860440254211,0.773207247257233,0.186371952295303,0.844989836215973,0.183916017413139,0.349593043327332,0.20407347381115,0.338284462690353,0.15075458586216,0.423922032117844,0.535971641540527,0.295878827571869,0.293060660362244
75,0.501554489135742,1.13744962215424,0.80882978439331,0.505104899406433,0.535647749900818,0.502891302108765,0.33700755238533,0.54723197221756,0.316041141748428,0.528712511062622,1.59679079055786,0.363483071327209,1.22247731685638,0.656438589096069,1.18160164356232,0.627015173435211,1.08667683601379,0.498183488845825,1.17355012893677,0.269948393106461,0.936185121536255,0.283234179019928,0.7431560754776,0.186728104948998,0.782086551189423,0.186770126223564,0.335222452878952,0.231520786881447,0.303286999464035,0.151896417140961,0.650834500789642,0.427416920661926,0.283907949924469,0.295803487300873
76,0.469871938228607,1.12281024456024,0.660598278045654,0.535780668258667,0.515785396099091,0.500737905502319,0.336674690246582,0.55020272731781,0.311080515384674,0.54371988773346,1.46743047237396,0.368346154689789,1.13796472549438,0.651066303253174,1.12074613571167,0.603682398796081,1.0198427438736,0.511359989643097,1.09644377231598,0.26494973897934,0.891505777835846,0.291895657777786,0.713649272918701,0.198943480849266,0.764090120792389,0.187531128525734,0.326399326324463,0.21027997136116,0.285409271717072,0.151339888572693,0.519136488437653,0.387273252010346,0.287248641252518,0.293310612440109
77,0.502565383911133,1.09792673587799,0.558636724948883,0.523256063461304,0.460779994726181,0.506111443042755,0.318492263555527,0.553569614887237,0.276122957468033,0.526577413082123,1.3564475774765,0.371304780244827,1.04765439033508,0.671055376529694,1.10812675952911,0.617412388324737,1.10388445854187,0.520714521408081,1.08675396442413,0.271643251180649,1.3643411397934,0.198737427592278,0.701351284980774,0.190214917063713,0.717735648155212,0.187641009688377,0.395074218511581,0.144925057888031,0.262444227933884,0.162572577595711,0.471819072961807,0.37286114692688,0.270603030920029,0.314917653799057
78,1.15784478187561,1.08246088027954,0.510535776615143,0.520148396492004,0.444363057613373,0.506783425807953,0.291245371103287,0.550174534320831,0.26895797252655,0.559896528720856,1.31354022026062,0.392917215824127,0.971043050289154,0.715419769287109,0.982265949249268,0.611746847629547,0.882894515991211,0.522206366062164,1.01191639900208,0.267839759588242,1.13406467437744,0.206517845392227,0.67198646068573,0.195476338267326,0.681645929813385,0.186709076166153,0.338397949934006,0.146610379219055,0.244771957397461,0.150960937142372,0.42795979976654,0.401043981313705,0.258819669485092,0.28070056438446
79,0.897138178348541,1.07791805267334,0.488684713840485,0.53512567281723,0.405121773481369,0.52866542339325,0.262900680303574,0.609937608242035,0.258950710296631,0.57041472196579,1.2632429599762,0.371214717626572,1.05403614044189,0.704289257526398,0.997415661811829,0.630996108055115,0.897732436656952,0.540054500102997,1.32800602912903,0.189033791422844,1.02280282974243,0.198137670755386,0.651916563510895,0.189290717244148,0.656402766704559,0.191755399107933,0.298289775848389,0.147447377443314,0.234858796000481,0.144572421908379,0.39535865187645,0.35545614361763,0.253001928329468,0.26780766248703
80,0.789433658123016,1.10108506679535,0.468888133764267,0.51353931427002,0.425007611513138,0.518910229206085,0.269571483135223,0.566466271877289,0.262537598609924,0.555290877819061,1.1539717912674,0.393657743930817,0.901898682117462,0.69315630197525,0.929820716381073,0.626016497612,0.797647893428803,0.535486698150635,1.09577739238739,0.188238397240639,0.969430685043335,0.19366317987442,0.62352705001831,0.198343232274055,0.622314929962158,0.188341841101646,0.278326749801636,0.133225053548813,0.225535050034523,0.144893229007721,0.370883256196976,0.353741496801376,0.245815083384514,0.325254857540131
81,0.707833349704742,1.05034792423248,0.563024640083313,0.516319692134857,0.369994163513184,0.517251789569855,0.254354298114777,0.567175090312958,0.239925339818001,0.56023108959198,1.09063076972961,0.392253816127777,0.833286166191101,0.710075616836548,0.933094382286072,0.642426729202271,0.798418521881104,0.529543936252594,0.986921727657318,0.186588540673256,0.889706671237946,0.187564954161644,0.607285678386688,0.196999162435532,0.600963532924652,0.191779837012291,0.256057351827621,0.141008049249649,0.217389389872551,0.170882120728493,0.351787984371185,0.379052609205246,0.347073704004288,0.201278537511826
82,0.628967583179474,1.19956254959106,0.417874544858933,0.56450355052948,0.368848830461502,0.546781122684479,0.248452618718147,0.587632596492767,0.520454704761505,0.525068163871765,1.14887940883636,0.397432714700699,2.29342937469482,0.561574816703796,0.865128934383392,0.658494830131531,2.66728377342224,0.410872608423233,0.89982283115387,0.183397650718689,0.840902984142303,0.189820036292076,0.58447253704071,0.197631418704987,0.581335484981537,0.193674668669701,0.244013413786888,0.130818367004395,0.207477688789368,0.146002665162087,0.337225526571274,0.381361454725266,0.289205968379974,0.203037783503532
83,0.593405663967133,1.10217499732971,0.397724717855453,0.538034439086914,0.332889258861542,0.514513850212097,0.242481753230095,0.599482536315918,0.411695688962936,0.507215678691864,1.01327657699585,0.39066356420517,1.88093376159668,0.535761296749115,2.67618870735168,0.443858176469803,1.92308783531189,0.383553802967072,0.859024524688721,0.186468094587326,0.808296024799347,0.194017142057419,0.954112648963928,0.129784256219864,0.550650477409363,0.192807525396347,0.230233818292618,0.150932058691978,0.199691519141197,0.169344142079353,0.322368115186691,0.35221654176712,0.260053783655167,0.212999165058136
84,0.539318799972534,1.14214634895325,0.398601174354553,0.549725294113159,0.600614607334137,0.489287853240967,0.55864292383194,0.509820342063904,0.353139191865921,0.509113430976868,1.70111966133118,0.275252193212509,1.59056448936462,0.520385086536408,1.99808275699615,0.446282535791397,1.60472548007965,0.375495046377182,0.811984062194824,0.181089028716087,0.762977659702301,0.191661849617958,0.835172176361084,0.128566324710846,0.883469581604004,0.138123720884323,0.222955465316772,0.156411752104759,0.255326777696609,0.116315700113773,0.304932326078415,0.366400092840195,0.244356870651245,0.181611761450768
85,0.51075553894043,1.16217589378357,0.364894568920135,0.553480744361877,0.470301121473312,0.497012257575989,0.442851364612579,0.502136766910553,0.334449261426926,0.512519061565399,1.24550497531891,0.284492582082748,1.44202661514282,0.534984469413757,1.73719215393066,0.437846660614014,1.37676727771759,0.388718038797379,0.766370117664337,0.185356453061104,0.731489837169647,0.192544266581535,0.772913157939911,0.136292323470116,0.739668488502502,0.132411450147629,0.210722684860229,0.13801933825016,0.212249472737312,0.114623084664345,0.295127272605896,0.363886415958404,0.228431090712547,0.214944526553154
86,0.463198691606522,1.16610252857208,0.613834321498871,0.479336112737656,0.441299140453339,0.510585308074951,0.384700924158096,0.509160578250885,0.291200220584869,0.501462399959564,1.09643304347992,0.27371022105217,1.37780821323395,0.536641597747803,1.97229564189911,0.462541937828064,1.23346650600433,0.40724241733551,0.743205726146698,0.186780169606209,0.691173493862152,0.193853780627251,0.732010126113892,0.12937219440937,0.666734874248505,0.128059446811676,0.207272320985794,0.141229912638664,0.191506937146187,0.119002819061279,0.288748472929001,0.421756207942963,0.21266482770443,0.208931744098663
87,0.453396111726761,1.16195476055145,0.507226169109345,0.470488876104355,0.368803739547729,0.507919907569885,0.367664247751236,0.508342921733856,0.291344165802002,0.53261262178421,1.0270653963089,0.291773468255997,1.21252620220184,0.538691818714142,1.52684462070465,0.43812957406044,1.18798303604126,0.386045962572098,0.693594038486481,0.185402885079384,0.658688962459564,0.198831021785736,0.680623471736908,0.127304077148438,0.616411089897156,0.129832625389099,0.193632394075394,0.149466186761856,0.181925535202026,0.114065416157246,0.274866998195648,0.350638955831528,0.201591476798058,0.203200802206993
88,0.395766586065292,1.13053095340729,0.444141119718552,0.497772932052612,0.350542694330215,0.504744529724121,0.334988862276077,0.515290021896362,0.274592280387878,0.517627537250519,0.91847574710846,0.281915605068207,1.12398886680603,0.530696272850037,1.38867199420929,0.43384525179863,1.05061435699463,0.380066305398941,0.67629736661911,0.186044931411743,0.644418060779572,0.194077506661415,0.635823428630829,0.12668439745903,0.574365735054016,0.129366353154182,0.189002871513367,0.150175094604492,0.167420789599419,0.114452205598354,0.264438152313232,0.398427426815033,0.198045715689659,0.225039377808571
89,0.410107970237732,1.19777429103851,0.425454944372177,0.486895710229874,0.318254321813583,0.520799040794373,0.31357353925705,0.544261991977692,0.261580854654312,0.533010601997376,0.85949844121933,0.272906720638275,1.0176819562912,0.540197372436523,1.23416805267334,0.459806650876999,0.958319664001465,0.390323966741562,0.651130735874176,0.186829790472984,0.612079799175262,0.201670855283737,0.614947021007538,0.125073671340942,0.532595455646515,0.13268269598484,0.184791430830956,0.139166355133057,0.157086595892906,0.107728011906147,0.255540370941162,0.368223786354065,0.187344118952751,0.214568689465523
90,0.368861854076385,1.14481770992279,0.385152220726013,0.492125183343887,0.300576716661453,0.52296257019043,0.299226254224777,0.517517924308777,0.259999334812164,0.544625163078308,0.809231698513031,0.276094675064087,0.97787481546402,0.549278140068054,1.14981937408447,0.454890608787537,0.954157829284668,0.387962818145752,0.625794231891632,0.195765763521194,0.595837891101837,0.19737796485424,0.591911733150482,0.127817377448082,0.505440831184387,0.129157289862633,0.174802049994469,0.157411113381386,0.149669423699379,0.118827544152737,0.251676559448242,0.386055290699005,0.175740495324135,0.204313337802887
91,0.367232203483582,1.23517227172852,0.362210869789124,0.506335437297821,0.285349428653717,0.523424983024597,0.280740261077881,0.524043619632721,0.241864502429962,0.55746054649353,0.757356286048889,0.282229006290436,0.980511009693146,0.548410475254059,1.12228190898895,0.442786633968353,0.943735301494598,0.401176869869232,0.603428900241852,0.185518160462379,0.573456227779388,0.203558936715126,0.55542916059494,0.127721130847931,0.478769749403,0.13324935734272,0.169869065284729,0.16237661242485,0.141385957598686,0.115251004695892,0.240961596369743,0.376857995986938,0.169820666313171,0.230064645409584
92,1.0861622095108,1.11157774925232,0.361930280923843,0.478921830654144,0.258535027503967,0.514310538768768,0.270704090595245,0.53077507019043,0.235828399658203,0.557355165481567,0.754231750965118,0.289410799741745,0.869401395320892,0.563168168067932,1.02007138729095,0.451369911432266,0.839382290840149,0.388966590166092,0.585340023040772,0.190698519349098,0.980550527572632,0.137901365756989,0.539560914039612,0.131887033581734,0.462933242321014,0.133954152464867,0.163883909583092,0.151878550648689,0.139420852065086,0.117598466575146,0.23753060400486,0.365562468767166,0.167838513851166,0.210959613323212
93,0.903873562812805,1.02879357337952,0.326280295848846,0.48504313826561,0.257254600524902,0.535559237003326,0.260490715503693,0.535171151161194,0.217835679650307,0.556134521961212,0.686211347579956,0.273003309965134,0.810092568397522,0.550018846988678,1.01068556308746,0.471185147762299,0.802461564540863,0.391200751066208,0.564043283462524,0.190487936139107,0.812290906906128,0.146213009953499,0.52109968662262,0.12894481420517,0.43418887257576,0.136569738388062,0.240193858742714,0.110693357884884,0.130067408084869,0.120909377932549,0.229155257344246,0.396424233913422,0.160273924469948,0.219538852572441
94,0.698859572410584,1.12596106529236,0.312316030263901,0.494642943143845,0.305161744356155,0.527806401252747,0.251502752304077,0.543469369411469,0.214129403233528,0.548037767410278,0.6491779088974,0.277176856994629,0.785243690013886,0.556667447090149,0.951431751251221,0.440569460391998,0.748730182647705,0.410272479057312,0.542973816394806,0.194824978709221,0.73215663433075,0.138017296791077,0.508885562419891,0.129824906587601,0.417105555534363,0.134598940610886,0.207275971770287,0.114613682031631,0.124698117375374,0.112759999930859,0.223551854491234,0.356494963169098,0.154465451836586,0.219885721802711
95,0.630368530750275,1.14369082450867,0.307098209857941,0.491874009370804,0.591684699058533,0.458282768726349,0.226663544774055,0.534159958362579,0.201055511832237,0.57482647895813,0.630127370357513,0.284439027309418,1.93661510944366,0.497955232858658,0.870301127433777,0.449696809053421,1.85898911952972,0.281276792287827,0.87765109539032,0.1305792927742,0.665526568889618,0.134284675121307,0.482423931360245,0.130388393998146,0.392925560474396,0.140385881066322,0.185484066605568,0.105407409369946,0.12345203012228,0.10428561270237,0.21955406665802,0.416299611330032,0.238898515701294,0.159845501184464
96,0.593244969844818,1.12386882305145,0.284101188182831,0.50530332326889,0.476014286279678,0.448996782302856,0.512211322784424,0.498714506626129,0.200676113367081,0.554470837116241,0.630952060222626,0.286974549293518,1.65219914913178,0.441911339759827,0.898532450199127,0.44627845287323,1.49713599681854,0.274363070726395,0.749692142009735,0.127499416470528,0.63324099779129,0.137802094221115,0.46666419506073,0.129204422235489,0.380443543195724,0.136131301522255,0.174008190631866,0.113115265965462,0.115387856960297,0.114475086331368,0.212153971195221,0.412617713212967,0.19478066265583,0.152489542961121
97,0.504354357719421,1.17385566234589,0.28369665145874,0.509274482727051,0.404191106557846,0.470243573188782,0.409724444150925,0.487864762544632,0.5650874376297,0.501557350158691,0.602323472499847,0.284024268388748,1.31536483764648,0.450297445058823,0.798976957798004,0.451894491910934,1.24246382713318,0.278879582881927,0.678776502609253,0.128224328160286,0.584662735462189,0.134401082992554,0.453004360198975,0.129717081785202,0.423899382352829,0.104320906102657,0.16293428838253,0.104337587952614,0.113521181046963,0.111445844173431,0.208840727806091,0.35493803024292,0.176578938961029,0.157560095191002
98,0.515820145606995,1.10353243350983,0.57330185174942,0.450119167566299,0.376252979040146,0.456550538539887,0.36287397146225,0.513260781764984,0.436324536800384,0.495664179325104,0.58627861738205,0.285139799118042,1.17445492744446,0.481361299753189,0.820856630802154,0.451082468032837,1.10802173614502,0.267794966697693,0.630012810230255,0.131203457713127,0.551688730716705,0.136882722377777,0.439857721328735,0.133557602763176,0.348623692989349,0.101521886885166,0.153431370854378,0.115104109048843,0.108329571783543,0.130038842558861,0.331425994634628,0.289530366659164,0.19155241549015,0.141497060656548
99,0.458429634571075,1.12611937522888,0.453618764877319,0.445945888757706,0.336104184389114,0.459904819726944,0.333884686231613,0.504799962043762,0.376772880554199,0.501265048980713,0.552075803279877,0.285830110311508,1.0656133890152,0.449413567781448,1.94380974769592,0.311357378959656,0.969158589839935,0.267072945833206,0.592361390590668,0.127882838249207,0.530062079429626,0.135529354214668,0.421663373708725,0.134110078215599,0.310101389884949,0.100365467369556,0.148397192358971,0.112797304987907,0.106990069150925,0.117306917905808,0.275418937206268,0.270233690738678,0.178824663162231,0.163446679711342
100,0.455322414636612,1.13037836551666,0.405723214149475,0.460938602685928,0.335054725408554,0.478504955768585,0.312867760658264,0.525511562824249,0.345744729042053,0.504856765270233,0.944515347480774,0.230812236666679,0.91941487789154,0.451868236064911,1.41941511631012,0.32102382183075,0.892229199409485,0.269521802663803,0.561713337898254,0.127603858709335,0.500918865203857,0.137512683868408,0.42331075668335,0.108245126903057,0.285208433866501,0.102874293923378,0.141770526766777,0.107340678572655,0.101602092385292,0.109514936804771,0.247777462005615,0.238708630204201,0.153292387723923,0.140953183174133
101,0.398411750793457,1.12556254863739,0.385978817939758,0.452731311321259,0.293011367321014,0.477925270795822,0.283617079257965,0.503263652324677,0.32733079791069,0.514221131801605,0.778216123580933,0.217936456203461,0.826860308647156,0.476113796234131,1.23144936561584,0.306514739990234,0.802075445652008,0.277013540267944,0.527151107788086,0.131696090102196,0.463704377412796,0.13627453148365,0.357243806123733,0.102207109332085,0.266136676073074,0.099622063338757,0.134115800261498,0.120502717792988,0.10388907790184,0.115541636943817,0.228927791118622,0.278180956840515,0.141541317105293,0.161803796887398
102,0.39066606760025,1.11673104763031,0.354601204395294,0.470034390687943,0.296640425920486,0.469083547592163,0.267123371362686,0.514605283737183,0.308635383844376,0.532088875770569,0.684621930122376,0.244640842080116,0.786773979663849,0.469364792108536,1.09427559375763,0.323429018259048,0.737031638622284,0.299529105424881,0.504278719425201,0.127922728657723,0.45739221572876,0.137093469500542,0.32861590385437,0.105810150504112,0.253781199455261,0.099246345460415,0.130153402686119,0.115621082484722,0.096399217844009,0.116163931787014,0.209772706031799,0.236028268933296,0.130459442734718,0.143813475966454
103,0.381955742835999,1.12555181980133,0.339560896158218,0.476334661245346,0.271258264780045,0.485117048025131,0.260085254907608,0.520103812217712,0.282667815685272,0.516768753528595,0.64290189743042,0.224020212888718,0.7455815076828,0.477961719036102,0.977306246757507,0.344900012016296,0.692728757858276,0.270981460809708,0.478013157844543,0.128105983138084,0.43113586306572,0.139717549085617,0.301884531974792,0.098758324980736,0.236710712313652,0.099692717194557,0.123011909425259,0.114972569048405,0.093323484063149,0.111320495605469,0.200658619403839,0.309125870466232,0.128386974334717,0.154905945062637
104,1.23062908649445,1.06831979751587,0.308265924453735,0.474374800920486,0.262277662754059,0.490696638822556,0.237306326627731,0.527281641960144,0.268728762865067,0.515963137149811,0.603437900543213,0.214584037661552,0.710855066776276,0.478069931268692,0.946698248386383,0.322256207466125,0.676030993461609,0.275535613298416,0.461285471916199,0.129070967435837,0.41267517209053,0.137165829539299,0.285026013851166,0.098392441868782,0.225507915019989,0.100590437650681,0.122100301086903,0.111198380589485,0.091770045459271,0.108651228249073,0.189908936619759,0.267408698797226,0.141916453838348,0.15813884139061
105,1.00031983852386,1.00838541984558,0.302883058786392,0.48124098777771,0.246750801801682,0.48950332403183,0.226350784301758,0.524331629276276,0.251882523298264,0.537653267383575,0.558395504951477,0.217250138521194,0.645667970180512,0.467483580112457,0.875714480876923,0.322591334581375,0.623290419578552,0.273122102022171,0.450344234704971,0.132277742028236,0.394243091344833,0.145518556237221,0.271431148052216,0.099415086209774,0.217175722122192,0.09986138343811,0.114122599363327,0.104421153664589,0.088954016566277,0.119227275252342,0.182428494095802,0.262471824884415,0.145086675882339,0.153208389878273
106,0.824899613857269,1.00297546386719,0.289361834526062,0.486492365598679,0.228845357894897,0.512551307678223,0.222680807113647,0.530571281909943,0.250916421413422,0.516486585140228,0.535174548625946,0.228162750601768,0.647891938686371,0.474793285131455,0.862411677837372,0.322245210409164,0.618590295314789,0.272802084684372,0.427689909934998,0.134314447641373,0.462894409894943,0.105394408106804,0.262349098920822,0.101213820278645,0.207973942160606,0.098829336464405,0.110996246337891,0.115037940442562,0.170769944787025,0.080938972532749,0.172457844018936,0.287325501441956,0.116940952837467,0.155822202563286
107,0.682117760181427,1.07915389537811,0.279966533184052,0.494733572006226,0.538376867771149,0.434371203184128,0.206744283437729,0.533243179321289,0.231856897473335,0.548266887664795,0.495909035205841,0.224137753248215,1.82661855220795,0.330271661281586,0.796056270599365,0.312580227851868,0.581657886505127,0.276134550571442,0.443946272134781,0.103042602539063,0.374859780073166,0.105180524289608,0.250311315059662,0.100416287779808,0.199547842144966,0.106523089110851,0.109762869775295,0.123549416661263,0.138516336679459,0.078964069485664,0.168342143297195,0.282336533069611,0.128978341817856,0.156319856643677
108,0.627867817878723,1.05374240875244,0.263707309961319,0.493237793445587,0.418235778808594,0.454919040203095,0.550460994243622,0.495487034320831,0.230183094739914,0.532799482345581,0.484932959079742,0.218656957149506,1.43563592433929,0.339843422174454,0.753574430942535,0.328929543495178,0.569977760314941,0.282726436853409,0.372757434844971,0.103504985570908,0.332618176937103,0.103714697062969,0.242765471339226,0.102418221533299,0.19105339050293,0.100226029753685,0.189375564455986,0.086252316832543,0.125072553753853,0.082623466849327,0.160831585526466,0.286706149578094,0.121542111039162,0.15658475458622
109,0.537544846534729,1.12100982666016,0.255620002746582,0.496157735586166,0.373311638832092,0.452730149030685,0.437396109104157,0.487388104200363,0.507780849933624,0.492771148681641,0.462476283311844,0.224759340286255,1.27159452438355,0.34733459353447,0.742545545101166,0.327261745929718,0.53685337305069,0.286402225494385,0.335615307092667,0.099700205028057,0.312220543622971,0.104178674519062,0.232642292976379,0.10216411948204,0.187568843364716,0.102443195879459,0.1651721149683,0.076141759753227,0.11791368573904,0.079415298998356,0.155362606048584,0.310916483402252,0.107631750404835,0.153727799654007
110,0.51830130815506,1.05979585647583,0.590865552425385,0.441893339157105,0.344768166542053,0.447147160768509,0.381113469600677,0.506284415721893,0.411076068878174,0.489079982042313,0.443258792161942,0.231558859348297,1.13862097263336,0.358897686004639,0.703795671463013,0.31622388958931,1.13012683391571,0.200699135661125,0.308679074048996,0.100014992058277,0.286000043153763,0.103412628173828,0.221045717597008,0.100629188120365,0.183544352650642,0.109341688454151,0.148869603872299,0.080956339836121,0.109925225377083,0.080213814973831,0.151542320847511,0.293892711400986,0.112040549516678,0.154250606894493
111,0.491695493459702,1.05702221393585,0.456009924411774,0.440024256706238,0.318901866674423,0.468725711107254,0.341104477643967,0.512228310108185,0.371103256940842,0.501006007194519,0.417838573455811,0.229713439941406,0.989260256290436,0.330812513828278,0.688243210315704,0.326931983232498,0.808280944824219,0.199911966919899,0.289804637432098,0.101400472223759,0.269133895635605,0.102997593581676,0.21814052760601,0.09907665848732,0.171428829431534,0.10186991840601,0.130754217505455,0.08201489597559,0.10463659465313,0.083331517875195,0.144940435886383,0.281344145536423,0.197227343916893,0.109479062259197
112,0.439934968948364,1.07703828811646,0.423000603914261,0.450022846460342,0.293856412172318,0.480933576822281,0.321233958005905,0.51881605386734,0.337421178817749,0.489421159029007,0.424101948738098,0.226358622312546,0.913371086120606,0.340692222118378,0.993780195713043,0.252885013818741,0.705546200275421,0.20961306989193,0.277119487524033,0.09942203015089,0.256144970655441,0.105014659464359,0.209903448820114,0.099760554730892,0.172814652323723,0.101935513317585,0.125807851552963,0.085203051567078,0.099097684025765,0.083360105752945,0.141062065958977,0.288370817899704,0.151953548192978,0.113451853394508
113,0.426703661680222,1.11887228488922,0.386887788772583,0.436313033103943,0.280893355607986,0.475796759128571,0.2891885638237,0.527434289455414,0.308792412281036,0.501177668571472,0.395655512809753,0.233444407582283,0.858068883419037,0.340621083974838,0.779588937759399,0.248466655611992,0.642424583435059,0.204588413238525,0.265179425477982,0.10140710324049,0.249839827418327,0.103264674544334,0.213121920824051,0.103080488741398,0.164783999323845,0.102501541376114,0.116836987435818,0.090613223612309,0.095007427036762,0.081827014684677,0.22344808280468,0.210165739059448,0.134397879242897,0.113633319735527
114,0.391579300165176,1.06103086471558,0.37444132566452,0.438419491052628,0.259925961494446,0.486615031957626,0.303006500005722,0.543773651123047,0.284401178359985,0.494738191366196,0.397186577320099,0.226656228303909,0.76087087392807,0.334123551845551,0.68970137834549,0.251242846250534,0.57418155670166,0.201034694910049,0.253523051738739,0.102833017706871,0.224410593509674,0.10741775482893,0.200098380446434,0.102890864014626,0.157632187008858,0.101933434605598,0.109516017138958,0.088662415742874,0.091880463063717,0.086455397307873,0.187338382005692,0.208387345075607,0.133007362484932,0.102633632719517
115,0.379622519016266,1.09705650806427,0.339482933282852,0.468839883804321,0.243232876062393,0.513141334056854,0.26827934384346,0.542792499065399,0.27055960893631,0.517307817935944,0.832798182964325,0.178692802786827,0.791799306869507,0.33532840013504,0.642290115356445,0.257939845323563,0.541859805583954,0.206421121954918,0.245327338576317,0.100293532013893,0.225811973214149,0.106158562004566,0.235538899898529,0.084187634289265,0.153730571269989,0.102223448455334,0.105482123792171,0.095736593008041,0.08735853433609,0.082163445651531,0.170135080814362,0.216419622302055,0.120707616209984,0.116698637604713
116,0.340750575065613,1.1929429769516,0.329581260681152,0.449486345052719,0.239025264978409,0.504091382026672,0.273945957422257,0.520321786403656,0.262818306684494,0.522753059864044,0.675613760948181,0.166750475764275,0.703746736049652,0.330354630947113,0.595610618591309,0.252594441175461,0.533653318881989,0.203298851847649,0.235424056649208,0.100155152380466,0.213462352752686,0.10475168377161,0.212258741259575,0.083211421966553,0.150673791766167,0.102889075875282,0.101682566106319,0.081832356750965,0.085317738354206,0.085180431604385,0.158322364091873,0.182683512568474,0.108831502497196,0.118316531181335
117,0.999942660331726,1.02627420425415,0.307769536972046,0.46492525935173,0.220476433634758,0.492949068546295,0.246147960424423,0.530545115470886,0.248586133122444,0.534582018852234,0.623580992221832,0.165891006588936,0.648008584976196,0.338670670986176,0.554144144058228,0.260262012481689,0.481658786535263,0.206791579723358,0.222815543413162,0.102106273174286,0.206419602036476,0.108670383691788,0.194358944892883,0.082049608230591,0.239450201392174,0.085134349763393,0.097357645630837,0.090640686452389,0.079881265759468,0.092550493776798,0.147317960858345,0.189446732401848,0.104784108698368,0.11259139329195
118,0.890983045101166,1.11970949172974,0.289122462272644,0.457888066768646,0.561333954334259,0.426795810461044,0.234629526734352,0.559420347213745,0.236894652247429,0.519120216369629,0.572500169277191,0.166119545698166,1.15773499011993,0.266923874616623,0.535224139690399,0.257911175489426,0.470968186855316,0.211609706282616,0.219426304101944,0.104535229504108,0.195963323116303,0.106416866183281,0.183579355478287,0.082056730985642,0.210907950997353,0.081226177513599,0.092577241361141,0.08764922618866,0.131544947624207,0.068983405828476,0.143089711666107,0.217238575220108,0.099663697183132,0.129946306347847
119,0.730601668357849,1.12155783176422,0.281913250684738,0.473360955715179,0.430341213941574,0.42115330696106,0.226028755307198,0.552144169807434,0.228908464312553,0.548709034919739,0.52588814496994,0.167655304074287,0.933017432689667,0.261786967515945,0.530397295951843,0.258070915937424,0.449326753616333,0.211195737123489,0.211275011301041,0.101062573492527,0.193094372749329,0.106243371963501,0.174342766404152,0.083929814398289,0.194046348333359,0.081202693283558,0.090490065515041,0.0985998660326,0.111815080046654,0.070468619465828,0.132313683629036,0.225764393806458,0.094699636101723,0.116120435297489
120,0.593514382839203,1.04047846794128,0.282332301139832,0.49544757604599,0.381981253623962,0.429216504096985,0.526922702789307,0.470679759979248,0.213899001479149,0.528899431228638,0.502286374568939,0.168735846877098,0.742130219936371,0.262995213270187,0.476134330034256,0.252266407012939,0.423334956169128,0.207731574773788,0.205861106514931,0.101996652781963,0.182784378528595,0.107960313558579,0.17080545425415,0.081841468811035,0.180071622133255,0.080260507762432,0.147078305482864,0.06445736438036,0.104527607560158,0.066479973495007,0.127402648329735,0.220423087477684,0.091495878994465,0.113857962191105
121,0.534843266010284,1.21756386756897,0.255848824977875,0.491425961256027,0.346923857927322,0.428770691156387,0.413065284490585,0.465373903512955,0.558497428894043,0.470879405736923,0.482368767261505,0.167486429214478,0.64985990524292,0.265976130962372,0.480109483003616,0.259844094514847,0.425488859415054,0.21289250254631,0.204978302121162,0.103322058916092,0.179419696331024,0.112658746540546,0.159592539072037,0.08397201448679,0.169854640960693,0.083805285394192,0.12344803661108,0.060380697250366,0.096407845616341,0.072036765515804,0.127295464277267,0.209521725773811,0.087990291416645,0.12027108669281
122,0.484385162591934,1.2072057723999,0.250914812088013,0.490447342395783,0.322145342826843,0.427557945251465,0.364688962697983,0.471314638853073,0.428808778524399,0.48239877820015,0.45080891251564,0.167171522974968,0.62350207567215,0.267957031726837,0.45086270570755,0.254618942737579,0.746218740940094,0.154699832201004,0.198594182729721,0.102979093790054,0.242130234837532,0.089131519198418,0.157504737377167,0.080534428358078,0.164113387465477,0.081059902906418,0.111812435090542,0.066205941140652,0.091423563659191,0.070972539484501,0.125643819570541,0.207569196820259,0.084066413342953,0.132986202836037
123,0.461811155080795,1.06588208675385,0.243571862578392,0.484523802995682,0.30627366900444,0.446146935224533,0.336493819952011,0.489741116762161,0.374696522951126,0.480522841215134,0.436266511678696,0.168862536549568,0.564894556999207,0.260529786348343,0.436326682567596,0.254713118076324,0.582160592079163,0.151378810405731,0.244951516389847,0.08470543473959,0.199346676468849,0.087701983749867,0.155990019440651,0.08311689645052,0.151627346873283,0.081719629466534,0.102074138820171,0.062958955764771,0.087074272334576,0.069886900484562,0.116448573768139,0.211830571293831,0.081252060830593,0.134212419390678
124,0.420783489942551,1.11049127578735,0.606884717941284,0.424108654260635,0.287320792675018,0.434206217527389,0.307110995054245,0.477373272180557,0.354452878236771,0.475790113210678,0.415157049894333,0.16671422123909,0.499611467123032,0.25995334982872,0.670233309268951,0.215359032154083,0.51572048664093,0.153787434101105,0.214547365903854,0.084604896605015,0.182031184434891,0.088199779391289,0.144688099622726,0.082231767475605,0.147645771503449,0.08145422488451,0.09625681489706,0.070057131350041,0.083993181586266,0.069790326058865,0.113845981657505,0.231316104531288,0.078145153820515,0.117762804031372
125,0.380487859249115,1.10989320278168,0.468378275632858,0.426676958799362,0.263649791479111,0.450330674648285,0.297810882329941,0.484341979026794,0.31839445233345,0.48674339056015,0.389724910259247,0.173815652728081,0.509505391120911,0.254978150129318,0.571348607540131,0.216883435845375,0.448455333709717,0.156874120235443,0.197072938084602,0.082975775003433,0.170039057731628,0.08661075681448,0.143422961235046,0.082799829542637,0.145025253295898,0.081295818090439,0.091391026973724,0.066737487912178,0.079696327447891,0.074221141636372,0.107259199023247,0.223267838358879,0.147659972310066,0.084527783095837
126,0.37262961268425,1.05219388008118,0.41176974773407,0.433817654848099,0.263651907444,0.443507492542267,0.275125801563263,0.499739557504654,0.295718312263489,0.48213204741478,0.383516401052475,0.170049950480461,0.469017535448074,0.283419698476791,0.528152108192444,0.214252531528473,0.455952972173691,0.153041332960129,0.185046091675758,0.082970194518566,0.162827268242836,0.086820587515831,0.137028634548187,0.085889734327793,0.135288715362549,0.086057178676128,0.087128363549709,0.063967011868954,0.077455163002014,0.072142347693443,0.105209574103355,0.227889895439148,0.119352832436562,0.091606490314007
127,0.360070109367371,1.14060068130493,0.379491657018661,0.421053647994995,0.243975684046745,0.454021781682968,0.262060850858688,0.509292542934418,0.279024839401245,0.493645519018173,0.369975656270981,0.170138821005821,0.466596931219101,0.275682300329208,0.474191516637802,0.225462377071381,0.397233486175537,0.151997566223145,0.173681572079659,0.082684479653835,0.154599934816361,0.087598592042923,0.134625181555748,0.082473114132881,0.135016471147537,0.082620993256569,0.083843268454075,0.069285921752453,0.073318339884281,0.071277126669884,0.181987851858139,0.16980853676796,0.106745354831219,0.0788584202528
128,0.966093182563782,1.01787269115448,0.34037110209465,0.444316357374191,0.23218609392643,0.461276203393936,0.249437123537064,0.515745580196381,0.267041742801666,0.5001620054245,0.502732813358307,0.138458982110024,0.45491749048233,0.27596390247345,0.474242240190506,0.209526523947716,0.367851763963699,0.154225677251816,0.165679231286049,0.083047650754452,0.148394018411636,0.08755686879158,0.133414566516876,0.0819081813097,0.127293571829796,0.081989668309689,0.079293325543404,0.07159461081028,0.071644492447376,0.072827406227589,0.146862655878067,0.186587274074554,0.097658984363079,0.076545059680939
129,0.855311155319214,0.974665284156799,0.325135111808777,0.453856259584427,0.222251012921333,0.455570071935654,0.245258778333664,0.521588325500488,0.255060642957687,0.505159378051758,0.425231397151947,0.135106950998306,0.417114675045013,0.267393827438354,0.436327964067459,0.214367881417274,0.349459379911423,0.156055673956871,0.159853354096413,0.082511730492115,0.142855361104012,0.088255196809769,0.127582281827927,0.082790888845921,0.125647008419037,0.083399072289467,0.076753079891205,0.069011278450489,0.069100059568882,0.072777643799782,0.130524694919586,0.15625935792923,0.090831942856312,0.082010000944138
130,0.676282465457916,1.05235576629639,0.302354454994202,0.46407276391983,0.476753264665604,0.40931448340416,0.228756219148636,0.52333277463913,0.239218026399612,0.521748781204224,0.381856679916382,0.135801494121551,0.413437515497208,0.267569065093994,0.412125051021576,0.211827740073204,0.336159437894821,0.155429914593697,0.154144898056984,0.082092665135861,0.140191987156868,0.087475463747978,0.122129000723362,0.083048798143864,0.12126936763525,0.083842575550079,0.074584446847439,0.069033868610859,0.067437998950482,0.073138982057571,0.12422064691782,0.175140425562859,0.084751777350903,0.082347676157951
131,0.597104847431183,1.09234654903412,0.283998638391495,0.466765195131302,0.374402761459351,0.411680936813355,0.223633855581284,0.507696688175201,0.226787015795708,0.536934673786163,0.345966309309006,0.139378413558006,0.399804979562759,0.273235410451889,0.403298079967499,0.21433037519455,0.32889586687088,0.154437303543091,0.15090012550354,0.082917436957359,0.129117086529732,0.087705366313458,0.119590565562248,0.082989603281021,0.177461609244347,0.070054568350315,0.071688085794449,0.068137511610985,0.119894623756409,0.062075201421976,0.113596625626087,0.191004022955895,0.082657717168331,0.091819979250431
132,0.567532777786255,1.02296054363251,0.276132017374039,0.448994696140289,0.335184335708618,0.414552003145218,0.486968636512756,0.462945997714996,0.472118556499481,0.462101697921753,0.33756560087204,0.137042805552483,0.38211652636528,0.281580656766891,0.386426687240601,0.216955840587616,0.307346284389496,0.151876911520958,0.14642858505249,0.08425797522068,0.125690713524818,0.087998665869236,0.119199402630329,0.085064046084881,0.154992192983627,0.068651795387268,0.114049293100834,0.051286738365889,0.101924441754818,0.06180914118886,0.109974607825279,0.17950551211834,0.078601934015751,0.082796789705753
133,0.512908697128296,1.03988802433014,0.265089690685272,0.471758544445038,0.303729772567749,0.426494538784027,0.396875321865082,0.455655872821808,0.384057819843292,0.474823981523514,0.312834531068802,0.134068429470062,0.354290574789047,0.266771554946899,0.36948749423027,0.220247343182564,0.28962454199791,0.154924005270004,0.141060039401054,0.083070233464241,0.122865319252014,0.090119577944279,0.154866918921471,0.071607865393162,0.146403685212135,0.068003430962563,0.097776770591736,0.054073236882687,0.093624286353588,0.062596298754215,0.102877296507359,0.180479049682617,0.075844496488571,0.085229061543942
134,0.477260589599609,1.05747294425964,0.253074079751968,0.474057257175446,0.291387557983398,0.428808838129044,0.361508905887604,0.460623919963837,0.338537365198135,0.464883863925934,0.300380676984787,0.134720623493195,0.349343746900559,0.301593869924545,0.356543332338333,0.221124529838562,0.418604344129562,0.126372367143631,0.136553913354874,0.08330848813057,0.121555425226688,0.088161990046501,0.136136829853058,0.071973219513893,0.133758693933487,0.070181101560593,0.089994199573994,0.051560133695603,0.086856707930565,0.063070021569729,0.097757115960121,0.170351386070251,0.073978446424008,0.091673210263252
135,0.466617166996002,1.03575003147125,0.239077553153038,0.475587606430054,0.267701357603073,0.454862534999847,0.328354030847549,0.463229268789291,0.306859791278839,0.467918872833252,0.294204860925674,0.135251507163048,0.344516187906265,0.267669349908829,0.337850630283356,0.219620481133461,0.360022664070129,0.121607854962349,0.1319350451231,0.083785012364388,0.114007979631424,0.088784709572792,0.127173379063606,0.070907011628151,0.127634286880493,0.068642012774944,0.083720184862614,0.051708672195673,0.082535177469254,0.065083250403404,0.091390579938889,0.189471393823624,0.073210507631302,0.090361811220646
136,0.436858594417572,1.03388166427612,0.239076018333435,0.491489201784134,0.253455966711044,0.453814685344696,0.311643481254578,0.463659554719925,0.292390257120132,0.467291384935379,0.277048945426941,0.136313691735268,0.713523507118225,0.228288725018501,0.336310654878616,0.217417791485786,0.326138734817505,0.121762454509735,0.128295108675957,0.085433013737202,0.183999046683311,0.075569003820419,0.119114406406879,0.070193327963352,0.121430978178978,0.068335771560669,0.079304479062557,0.053928449749947,0.07844764739275,0.066267058253288,0.088911540806294,0.191297724843025,0.065967306494713,0.084663771092892
137,0.411832571029663,1.08761763572693,0.22376973927021,0.479328036308289,0.232155829668045,0.450845867395401,0.2864950299263,0.481122970581055,0.268974989652634,0.474433988332748,0.268892288208008,0.134744003415108,0.575132071971893,0.229825153946877,0.328911632299423,0.218706697225571,0.311301618814468,0.122743614017963,0.124103084206581,0.084691189229488,0.163005366921425,0.073486819863319,0.113019548356533,0.069183990359306,0.115823611617088,0.069323040544987,0.075223222374916,0.053900729864836,0.074536174535751,0.064310558140278,0.08480890840292,0.186424896121025,0.06599821895361,0.089962370693684
138,0.400827825069428,1.16656494140625,0.449766635894775,0.422301918268204,0.227025732398033,0.441489845514298,0.265381366014481,0.49722021818161,0.255031019449234,0.485824197530746,0.254156231880188,0.136565044522285,0.473986476659775,0.214774027466774,0.311934530735016,0.221002250909805,0.301602303981781,0.120460487902164,0.127031743526459,0.087057396769524,0.151073798537254,0.073437549173832,0.107719786465168,0.069930583238602,0.111404195427895,0.068934693932533,0.07137043774128,0.054366290569306,0.071043103933334,0.063316807150841,0.082242473959923,0.197358876466751,0.062932372093201,0.090300150215626
139,0.35757052898407,1.16906750202179,0.364673733711243,0.422527313232422,0.211087450385094,0.448570966720581,0.253336131572723,0.494526237249374,0.235881850123405,0.487966299057007,0.248274028301239,0.13373227417469,0.461908280849457,0.215477928519249,0.553789854049683,0.179249972105026,0.277013093233109,0.120511829853058,0.116043448448181,0.086086347699165,0.14456532895565,0.072470232844353,0.102793529629707,0.070249795913696,0.106366001069546,0.06959579885006,0.069116786122322,0.054436307400465,0.068034008145332,0.070425875484943,0.079089969396591,0.186511039733887,0.114643029868603,0.06972349435091
140,,,0.318429261445999,0.442917585372925,0.206230074167252,0.456641018390656,0.242023855447769,0.495443254709244,0.223043188452721,0.501798808574677,0.239709123969078,0.135771498084068,0.395366281270981,0.21853406727314,0.455608010292053,0.173968300223351,0.258342444896698,0.122428849339485,0.114165052771568,0.08524364978075,0.137222051620483,0.073106333613396,0.101411029696465,0.070515260100365,0.103392764925957,0.069455988705158,0.065625593066216,0.055185656994581,0.065725743770599,0.065451718866825,0.13726769387722,0.14126455783844,0.096550479531288,0.066934838891029
141,,,0.29166442155838,0.428419649600983,,,0.228487402200699,0.497003972530365,0.216994136571884,0.503288984298706,0.238071829080582,0.134955108165741,0.372995048761368,0.216788455843925,0.414823979139328,0.195422351360321,0.249483168125153,0.122652292251587,0.177306160330772,0.070827208459377,0.131575509905815,0.07292340695858,0.096886888146401,0.06963611394167,0.098534055054188,0.070177301764488,0.064078621566296,0.056982856243849,0.063126586377621,0.072478495538235,0.117162384092808,0.137300297617912,0.085929214954376,0.06151083111763
142,,,0.268588006496429,0.435196876525879,,,0.218276783823967,0.494100034236908,0.20491898059845,0.511603236198425,0.227281257510185,0.139389887452126,0.36226087808609,0.211405903100967,0.376874595880508,0.182537063956261,0.235379010438919,0.126214176416397,0.155052304267883,0.072753645479679,0.127062112092972,0.073393419384956,0.092307768762112,0.070775493979454,0.096427954733372,0.070170298218727,0.060816250741482,0.05581172183156,0.061169676482678,0.068055674433708,0.104547373950481,0.147990554571152,0.08134900778532,0.063389696180821
143,,,0.245100617408752,0.445370197296143,,,0.214116856455803,0.492297351360321,,,0.219870999455452,0.136256203055382,0.326548516750336,0.216773077845573,0.360245555639267,0.189252212643623,0.231495380401611,0.123391322791576,0.145271509885788,0.070367611944676,0.122076958417892,0.072874747216702,0.091050446033478,0.069757483899593,0.091008849442005,0.071070112287998,,,,,0.096242569386959,0.1535325050354,0.076129727065563,0.060645826160908
144,,,0.242610454559326,0.448363155126572,,,,,,,0.214378222823143,0.140253067016602,0.321302056312561,0.21540655195713,0.336838036775589,0.191800102591515,0.217953056097031,0.125227406620979,0.136705636978149,0.07083136588335,0.117542147636414,0.073279649019241,0.087862893939018,0.070166863501072,0.124983973801136,0.060988124459982,,,,,0.091001711785793,0.130394220352173,0.072348698973656,0.059700947254896
145,,,0.22318959236145,0.47143679857254,,,,,,,0.209638610482216,0.139589369297028,0.301488608121872,0.220983877778053,0.326663017272949,0.1772590726614,0.21266508102417,0.128251031041145,0.129317134618759,0.069584921002388,0.117867536842823,0.073996067047119,0.085281699895859,0.072039268910885,0.108787767589092,0.059687953442335,,,,,0.085071429610252,0.147492632269859,0.069047532975674,0.069104447960854
146,,,0.210166186094284,0.463368564844132,,,,,,,0.208143562078476,0.137786746025085,0.290941923856735,0.216550096869469,0.316854327917099,0.175226241350174,0.211409583687782,0.128241926431656,0.125936254858971,0.070083603262901,0.109950698912144,0.07252810895443,0.084035471081734,0.070976585149765,0.100135609507561,0.059595663100481,,,,,0.081744655966759,0.14319384098053,0.065627619624138,0.06339243799448
147,,,0.199222177267075,0.459590077400207,,,,,,,0.197392016649246,0.141024351119995,0.281254380941391,0.229374244809151,0.296908557415009,0.181301593780518,0.203854575753212,0.127918615937233,0.119588382542133,0.071350447833538,0.106636181473732,0.074301034212113,0.080622375011444,0.074646584689617,0.093314290046692,0.059850819408894,,,,,0.079176351428032,0.134457007050514,0.064315296709538,0.064207226037979
148,,,0.196286648511887,0.453420013189316,,,,,,,0.192197188735008,0.13960425555706,0.270682781934738,0.230152651667595,0.308155030012131,0.182221606373787,0.193432316184044,0.126410990953445,0.116190768778324,0.070207595825195,0.106500171124935,0.074812777340412,0.129008740186691,0.062231708317995,0.089168108999729,0.059376191347838,,,,,0.07641664147377,0.130097731947899,0.060605108737946,0.067793466150761
149,,,,,,,,,,,0.188333556056023,0.137951567769051,0.246567323803902,0.220225423574448,0.273330807685852,0.184516355395317,,,0.110680535435677,0.070683680474758,0.100434258580208,0.075418166816235,0.114209443330765,0.061467226594687,0.084014147520065,0.059589020907879,,,,,0.070835553109646,0.141889378428459,0.058863405138254,0.064146496355534
150,,,,,,,,,,,0.347740590572357,0.115689821541309,0.254872858524322,0.232797235250473,0.28142774105072,0.183788925409317,,,0.108134917914867,0.070632219314575,0.131388708949089,0.064795352518559,0.106231614947319,0.060516137629747,0.08043760061264,0.061451256275177,,,,,0.070183716714382,0.154379725456238,0.056460358202458,0.070405714213848
151,,,,,,,,,,,0.290723890066147,0.116014838218689,0.23657338321209,0.224827617406845,,,,,0.10447034239769,0.070472747087479,0.116782516241074,0.065390855073929,0.099786750972271,0.060900036245585,0.076340384781361,0.059783905744553,,,,,0.066685058176518,0.144180789589882,0.055065002292395,0.068652123212814
152,,,,,,,,,,,0.266477823257446,0.113152526319027,0.224673494696617,0.232808008790016,,,,,0.100646182894707,0.072772480547428,0.109496772289276,0.06353984028101,0.094973720610142,0.060215782374144,0.074488371610642,0.063611142337322,,,,,0.066006720066071,0.155912801623344,0.053221523761749,0.064832307398319
153,,,,,,,,,,,0.245586216449738,0.112108945846558,,,,,,,0.097795188426972,0.072001747786999,0.102678507566452,0.063956901431084,0.090808659791946,0.060885194689036,0.070572942495346,0.060727953910828,,,,,0.063619770109654,0.140613123774529,0.05163835734129,0.070420026779175
154,,,,,,,,,,,0.22685518860817,0.113326005637646,,,,,,,0.095328204333782,0.071890316903591,0.097634375095368,0.063695065677166,0.087034955620766,0.060973256826401,0.068990454077721,0.060605011880398,,,,,0.060995485633612,0.14841528236866,0.050488073378801,0.070468336343765
155,,,,,,,,,,,0.215081930160522,0.113041788339615,,,,,,,0.092858009040356,0.073097996413708,0.094166323542595,0.0644795820117,0.08403243124485,0.06137240678072,0.066769942641258,0.061910267919302,,,,,0.060577556490898,0.146970972418785,,
156,,,,,,,,,,,0.202739372849464,0.115111365914345,,,,,,,0.12912055850029,0.061554830521345,0.089396551251412,0.063267819583416,0.080727517604828,0.071095444262028,0.064923614263535,0.06128154695034,,,,,0.058118749409914,0.145624473690987,,
157,,,,,,,,,,,0.200600415468216,0.116692662239075,,,,,,,0.112666085362434,0.060601036995649,0.086427696049213,0.064658887684345,0.078416548669338,0.060835003852844,0.061978418380022,0.063056752085686,,,,,0.056756757199764,0.143109053373337,,
158,,,,,,,,,,,0.190071776509285,0.114593513309956,,,,,,,0.104424990713596,0.059936664998531,0.083025857806206,0.064701065421105,0.076308429241181,0.062939263880253,0.061090350151062,0.063980832695961,,,,,0.055154141038656,0.143458068370819,,
159,,,,,,,,,,,0.180173456668854,0.114488586783409,,,,,,,0.098681889474392,0.060142517089844,0.080023124814034,0.063989117741585,0.073226392269135,0.061459004878998,,,,,,,0.108380191028118,0.114211350679398,,
160,,,,,,,,,,,0.176957234740257,0.113790616393089,,,,,,,0.093299232423306,0.060253351926804,0.077594794332981,0.063879489898682,0.070789135992527,0.061758458614349,,,,,,,0.089766383171082,0.114939197897911,,
161,,,,,,,,,,,0.171560049057007,0.114844217896461,,,,,,,0.08900111913681,0.059672605246306,0.074972294270992,0.064925409853458,0.068513959646225,0.062983803451061,,,,,,,0.082124710083008,0.111212380230427,,
162,,,,,,,,,,,0.168879419565201,0.115680523216724,,,,,,,0.085489206016064,0.060647293925285,0.072925470769405,0.066319473087788,0.06629541516304,0.062008641660214,,,,,,,0.0744853541255,0.098838292062283,,
163,,,,,,,,,,,0.161230757832527,0.118157505989075,,,,,,,0.08189208060503,0.06014072522521,0.070269018411636,0.065603353083134,,,,,,,,,0.069931849837303,0.11091223359108,,
164,,,,,,,,,,,,,,,,,,,0.079515613615513,0.060320109128952,0.06811848282814,0.066059999167919,,,,,,,,,0.067213773727417,0.111528344452381,,
165,,,,,,,,,,,,,,,,,,,0.076261430978775,0.061150640249252,0.066321574151516,0.06683374196291,,,,,,,,,0.063483104109764,0.116870947182179,,
166,,,,,,,,,,,,,,,,,,,0.074081346392632,0.061167314648628,0.063860036432743,0.067454040050507,,,,,,,,,0.060833234339953,0.117385566234589,,
167,,,,,,,,,,,,,,,,,,,0.071747347712517,0.060886587947607,,,,,,,,,,,0.058223154395819,0.119039095938206,,
168,,,,,,,,,,,,,,,,,,,0.069142132997513,0.061058644205332,,,,,,,,,,,0.056923929601908,0.11374232172966,,
169,,,,,,,,,,,,,,,,,,,0.06747917085886,0.061961110681295,,,,,,,,,,,0.053726684302092,0.114025928080082,,
170,,,,,,,,,,,,,,,,,,,0.066029876470566,0.061576593667269,,,,,,,,,,,0.052448127418757,0.12307733297348,,
171,,,,,,,,,,,,,,,,,,,0.063818082213402,0.062205769121647,,,,,,,,,,,0.050895296037197,0.1150226816535,,
172,,,,,,,,,,,,,,,,,,,,,,,,,,,,,,,0.048711787909269,0.124970100820065,,
