,temporal None PL train,temporal None PL val,temporal X_st rnd d_c train,temporal X_st rnd d_c val,temporal X_st min d_c train,temporal X_st min d_c val,temporal X_st max d_c train,temporal X_st max d_c val,temporal X_st avg d_c train,temporal X_st avg d_c val,"temporal X_(t,s) rnd d_c train","temporal X_(t,s) rnd d_c val","temporal X_(t,s) min d_c train","temporal X_(t,s) min d_c val","temporal X_(t,s) max d_c train","temporal X_(t,s) max d_c val","temporal X_(t,s) avg d_c train","temporal X_(t,s) avg d_c val","temporal Y_hat_(t,s) rnd d_c train","temporal Y_hat_(t,s) rnd d_c val","temporal Y_hat_(t,s) min d_c train","temporal Y_hat_(t,s) min d_c val","temporal Y_hat_(t,s) max d_c train","temporal Y_hat_(t,s) max d_c val","temporal Y_hat_(t,s) avg d_c train","temporal Y_hat_(t,s) avg d_c val","temporal Y_(t,s) rnd d_c train","temporal Y_(t,s) rnd d_c val","temporal Y_(t,s) min d_c train","temporal Y_(t,s) min d_c val","temporal Y_(t,s) max d_c train","temporal Y_(t,s) max d_c val","temporal Y_(t,s) avg d_c train","temporal Y_(t,s) avg d_c val"
t_iter_avg,32.4,32.4,132.3,132.3,148.4,148.4,148.4,148.4,156.3,156.3,252.3,252.3,268.5,268.5,271.0,271.0,274.6,274.6,308.9,308.9,317.5,317.5,340.4,340.4,334.1,334.1,333.6,333.6,333.6,333.6,320.5,320.5,273.2,273.2
budget_usage,1.0003035822707953,1.0003035822707953,1.0003035822707953,1.0003035822707953,1.0003035822707953,1.0003035822707953,1.0003035822707953,1.0003035822707953,1.0003035822707953,1.0003035822707953,1.0003035822707953,1.0003035822707953,1.0003035822707953,1.0003035822707953,1.0003035822707953,1.0003035822707953,1.0003035822707953,1.0003035822707953,1.0003035822707953,1.0003035822707953,1.0003035822707953,1.0003035822707953,1.0003035822707953,1.0003035822707953,1.0003035822707953,1.0003035822707953,1.0003035822707953,1.0003035822707953,1.0003035822707953,1.0003035822707953,1.0003035822707953,1.0003035822707953,1.0003035822707953,1.0003035822707953
sensor_usage,0,0,0.0,0.0,0.0,0.0,0.0,0.0,0.0,0.0,0.0,0.0,0.0,0.0,0.0,0.0,0.0,0.0,0.0,0.0,0.0,0.0,0.0,0.0,0.0,0.0,0.0,0.0,0.0,0.0,0.0,0.0,0.0,0.0
streamtime_usage,1.0,1.0,1.0,1.0,1.0,1.0,1.0,1.0,1.0,1.0,1.0,1.0,1.0,1.0,1.0,1.0,1.0,1.0,1.0,1.0,1.0,1.0,1.0,1.0,1.0,1.0,1.0,1.0,1.0,1.0,1.0,1.0,1.0,1.0
test_loss,0.7140636,0.7140636,0.5680358409881592,0.5680358409881592,0.47114357352256775,0.47114357352256775,0.4950016438961029,0.4950016438961029,0.5081859230995178,0.5081859230995178,0.331831157207489,0.331831157207489,0.22486428916454315,0.22486428916454315,0.2523076832294464,0.2523076832294464,0.3539844751358032,0.3539844751358032,0.08722137659788132,0.08722137659788132,0.08851116895675659,0.08851116895675659,0.08825899660587311,0.08825899660587311,0.0894642099738121,0.0894642099738121,0.07502584159374237,0.07502584159374237,0.08692048490047455,0.08692048490047455,0.09274573624134064,0.09274573624134064,0.07998795062303543,0.07998795062303543
RF_loss,1.6543393,1.6543393,1.65433931350708,1.65433931350708,1.65433931350708,1.65433931350708,1.65433931350708,1.65433931350708,1.65433931350708,1.65433931350708,1.65433931350708,1.65433931350708,1.65433931350708,1.65433931350708,1.65433931350708,1.65433931350708,1.65433931350708,1.65433931350708,1.65433931350708,1.65433931350708,1.65433931350708,1.65433931350708,1.65433931350708,1.65433931350708,1.65433931350708,1.65433931350708,1.65433931350708,1.65433931350708,1.65433931350708,1.65433931350708,1.65433931350708,1.65433931350708,1.65433931350708,1.65433931350708
cand_subsample_rate,,,1.0,1.0,1.0,1.0,1.0,1.0,1.0,1.0,1.0,1.0,1.0,1.0,1.0,1.0,1.0,1.0,1.0,1.0,1.0,1.0,1.0,1.0,1.0,1.0,1.0,1.0,1.0,1.0,1.0,1.0,1.0,1.0
points_percluster_rate,,,1.0,1.0,1.0,1.0,1.0,1.0,1.0,1.0,1.0,1.0,1.0,1.0,1.0,1.0,1.0,1.0,1.0,1.0,1.0,1.0,1.0,1.0,1.0,1.0,1.0,1.0,1.0,1.0,1.0,1.0,1.0,1.0
0,1.2643426656723022,1.0990976095199585,2.4767045974731445,1.1096125841140747,2.1817827224731445,1.0702961683273315,2.844043731689453,1.139846920967102,2.8853607177734375,1.1845245361328125,2.522444725036621,1.1650352478027344,2.177182912826538,1.0908645391464233,3.1526782512664795,1.0361301898956299,3.458115339279175,1.1101911067962646,3.2263309955596924,1.0605145692825317,3.4632270336151123,1.1608787775039673,4.162764549255371,1.0816388130187988,4.583186626434326,1.1194270849227905,6.640541076660156,1.1063470840454102,6.328525543212891,1.8253610134124756,6.844976425170898,1.6088436841964722,7.013306617736816,1.2482247352600098
1,0.8716008067131042,1.0550495386123657,1.6987957954406738,1.0554367303848267,1.474426507949829,1.097340703010559,2.0417563915252686,1.1306266784667969,2.0107622146606445,1.2392160892486572,1.5920538902282715,1.101651668548584,1.4671214818954468,1.0278879404067993,2.1100990772247314,1.0014556646347046,2.054096221923828,1.0656360387802124,2.2314679622650146,1.008649230003357,2.2601253986358643,1.0057588815689087,3.155653715133667,0.9914687871932983,2.689654588699341,1.2352690696716309,5.11375093460083,0.9777880907058716,5.394947052001953,1.1185388565063477,5.764698505401611,1.0994033813476562,5.484385967254639,1.0700119733810425
2,0.8030886054039001,1.0150127410888672,1.6349819898605347,1.0268996953964233,1.2913867235183716,1.0265158414840698,2.1290431022644043,1.1447237730026245,1.8935105800628662,1.1832751035690308,1.5681507587432861,1.0366029739379883,1.4697446823120117,1.0207775831222534,2.0097007751464844,1.0135422945022583,2.019540786743164,1.1001472473144531,2.1872050762176514,0.991511344909668,2.140221118927002,0.9969683885574341,2.876901865005493,1.022111177444458,2.760932445526123,1.0437766313552856,5.109541893005371,0.922019898891449,4.882204532623291,0.9906328916549683,5.3157639503479,1.1009002923965454,5.380025863647461,1.1033949851989746
3,0.782721757888794,0.9930396676063538,1.5309840440750122,1.0289480686187744,1.2907360792160034,1.0580824613571167,1.9066736698150635,1.1634684801101685,3.38710880279541,1.1363084316253662,1.3888815641403198,1.2507474422454834,1.3730038404464722,1.036325216293335,1.8975255489349365,1.0078736543655396,1.9163187742233276,1.0515995025634766,2.0919580459594727,0.9718355536460876,2.042144775390625,0.9952229261398315,2.8224918842315674,1.0107696056365967,2.4059863090515137,0.9723528027534485,4.491014003753662,0.9334443807601929,4.7167768478393555,0.9362137913703918,4.661911964416504,1.1665294170379639,5.113714218139648,1.0977729558944702
4,0.770368218421936,1.0816634893417358,1.5226585865020752,1.0259528160095215,1.209533929824829,1.019416093826294,1.9348533153533936,1.121755599975586,1.724993109703064,1.0466240644454956,1.3808202743530273,1.0553110837936401,1.5288748741149902,1.0342906713485718,1.8517097234725952,1.036068081855774,1.75849449634552,1.0260803699493408,1.963602066040039,0.9591650366783142,2.0726780891418457,1.239884376525879,2.5084266662597656,1.0458229780197144,2.412583351135254,1.011224627494812,4.261291980743408,1.0535407066345215,4.3723015785217285,1.3173773288726807,4.378392696380615,1.032933235168457,4.543184757232666,0.8971827626228333
5,0.7333813905715942,1.035955548286438,1.4906288385391235,1.050066590309143,1.1745978593826294,1.0164072513580322,1.8325421810150146,1.051965594291687,1.7509503364562988,1.0536142587661743,1.3379931449890137,1.0410741567611694,1.3203543424606323,1.0118731260299683,2.865854024887085,1.012687087059021,1.7069711685180664,0.9812667369842529,1.9077204465866089,0.9270222783088684,1.9747328758239746,0.9539418816566467,2.4638872146606445,1.0089324712753296,2.261915683746338,0.9464924335479736,4.001796245574951,0.7578000426292419,3.9453635215759277,0.9580166935920715,4.282693862915039,0.9383827447891235,4.067056655883789,0.8660075068473816
6,0.7094137668609619,0.9864997863769531,1.4971396923065186,1.0296506881713867,1.2421348094940186,1.0117429494857788,1.7662692070007324,1.1220871210098267,1.7017122507095337,1.1420345306396484,1.289245367050171,1.03157377243042,1.3069921731948853,1.0178433656692505,1.7885150909423828,1.0057270526885986,1.7198750972747803,1.035512089729309,1.8684648275375366,0.9385650157928467,1.9674603939056396,0.9687021374702454,2.37540340423584,0.8892836570739746,2.3774566650390625,0.9367572069168091,3.7193763256073,0.732875645160675,3.57089900970459,0.8403805494308472,4.046026229858398,0.840407133102417,3.887685537338257,0.8456265330314636
7,0.691539466381073,1.013464093208313,1.4597569704055786,1.034693956375122,1.1232502460479736,1.0313446521759033,1.7154120206832886,1.088243842124939,1.702097773551941,1.109407663345337,1.2827231884002686,1.0328798294067383,1.3244097232818604,1.0333566665649414,1.7014541625976562,2.072598695755005,1.6342369318008423,1.0108774900436401,1.7887768745422363,1.011858582496643,1.8487857580184937,0.9505518674850464,2.2260565757751465,0.8797008395195007,2.076814889907837,0.9601045846939087,3.4848034381866455,0.7128096222877502,3.326828718185425,0.7348046898841858,3.658461093902588,0.8243095874786377,3.5293538570404053,0.8851133584976196
8,0.6822627186775208,0.9953503012657166,1.5844504833221436,0.999237596988678,1.040648341178894,1.002827525138855,1.7714952230453491,1.0367043018341064,1.6160706281661987,1.7161446809768677,1.2658531665802002,1.0005868673324585,1.3129100799560547,1.0025464296340942,1.8057529926300049,0.9611890316009521,1.5396989583969116,0.9740654826164246,1.7197059392929077,0.9083627462387085,1.7946127653121948,0.9447930455207825,2.1461784839630127,0.8276435136795044,2.228489875793457,0.8719305396080017,3.2115135192871094,0.7147467732429504,3.1616389751434326,0.7467665672302246,3.4363932609558105,0.8191588521003723,3.2166430950164795,0.8036195039749146
9,0.6338660717010498,0.9910054206848145,1.3223495483398438,1.151436448097229,1.0220487117767334,1.1033496856689453,1.669846534729004,1.04209303855896,1.5745617151260376,1.0282831192016602,1.220875859260559,1.0187427997589111,1.2225382328033447,0.9824094176292419,1.6334148645401,0.9975721836090088,1.5280985832214355,1.014746904373169,1.6384074687957764,0.8681803941726685,1.7850428819656372,0.9352273344993591,2.01072096824646,0.8470461964607239,1.9429036378860474,0.8858622312545776,2.9396400451660156,0.6406104564666748,2.9487898349761963,0.7308404445648193,3.2432503700256348,0.9116876125335693,3.0558536052703857,0.826051652431488
10,0.6207762360572815,1.0341904163360596,1.3248525857925415,1.017872929573059,1.018674373626709,0.9913843274116516,1.5866646766662598,1.075217843055725,1.5173773765563965,1.0373938083648682,1.2028521299362183,1.0323466062545776,1.191328525543213,1.0254719257354736,1.6675798892974854,0.9647837281227112,1.5090653896331787,1.004229187965393,1.6099635362625122,0.852023720741272,1.66988205909729,0.9262998700141907,1.8929798603057861,0.790546715259552,1.9106554985046387,0.850773811340332,2.797307014465332,0.6461130976676941,2.8264951705932617,0.7152369022369385,3.052870035171509,0.7461243867874146,2.8353326320648193,0.7758373618125916
11,0.6006545424461365,1.023788332939148,1.2828960418701172,1.1173949241638184,0.9710323810577393,1.006110429763794,1.5428372621536255,1.0788170099258423,1.4079324007034302,1.065119743347168,1.1374030113220215,1.029775619506836,1.1228762865066528,0.9603399634361267,1.5912508964538574,0.9376198649406433,1.4142025709152222,0.9494529366493225,1.5063252449035645,0.8413909673690796,1.6399263143539429,0.8663823008537292,1.7900270223617554,0.7738267779350281,1.7991714477539062,0.8285424113273621,2.7323708534240723,0.662375271320343,2.693999767303467,0.6876220703125,2.9635536670684814,0.8036884069442749,2.693380117416382,0.8007314205169678
12,0.5945864319801331,1.0228694677352905,1.1721134185791016,0.9696250557899475,0.9184520840644836,0.9483745694160461,1.4808475971221924,0.9801163077354431,1.434343695640564,1.0561398267745972,1.1834585666656494,1.043270468711853,1.0523213148117065,0.9408562779426575,1.5250828266143799,0.9335220456123352,1.365978717803955,0.918311595916748,1.3929094076156616,0.8854489326477051,1.442495584487915,0.8679748773574829,1.6263811588287354,0.7589342594146729,1.6554431915283203,0.8072537183761597,2.5752248764038086,0.656435489654541,2.5687649250030518,0.6539645791053772,2.7263526916503906,0.7384114265441895,2.594649076461792,0.9405092597007751
13,0.5446315407752991,0.9824383854866028,1.107818603515625,0.965072512626648,0.8963152170181274,0.9795226454734802,1.3496721982955933,1.0180435180664062,1.1173899173736572,1.5371766090393066,1.1306235790252686,0.9850931167602539,1.054505705833435,0.8924259543418884,1.4293267726898193,0.931204080581665,1.26386296749115,0.9205693602561951,1.3095170259475708,0.7860031723976135,1.4725364446640015,0.8354049921035767,1.5782325267791748,0.7910324335098267,1.577170968055725,0.8854336142539978,2.416637659072876,0.6310339570045471,2.4213523864746094,0.7023017406463623,2.5924434661865234,0.8118652701377869,2.428163528442383,1.0356037616729736
14,0.5122734308242798,1.0172826051712036,1.0449520349502563,0.8963461518287659,0.8312556743621826,0.9543806910514832,1.1983975172042847,0.9589595794677734,1.0936907529830933,1.1476343870162964,1.0861597061157227,0.9772729873657227,0.9347003698348999,0.9946575164794922,1.2953764200210571,0.9609085321426392,1.2257206439971924,0.9011216163635254,1.2743257284164429,0.78776615858078,1.3597893714904785,0.8266612887382507,1.5248000621795654,0.7393467426300049,1.4609932899475098,0.799038827419281,2.3366711139678955,0.6560602784156799,2.3169593811035156,0.6633986830711365,2.4841299057006836,0.864255964756012,2.3777012825012207,0.7772645354270935
15,0.46645694971084595,0.9361398220062256,0.9965332746505737,0.9593797922134399,0.7901790738105774,0.960289716720581,1.0691372156143188,1.0027990341186523,1.074877142906189,1.0247629880905151,1.0490155220031738,1.0085821151733398,0.8605926036834717,0.899225115776062,1.236539363861084,0.9071801900863647,1.0885587930679321,0.8835289478302002,1.1982945203781128,0.7738349437713623,1.2114311456680298,0.8134939074516296,1.376136302947998,0.7312203645706177,1.434298038482666,0.7732846736907959,2.3391690254211426,0.6340453624725342,2.2327282428741455,0.7588857412338257,2.450632095336914,0.7092433571815491,2.3202097415924072,0.8635638356208801
16,0.4457648694515228,0.9563799500465393,0.9569675326347351,0.9093172550201416,0.7292323112487793,0.9176280498504639,1.001499891281128,0.9017257690429688,0.9985879063606262,1.0184175968170166,1.0107487440109253,0.9707522988319397,0.7767130136489868,0.9205948710441589,1.0793323516845703,0.9357967972755432,1.085075855255127,0.9238681197166443,1.0500439405441284,0.8073958158493042,1.2024075984954834,0.8127872943878174,1.2794252634048462,0.7572404742240906,1.325824499130249,0.779192328453064,2.138115406036377,0.6490402817726135,2.075840711593628,0.7038437724113464,2.37797212600708,0.8425571322441101,2.2275164127349854,0.8106318712234497
17,0.4309033155441284,0.988348662853241,0.9173550605773926,0.9625021815299988,0.6202696561813354,0.9664934873580933,0.8808436393737793,0.9457502961158752,0.8287496566772461,1.1075958013534546,1.0045334100723267,0.9769108295440674,0.7503566741943359,0.8560943007469177,1.0665310621261597,0.8294537663459778,1.0218031406402588,0.8922927379608154,1.0405715703964233,0.8005425333976746,1.0999401807785034,0.8654029369354248,1.2887794971466064,0.7749423980712891,1.2649165391921997,0.7673801183700562,2.0851850509643555,0.7247775793075562,2.0759756565093994,0.6737115383148193,2.2157797813415527,0.840761661529541,2.158649206161499,0.903862714767456
18,0.40470829606056213,1.0116907358169556,0.8869804739952087,0.9224368333816528,0.6171411871910095,0.975800633430481,0.8804631233215332,0.88874351978302,0.8465198278427124,1.011168122291565,0.9877947568893433,0.9926996827125549,0.7190266847610474,0.885101854801178,0.9206979274749756,0.8836590051651001,0.9721873998641968,0.8810108304023743,0.9265322685241699,0.8919037580490112,1.095038890838623,0.7612208127975464,1.1832133531570435,0.7371784448623657,1.1872332096099854,0.8295511603355408,2.053419828414917,0.655260443687439,2.006636619567871,0.6808192729949951,2.1532254219055176,0.7676081657409668,2.0448505878448486,0.8209900259971619
19,0.4029620885848999,0.9136689901351929,0.8023316860198975,1.0585410594940186,0.560927152633667,0.9361416697502136,0.7616261839866638,0.913908839225769,0.7701680064201355,1.1780306100845337,0.9186503887176514,0.9674261212348938,0.697528600692749,0.9037137627601624,0.9398452043533325,0.8276580572128296,0.9390902519226074,0.8596915006637573,0.9366427063941956,0.7528666257858276,1.030998945236206,0.771913468837738,1.1758471727371216,0.7604367733001709,1.125794529914856,0.7747446298599243,2.004664182662964,0.6270712018013,1.909616470336914,0.7458000183105469,2.07421612739563,0.7868861556053162,2.0388827323913574,0.9092931747436523
20,0.3581734597682953,0.9842590689659119,0.791417121887207,0.8808566331863403,0.5123330950737,0.9681720733642578,0.743107795715332,0.8367980718612671,0.7260006070137024,1.1966575384140015,0.8970912098884583,0.9616739153862,0.623541533946991,0.8433005213737488,0.8769532442092896,0.832228422164917,0.8781258463859558,0.8093083500862122,0.8829294443130493,0.7837691307067871,0.9768139719963074,0.7669956684112549,1.0980254411697388,0.7235425710678101,1.055105209350586,0.7417987585067749,1.9038597345352173,0.6162547469139099,1.917534589767456,0.6930632591247559,2.000552177429199,0.7959208488464355,1.9435358047485352,0.9815375804901123
21,0.3465527892112732,0.9193222522735596,0.7861865162849426,0.8932473063468933,0.48640087246894836,0.9110153913497925,0.6729562282562256,0.8782840967178345,0.6852914094924927,1.0229685306549072,0.8603413105010986,0.9320499897003174,0.6242604851722717,0.8821808695793152,0.8093908429145813,0.824976921081543,0.8417116403579712,0.8469204306602478,0.8356250524520874,0.8143829703330994,0.8729098439216614,0.8150684237480164,1.0629451274871826,0.743471622467041,1.0022703409194946,0.7333935499191284,1.8255937099456787,0.6075069904327393,1.7752056121826172,0.7171518206596375,2.009911060333252,0.8430334329605103,2.8174526691436768,0.7651103138923645
22,0.31607785820961,1.0124084949493408,0.7270370721817017,0.9491485357284546,0.471474289894104,0.9079554080963135,0.6462305784225464,0.8492679595947266,0.6206051707267761,1.2649459838867188,0.9030706882476807,0.9706721901893616,0.593568742275238,0.8977930545806885,0.8134309649467468,0.8460444211959839,0.7693774700164795,0.8582508563995361,0.8040852546691895,0.772127628326416,0.8988619446754456,0.7664272785186768,0.9819232821464539,0.7320185899734497,0.9491421580314636,0.8474957346916199,1.8022457361221313,0.6325649619102478,1.7551093101501465,0.6802543997764587,1.9220011234283447,0.824698805809021,2.501628875732422,0.6347671151161194
23,0.3009754419326782,0.9095234870910645,0.7517346143722534,1.0232551097869873,0.46138355135917664,0.9941704273223877,0.5630906224250793,1.0959666967391968,0.581926167011261,1.0895251035690308,0.8341411352157593,0.9069207906723022,0.5716865658760071,0.8721786737442017,0.7541751861572266,0.813595175743103,0.7354264855384827,0.8546673059463501,0.7506795525550842,0.7455815672874451,0.8290541768074036,0.7569022178649902,0.95224529504776,0.7261760234832764,0.9427989721298218,0.7334460616111755,1.7750754356384277,0.6109299063682556,2.5624873638153076,0.6037813425064087,1.805369257926941,0.9176998138427734,2.224069356918335,0.6926352381706238
24,0.31581422686576843,0.9563424587249756,0.6622018814086914,0.9486291408538818,0.4457027018070221,0.9496722221374512,0.5562930107116699,0.946150541305542,0.5090083479881287,1.1264526844024658,0.736120343208313,0.9142829179763794,0.5313084125518799,0.9060204029083252,0.7610294818878174,0.8042433261871338,0.7014818787574768,0.8509315252304077,0.7468163371086121,0.8083241581916809,0.7933489084243774,0.7656347155570984,0.8941593766212463,0.7538195252418518,0.85678631067276,0.71054607629776,1.6552850008010864,0.607792854309082,2.254502534866333,0.6222812533378601,1.8236979246139526,0.8578582406044006,2.130925416946411,0.6597506403923035
25,0.2968042194843292,0.9956377744674683,0.6069740056991577,0.913226842880249,0.4066877067089081,0.9738328456878662,0.554111123085022,0.8234929442405701,0.5523823499679565,1.1508862972259521,0.7572910785675049,0.9391093850135803,0.5099444389343262,0.8602504730224609,0.7092282772064209,0.8369829654693604,0.6716377139091492,0.8349269032478333,0.6770234107971191,0.8511846661567688,0.7372788190841675,0.7602195143699646,0.8591396808624268,0.7376381158828735,0.8794727921485901,0.7263235449790955,1.6378836631774902,0.6181892156600952,2.0529816150665283,0.6300002336502075,1.7319787740707397,0.8192051649093628,2.009599447250366,0.7401078343391418
26,0.26685306429862976,0.9793971180915833,0.617662250995636,0.8955712914466858,0.4218934178352356,0.9066368937492371,0.4991709589958191,0.8361404538154602,0.5123556852340698,1.3004810810089111,0.7591916918754578,0.8799669742584229,0.4722875654697418,0.903708279132843,0.6622876524925232,0.8318491578102112,0.6605708003044128,0.8652392625808716,0.6628397703170776,0.78907310962677,0.7236964702606201,0.7427838444709778,0.8505020141601562,0.7258262038230896,0.7944777011871338,0.7494091987609863,1.6060141324996948,0.6294758915901184,1.9177099466323853,0.6669989824295044,2.7166759967803955,0.8736001253128052,1.9434669017791748,0.68599534034729
27,0.25943076610565186,0.9239170551300049,0.6561543345451355,0.910963773727417,0.38841065764427185,0.9167473316192627,0.5272637605667114,0.8491922616958618,0.45611506700515747,1.145161509513855,0.6620981097221375,0.90461266040802,0.48362573981285095,0.8743897080421448,0.6283048987388611,0.8546308875083923,0.6298900842666626,0.8456205725669861,0.6513274312019348,0.7594420313835144,0.6932240724563599,0.7901460528373718,0.78727126121521,0.7107932567596436,0.7829738855361938,0.7449775338172913,1.5398027896881104,0.6273413896560669,1.8462564945220947,0.5911245346069336,2.337924003601074,0.7350366711616516,1.8581976890563965,0.667224109172821
28,0.24229612946510315,0.9155081510543823,0.5165444612503052,0.9959339499473572,0.3531437814235687,0.9989493489265442,0.49204444885253906,0.8637824058532715,0.4575037956237793,1.2183759212493896,0.6712538599967957,0.9026414155960083,0.44320058822631836,0.8980168700218201,0.6134922504425049,0.8245095610618591,0.5859667062759399,0.8615506887435913,0.5939114689826965,0.8007264733314514,0.6710485816001892,0.7539210915565491,0.7570555210113525,0.7210133671760559,0.741510272026062,0.7524118423461914,1.5136579275131226,0.6250005960464478,1.7655327320098877,0.5694430470466614,2.1833324432373047,0.843478262424469,1.8317286968231201,0.7901691198348999
29,0.24300020933151245,0.9581227898597717,0.5313100814819336,0.9270461797714233,0.3749362826347351,0.9091975092887878,0.46137717366218567,0.8973519206047058,1.601173758506775,0.9197593331336975,0.6057404279708862,0.8993377685546875,0.4402890205383301,0.8506306409835815,0.5657565593719482,0.8503654599189758,0.5851351022720337,0.8063318133354187,0.5824543833732605,0.7877234220504761,0.6231783628463745,0.7812520265579224,0.7174618244171143,0.7324479818344116,0.687978208065033,0.7423825263977051,1.4690513610839844,0.6259633898735046,1.67620050907135,0.586383044719696,2.0322787761688232,0.7263715267181396,1.7424160242080688,0.6766522526741028
30,0.7772402167320251,0.806063711643219,0.8146076798439026,0.8100985884666443,0.9944940805435181,0.831804096698761,1.6179484128952026,0.9151020050048828,1.0749064683914185,0.981961190700531,1.4138143062591553,0.7891682386398315,1.3961519002914429,0.722205400466919,1.5049705505371094,0.7085309624671936,1.1530804634094238,0.7421834468841553,3.256835460662842,0.6060172915458679,3.526179313659668,0.6120141744613647,3.443247079849243,0.606606662273407,3.4989676475524902,0.6197165846824646,2.750328779220581,0.5867301225662231,1.6057809591293335,0.5779562592506409,1.9378888607025146,0.6938929557800293,1.6798937320709229,0.7006776332855225
31,0.5946826338768005,0.7831031680107117,0.6683911681175232,0.8430547118186951,0.8157016634941101,0.7724116444587708,1.1881740093231201,0.7503699064254761,0.9187957048416138,1.0184935331344604,1.0362497568130493,0.7683858871459961,1.0162824392318726,0.6705411076545715,1.0619345903396606,0.6892753839492798,0.8754842877388,0.7128072381019592,2.5291879177093506,0.5797392129898071,2.710676908493042,0.6014566421508789,2.650651216506958,0.5713614225387573,2.7032864093780518,0.5697032809257507,2.2464542388916016,0.5375969409942627,1.5582956075668335,0.5875549912452698,1.8844331502914429,0.8280178904533386,1.5868765115737915,0.7108698487281799
32,0.5378168821334839,0.7964324951171875,0.5681421756744385,0.7898821830749512,0.735934317111969,0.7790938019752502,1.0921732187271118,0.7397902011871338,0.8807021379470825,0.9347254633903503,0.8770279288291931,0.7170138955116272,0.8785617351531982,0.6529948115348816,0.9569116830825806,0.6938123106956482,0.7545816898345947,0.7410406470298767,2.2791435718536377,0.5642939209938049,2.4632222652435303,0.5918341875076294,2.357930898666382,0.5757642984390259,2.4667928218841553,0.5543137788772583,2.0796830654144287,0.5640847682952881,1.4983447790145874,0.610745906829834,1.7462517023086548,0.7132862210273743,1.6027932167053223,0.7471686005592346
33,0.48780733346939087,0.7580323815345764,0.5041515827178955,0.8192928433418274,0.6525214314460754,0.8092957139015198,0.9210084080696106,0.7706930041313171,0.7953680753707886,0.909000039100647,0.7848665118217468,0.711961030960083,0.7576757073402405,0.7023212909698486,0.8538355827331543,0.6793547868728638,0.7108155488967896,0.6980310678482056,2.1077539920806885,0.5692704319953918,2.315626859664917,0.5706239342689514,2.1446163654327393,0.5784567594528198,2.2126870155334473,0.5642984509468079,1.9897135496139526,0.5882976055145264,1.4691423177719116,0.589206874370575,1.6878811120986938,0.7446508407592773,2.0635457038879395,0.7023683786392212
34,0.45574644207954407,0.7898732423782349,0.4556630849838257,0.7734369039535522,0.623477041721344,0.7901997566223145,0.8799117207527161,0.7829985618591309,0.701804518699646,0.8950284123420715,0.7172443866729736,0.713803231716156,0.6776129007339478,0.6866082549095154,0.7922512888908386,0.7002231478691101,0.5872255563735962,0.7242288589477539,1.9402949810028076,0.5878479480743408,2.1729187965393066,0.5640563368797302,2.01699161529541,0.5869938731193542,2.0569279193878174,0.5755584239959717,1.8537981510162354,0.5365123152732849,1.3979002237319946,0.5965100526809692,1.702056646347046,0.775469183921814,1.7674977779388428,0.592800498008728
35,0.4030989706516266,0.7998456954956055,0.4558098018169403,0.8110843896865845,0.5834842920303345,0.797174334526062,0.8102167844772339,0.7574639320373535,0.7471404075622559,0.8365557789802551,0.6514690518379211,0.7289872169494629,0.6169185638427734,0.719330906867981,0.7328945398330688,0.6801696419715881,0.5342730283737183,0.7398105263710022,1.8668886423110962,0.5701936483383179,2.058276891708374,0.5791260600090027,1.8859565258026123,0.5386939644813538,1.9459718465805054,0.5344953536987305,1.7708650827407837,0.5422806739807129,1.3522592782974243,0.5911113023757935,1.5724985599517822,0.802704393863678,1.6362942457199097,0.6723486185073853
36,0.3663599491119385,0.8065610527992249,0.3909766972064972,0.8161851167678833,0.5328689813613892,0.7975810170173645,0.8076453804969788,0.7263091802597046,0.6404619216918945,0.8370147943496704,0.6385031342506409,0.7178834080696106,0.5948687195777893,0.6955443024635315,0.639633059501648,0.7206978797912598,0.5040749907493591,0.7396373748779297,1.7792162895202637,0.5412113666534424,1.9393877983093262,0.5689823627471924,1.7988495826721191,0.5745183229446411,1.8381215333938599,0.5348383784294128,1.6938443183898926,0.555622398853302,1.3573431968688965,0.6152682900428772,1.50014328956604,0.7218597531318665,1.5468170642852783,0.6228790283203125
37,0.3539658784866333,0.8029099702835083,0.36801835894584656,0.8287029266357422,0.5028589963912964,0.8105805516242981,0.7178924679756165,0.8194656372070312,0.6723604202270508,0.8648031949996948,0.5780051350593567,0.7472467422485352,0.5392264127731323,0.6983113288879395,0.6290841698646545,0.6748492121696472,0.45194631814956665,0.7575000524520874,1.623199224472046,0.5543709397315979,1.8389508724212646,0.5480780601501465,1.6711071729660034,0.5404461026191711,1.7357081174850464,0.548029899597168,1.6017649173736572,0.5242147445678711,1.28274405002594,0.5762198567390442,1.4673421382904053,0.7806144952774048,1.4236377477645874,0.5686822533607483
38,0.3161882758140564,0.8069159984588623,0.3735610544681549,0.8150447010993958,0.4776984453201294,0.8032658696174622,0.7504810690879822,0.78509122133255,0.6282619833946228,0.8711568117141724,0.5308448076248169,0.7427474856376648,0.5067594647407532,0.7128363251686096,0.5776621699333191,0.7018957734107971,0.42736122012138367,0.7593966126441956,1.5930136442184448,0.551739513874054,1.7318629026412964,0.556696355342865,1.6149684190750122,0.5539355874061584,1.6525473594665527,0.5596080422401428,1.5587648153305054,0.5444385409355164,1.236487865447998,0.6081845760345459,1.4340335130691528,0.7535468339920044,1.4050582647323608,0.6226131916046143
39,0.2985694110393524,0.8087097406387329,0.3309905230998993,0.8269274830818176,0.46350976824760437,0.7957074046134949,0.6560549139976501,0.7615047097206116,0.6207253336906433,0.9039443731307983,0.5052061080932617,0.7326173782348633,0.4458070993423462,0.7438408732414246,0.537214994430542,0.7159180641174316,0.38031205534935,0.7675195336341858,1.4916365146636963,0.5448595881462097,1.6734646558761597,0.5696702003479004,1.4886610507965088,0.542047381401062,1.5735112428665161,0.5766439437866211,1.4633811712265015,0.5507500171661377,2.1554858684539795,0.5699755549430847,1.3743174076080322,0.8382971882820129,1.3327659368515015,0.5945817828178406
40,0.29330363869667053,0.8349822759628296,0.34520116448402405,0.8539376258850098,0.4190565049648285,0.8480542898178101,0.6929901838302612,0.8270443081855774,0.5463718771934509,0.8658307194709778,0.44958341121673584,0.766876757144928,0.4118691086769104,0.7023622989654541,0.49743571877479553,0.7168108224868774,0.37116503715515137,0.7348023056983948,1.3820585012435913,0.5634708404541016,1.5836944580078125,0.5793797373771667,1.3960412740707397,0.5408737063407898,1.4823788404464722,0.5532482266426086,1.4113633632659912,0.5366355776786804,1.8180519342422485,0.5260728597640991,1.3094428777694702,0.7813631892204285,1.2747787237167358,0.6227441430091858
41,0.2625853717327118,0.8211774230003357,0.3194652199745178,0.7965469360351562,0.4100591242313385,0.8684433698654175,0.6352549195289612,0.9088808298110962,0.5515163540840149,0.8725531101226807,0.44875797629356384,0.7580992579460144,0.40176069736480713,0.7474688291549683,0.47660529613494873,0.7234982252120972,0.37396982312202454,0.7566508054733276,1.3633933067321777,0.5650988221168518,1.5452706813812256,0.5643283724784851,1.3949244022369385,0.5411068797111511,1.416319727897644,0.5622186660766602,1.4353114366531372,0.5498984456062317,1.602679967880249,0.518208384513855,1.9568169116973877,0.6860612034797668,1.2528620958328247,0.5866972208023071
42,0.2476624697446823,0.8951942324638367,0.31173035502433777,0.869934618473053,1.0809576511383057,0.7366937398910522,0.620202362537384,0.7685145735740662,0.5624269843101501,0.8823965191841125,0.4079210162162781,0.7650374174118042,0.379205584526062,0.7427590489387512,0.4754219949245453,0.722072422504425,0.32729652523994446,0.7672851085662842,1.2665126323699951,0.5679409503936768,1.4401946067810059,0.5642073750495911,1.3186583518981934,0.5443763136863708,1.3551639318466187,0.5796529054641724,1.333250641822815,0.5987732410430908,1.495985507965088,0.5993353724479675,1.6111820936203003,0.746380090713501,1.1651172637939453,0.6042707562446594
43,0.2319130301475525,0.8853222727775574,0.270244836807251,0.8398571014404297,0.840551495552063,0.7204463481903076,0.5625168681144714,0.8713985085487366,0.5352006554603577,0.9500604867935181,0.3841843008995056,0.7470942735671997,1.2957541942596436,0.6243007779121399,0.42801856994628906,0.7904912829399109,0.31747713685035706,0.7579749226570129,1.2214996814727783,0.5516240000724792,1.3814406394958496,0.5850098729133606,1.2242951393127441,0.5774744749069214,1.3075687885284424,0.557348370552063,1.3070591688156128,0.5487919449806213,1.3938640356063843,0.5539249777793884,1.4883335828781128,0.673568606376648,1.16242253780365,0.6046730875968933
44,0.8627199530601501,0.739971399307251,0.28908416628837585,0.8529855608940125,0.7634333968162537,0.7152578234672546,0.6078168153762817,0.8256598114967346,0.4789804220199585,0.9194276332855225,1.2831284999847412,0.6830635666847229,1.036461353302002,0.6253852248191833,0.38517987728118896,0.7085139751434326,1.2306804656982422,0.6417862772941589,1.1682928800582886,0.5415550470352173,1.3645086288452148,0.5461950302124023,1.1845759153366089,0.545356273651123,1.2287445068359375,0.5813924670219421,1.2602368593215942,0.6024349331855774,1.3234260082244873,0.5146501660346985,1.3779892921447754,0.6411065459251404,1.0843381881713867,0.6714906692504883
45,0.6461392641067505,0.7062476277351379,0.8264065384864807,0.7255354523658752,0.7244859933853149,0.7109875082969666,0.5311635732650757,0.7760851979255676,0.5017134547233582,0.9317772388458252,0.944341778755188,0.6739917993545532,0.8808073401451111,0.6315751075744629,0.4092668294906616,0.7291885614395142,0.9094008207321167,0.6330404877662659,1.1270172595977783,0.5663669109344482,1.3146429061889648,0.5663895010948181,1.1934609413146973,0.5431590676307678,1.1899387836456299,0.5582935214042664,1.1953222751617432,0.5649164319038391,1.2926840782165527,0.544939398765564,1.2941255569458008,0.671738862991333,1.0436161756515503,0.6118926405906677
46,0.5756385326385498,0.7314497828483582,0.5879990458488464,0.7323427200317383,0.6471388936042786,0.7254890203475952,0.5721617937088013,0.7573347687721252,1.3865293264389038,0.8112611174583435,0.8181870579719543,0.6471323370933533,0.8212177157402039,0.650239109992981,0.3588162958621979,0.7107505202293396,0.8108044266700745,0.6268128752708435,1.0777332782745361,0.5729589462280273,1.2519563436508179,0.5798211693763733,2.4921607971191406,0.5255438685417175,2.6037356853485107,0.5454791188240051,1.2166364192962646,0.5274447798728943,1.1896967887878418,0.542588472366333,1.2376117706298828,0.6785176992416382,1.0484646558761597,0.614465057849884
47,0.4936421513557434,0.7152270078659058,0.5091733932495117,0.7367695569992065,0.598989725112915,0.7530742883682251,1.2501379251480103,0.6779430508613586,0.9658104777336121,0.7026079297065735,0.7406956553459167,0.6670179963111877,0.6894308924674988,0.6513950228691101,0.3201392590999603,0.7612561583518982,0.7072873711585999,0.6457867622375488,2.486753463745117,0.525921642780304,1.1917710304260254,0.6054826378822327,1.958667278289795,0.5107164978981018,2.0951778888702393,0.49934688210487366,1.0983060598373413,0.5713940262794495,1.160142421722412,0.5929306149482727,1.1464461088180542,0.7246242761611938,0.9807271361351013,0.6232662200927734
48,0.47327056527137756,0.7125535607337952,0.4630827009677887,0.7469053864479065,0.5888964533805847,0.7390336394309998,0.9750921726226807,0.686811625957489,0.9028576016426086,0.674351692199707,0.6524396538734436,0.6731433272361755,0.6398138999938965,0.660402774810791,1.4373148679733276,0.6591477394104004,0.6391396522521973,0.6602709293365479,1.976958990097046,0.518833339214325,1.1635653972625732,0.5812388062477112,1.770373821258545,0.49406203627586365,1.8580608367919922,0.49010246992111206,2.1305153369903564,0.5283470153808594,1.1229965686798096,0.551582396030426,1.1271283626556396,0.7417418360710144,1.1652922630310059,0.5612715482711792
49,0.4139600098133087,0.7246777415275574,0.4330970346927643,0.7586197257041931,0.5577558875083923,0.7205503582954407,0.8517839312553406,0.663925290107727,0.798912525177002,0.7035139799118042,0.6134437322616577,0.6952360272407532,0.6423380970954895,0.6726662516593933,1.0761220455169678,0.6443436741828918,0.6024370193481445,0.6470126509666443,1.805681586265564,0.48681139945983887,1.1075928211212158,0.5834186673164368,1.6137183904647827,0.4854927361011505,1.6852141618728638,0.501269519329071,1.7124873399734497,0.5099442601203918,1.0393214225769043,0.5728961825370789,1.0523403882980347,0.6714370846748352,0.9426591396331787,0.5915617942810059
50,0.4074307084083557,0.749565064907074,0.39264121651649475,0.7682638764381409,0.5023660659790039,0.732663631439209,0.7971378564834595,0.7173418402671814,0.7485285401344299,0.670986533164978,0.5560904741287231,0.6919776201248169,0.5742905139923096,0.6561562418937683,0.9301129579544067,0.6150538921356201,0.5446906089782715,0.649976372718811,1.6306241750717163,0.5089837908744812,1.0894392728805542,0.5896815061569214,1.5038514137268066,0.48816239833831787,1.6030001640319824,0.4861200749874115,1.5070899724960327,0.4989277720451355,1.0670032501220703,0.557914674282074,1.0210200548171997,0.8111308813095093,0.8444529175758362,0.6292731165885925
51,0.3790290355682373,0.7321789264678955,0.36541932821273804,0.7748129963874817,0.49227896332740784,0.7493771910667419,0.7449091672897339,0.6746965646743774,0.7008454203605652,0.7061631083488464,0.535599410533905,0.6912619471549988,0.4989016056060791,0.649620532989502,0.8258059620857239,0.6331405639648438,0.49384135007858276,0.6852138042449951,1.5439687967300415,0.48094549775123596,1.0144827365875244,0.5811312198638916,1.4227105379104614,0.4902518093585968,1.437803030014038,0.48290881514549255,1.4066754579544067,0.5036211609840393,0.9554610848426819,0.5386502742767334,0.9626639485359192,0.7279945015907288,0.8105823993682861,0.5538920760154724
52,0.35271894931793213,0.7440102696418762,0.3469890356063843,0.7660672068595886,0.47038906812667847,0.7610124945640564,0.7144215106964111,0.6904009580612183,0.6841800212860107,0.7043997049331665,0.46435996890068054,0.6801708340644836,0.4997659921646118,0.6563222408294678,0.7284055948257446,0.639155387878418,0.48141372203826904,0.6752923727035522,1.4478706121444702,0.4773397445678711,0.9698877930641174,0.5998087525367737,1.2995704412460327,0.4957715570926666,1.418028712272644,0.48039811849594116,1.30426824092865,0.4955909252166748,0.9294813275337219,0.5586299896240234,0.9423792958259583,0.7395378947257996,0.7429991960525513,0.5562465190887451
53,0.3198351562023163,0.7558811902999878,0.32710379362106323,0.7994573712348938,0.45081353187561035,0.7471783757209778,0.6656805872917175,0.6901015043258667,0.6549158096313477,0.6790770292282104,0.4319614768028259,0.6814630031585693,0.4562670886516571,0.667995274066925,0.6943822503089905,0.6424316763877869,0.4307146668434143,0.6959901452064514,1.3643684387207031,0.48826444149017334,0.9689124226570129,0.6135970950126648,1.2707360982894897,0.48191776871681213,1.3515310287475586,0.4761962592601776,1.2564289569854736,0.4694027304649353,0.8939868807792664,0.565175473690033,0.9061933159828186,0.9146754741668701,0.7106199264526367,0.5849770903587341
54,0.306313157081604,0.7439690828323364,0.3159962296485901,0.7832924723625183,0.41815078258514404,0.7660303711891174,0.6401811242103577,0.7525132894515991,0.6027006506919861,0.7145214676856995,0.42422908544540405,0.6980342864990234,1.3042545318603516,0.5981630682945251,0.6417255997657776,0.6480305194854736,0.3957959711551666,0.6965605020523071,1.2753227949142456,0.4953344464302063,0.9043660163879395,0.6003426313400269,1.170549750328064,0.5094128251075745,1.2576149702072144,0.509242594242096,1.1954599618911743,0.5188567638397217,0.8687216639518738,0.5654320120811462,0.8634586930274963,0.7542611956596375,0.6638388633728027,0.5567003488540649
55,0.2817116975784302,0.7825225591659546,0.29039302468299866,0.7783340215682983,0.4177266061306,0.7657594084739685,0.6513552069664001,0.6908076405525208,0.5608078837394714,0.6828998327255249,0.42155060172080994,0.7313165068626404,1.0192780494689941,0.6037247180938721,0.581592857837677,0.6571483016014099,0.37854599952697754,0.6917887926101685,1.2466351985931396,0.4780409634113312,2.543307304382324,0.5261351466178894,1.1424354314804077,0.5051280856132507,1.2075058221817017,0.5080577731132507,1.1089123487472534,0.5102916955947876,1.3602304458618164,0.5704044699668884,1.1974396705627441,0.6967775821685791,0.6615037322044373,0.5687212347984314
56,0.7123734354972839,0.7166687250137329,0.9434453248977661,0.6830212473869324,1.1137491464614868,0.6836674213409424,0.5730019211769104,0.7325423359870911,0.5453962087631226,0.694034993648529,0.35917234420776367,0.7380943894386292,0.8792476058006287,0.5885181427001953,0.5511755347251892,0.6551884412765503,0.37036633491516113,0.7100720405578613,1.1792583465576172,0.4904361367225647,1.969543218612671,0.5240188837051392,1.064707636833191,0.5139997601509094,1.1593044996261597,0.48670706152915955,1.0607274770736694,0.5016274452209473,1.0756430625915527,0.5264387726783752,0.9628755450248718,0.6355409622192383,0.6183926463127136,0.5759999752044678
57,0.5389280915260315,0.711996853351593,0.6936101913452148,0.7041009664535522,0.8035088777542114,0.6584798097610474,0.5898715853691101,0.715688169002533,0.5297970771789551,0.7162230014801025,1.2085988521575928,0.6576417684555054,0.7768452167510986,0.577436089515686,0.513676106929779,0.6556820869445801,1.0785303115844727,0.6237452030181885,1.1088303327560425,0.5023289322853088,1.7506282329559326,0.512792706489563,1.0080418586730957,0.5059505105018616,1.082760214805603,0.4943442642688751,1.0268654823303223,0.49072399735450745,0.9610418677330017,0.4973883330821991,0.8735778331756592,0.7259162068367004,0.5796268582344055,0.5607377886772156
58,0.44627299904823303,0.7237168550491333,0.5842877626419067,0.6909015774726868,0.7170699834823608,0.6670817136764526,0.542555034160614,0.7073494791984558,0.5187864303588867,0.7220737338066101,0.88914555311203,0.6114373207092285,0.6787903308868408,0.5878567099571228,0.49288395047187805,0.6600843071937561,0.8246915936470032,0.6157790422439575,1.0697153806686401,0.49222853779792786,1.6363193988800049,0.5018881559371948,0.971109926700592,0.5208810567855835,1.0585602521896362,0.48691585659980774,1.0115141868591309,0.5113950967788696,0.8741969466209412,0.5185173749923706,0.8065968155860901,0.6707216501235962,0.5876469612121582,0.656056821346283
59,0.42047327756881714,0.6744577288627625,0.5076258182525635,0.7051883339881897,0.6165273189544678,0.6940489411354065,0.5456581711769104,0.7494108080863953,0.5015188455581665,0.7297568917274475,0.757601797580719,0.6078718304634094,0.6826993823051453,0.5976220369338989,0.45427951216697693,0.6689252853393555,0.7318341135978699,0.5996910929679871,1.0190753936767578,0.500857949256897,1.490559458732605,0.4966169595718384,0.9240123629570007,0.5145595073699951,1.0149414539337158,0.4889243543148041,0.9190027117729187,0.5016940236091614,0.8162344694137573,0.540765643119812,0.7492638826370239,0.6503127813339233,0.5731796622276306,0.5813601016998291
60,0.37468719482421875,0.7964009642601013,0.4587963819503784,0.7171412706375122,0.5923923850059509,0.7078748941421509,0.7448183298110962,0.6674962043762207,0.4722001552581787,0.7369056940078735,0.6711646318435669,0.6550447344779968,0.6105446815490723,0.5914412140846252,0.40838348865509033,0.6771098375320435,0.6309639811515808,0.6211661100387573,0.9662906527519226,0.5067952871322632,1.406348466873169,0.5021082758903503,0.8708232641220093,0.5130465626716614,0.974532961845398,0.4910604953765869,0.9278063774108887,0.5053402185440063,0.7759919166564941,0.5494247674942017,0.7192875742912292,0.6817790269851685,0.5287279486656189,0.5805982947349548
61,0.3507344424724579,0.6969242095947266,0.4570234715938568,0.7463129758834839,0.5533924698829651,0.6894358396530151,0.5936108827590942,0.6600845456123352,0.9168704152107239,0.6253835558891296,0.6142282485961914,0.6114151477813721,0.5880300402641296,0.6110254526138306,1.3005470037460327,0.61058109998703,0.5793963670730591,0.6119270324707031,0.9288212060928345,0.5122502446174622,1.3217507600784302,0.4956134855747223,0.8879781365394592,0.5072091817855835,0.9121682643890381,0.49252408742904663,0.8784735202789307,0.5209304690361023,0.7280749082565308,0.5600189566612244,0.6705111265182495,0.6777763962745667,0.49398794770240784,0.6085190176963806
62,0.32321897149086,0.756766140460968,0.44256311655044556,0.6913173794746399,0.5009957551956177,0.7316770553588867,0.5176581144332886,0.6473249197006226,0.6768354773521423,0.6422039866447449,0.5515220761299133,0.6643648743629456,0.5267305970191956,0.5919380187988281,0.939966082572937,0.5773325562477112,0.5299552083015442,0.6214563846588135,0.9146339893341064,0.5180144309997559,1.2434134483337402,0.48896536231040955,0.7850648760795593,0.5289379358291626,0.9040820598602295,0.5015134215354919,0.8239128589630127,0.5439398288726807,0.6766679883003235,0.5621236562728882,0.6618656516075134,0.7193741202354431,0.6828184127807617,0.5823683142662048
63,0.3079081177711487,0.6970874667167664,0.3836889863014221,0.7414817810058594,0.48294126987457275,0.6993459463119507,0.48406898975372314,0.6763947010040283,0.642086386680603,0.6399819254875183,0.5299205183982849,0.6489090323448181,0.49671876430511475,0.6312951445579529,0.8179401159286499,0.592231273651123,0.47389522194862366,0.6320895552635193,1.6952896118164062,0.4940193295478821,1.1816589832305908,0.5081373453140259,0.7777872681617737,0.5386759042739868,0.8546475768089294,0.5078954696655273,0.8169293403625488,0.5375436544418335,0.6595059037208557,0.544176459312439,0.6130535006523132,0.7195687294006348,0.5431349873542786,0.6111598014831543
64,0.2913472354412079,0.7205079197883606,0.35426846146583557,0.7210219502449036,0.4509895145893097,0.7614256143569946,0.4520586133003235,0.6897566914558411,0.5791391134262085,0.6232980489730835,0.48264777660369873,0.6688571572303772,0.47955137491226196,0.6188879609107971,0.7308704853057861,0.6058074235916138,0.4485830068588257,0.6453580260276794,1.3505052328109741,0.47490063309669495,1.1185070276260376,0.5007403492927551,1.6308770179748535,0.4922236502170563,1.654947280883789,0.49227818846702576,1.207170009613037,0.4942065477371216,0.6445242166519165,0.5378983616828918,0.5872473120689392,0.6867932677268982,0.5051642656326294,0.5788639187812805
65,0.25556981563568115,0.7678961753845215,0.3728351891040802,0.727371335029602,0.4313281774520874,0.7102022767066956,0.40090039372444153,0.7348882555961609,0.5137538909912109,0.6211521029472351,0.4350525438785553,0.6537793278694153,0.4413253962993622,0.621148407459259,0.6638097763061523,0.5865585207939148,0.4187660217285156,0.652737557888031,1.1837185621261597,0.501408576965332,1.061215877532959,0.5089197158813477,1.3213452100753784,0.46761614084243774,1.3165628910064697,0.4654514193534851,0.9878177046775818,0.47606921195983887,0.6014108061790466,0.5821852684020996,0.5777537822723389,0.6979893445968628,0.4639170467853546,0.6289514303207397
66,0.2575409710407257,0.7455958127975464,0.3163718283176422,0.769967257976532,0.3869630694389343,0.7174057364463806,0.4138571619987488,0.7271698117256165,0.4622352421283722,0.6270950436592102,0.39634349942207336,0.6695994734764099,0.4189060926437378,0.6502491235733032,0.6015560030937195,0.6065080761909485,0.3904194235801697,0.683874249458313,1.1041505336761475,0.4992436170578003,1.004567265510559,0.5092945694923401,1.178432822227478,0.48807811737060547,1.1814866065979004,0.4776122570037842,0.8732726573944092,0.5030403137207031,0.5808780193328857,0.5714017748832703,0.5596070885658264,0.7612723112106323,0.4321039319038391,0.5648842453956604
67,0.2356816679239273,0.7795705199241638,1.134777545928955,0.6429787278175354,0.3771730363368988,0.7458532452583313,0.37357187271118164,0.7446510791778564,0.4581802785396576,0.6392607688903809,0.3962177038192749,0.6762853860855103,0.39556801319122314,0.6279758810997009,0.5625244975090027,0.5899863839149475,0.36313050985336304,0.6673994660377502,1.0460009574890137,0.4777989685535431,0.9793425798416138,0.5202458500862122,1.0707489252090454,0.48968780040740967,1.079951286315918,0.49015721678733826,0.8167145848274231,0.5062877535820007,0.5554558634757996,0.5741298794746399,0.6675352454185486,0.6382096409797668,0.4339866042137146,0.5900053977966309
68,0.2114207148551941,0.7521677017211914,0.8489758372306824,0.6201236844062805,1.1918017864227295,0.6347041726112366,0.3453983962535858,0.7611308097839355,0.406588077545166,0.6058667898178101,0.37622442841529846,0.679696261882782,1.3036378622055054,0.6263603568077087,0.5169681906700134,0.6169251799583435,0.3307778835296631,0.6885108947753906,0.9421894550323486,0.4910358786582947,0.9329655170440674,0.5153428912162781,1.023193597793579,0.49124616384506226,1.0188130140304565,0.4793631434440613,0.7653220891952515,0.48806989192962646,0.6104593276977539,0.5507819056510925,0.5466347932815552,0.6493085026741028,0.4011368155479431,0.587863564491272
69,0.21029755473136902,0.7442137002944946,0.7438199520111084,0.6376804113388062,0.8900323510169983,0.6466256380081177,0.34459906816482544,0.7050548195838928,0.44364356994628906,0.6205589771270752,0.34423601627349854,0.6692602038383484,1.0367387533187866,0.5786710977554321,0.46718332171440125,0.622284471988678,0.33132219314575195,0.680974006652832,0.9058676958084106,0.49498221278190613,0.8851268887519836,0.5063965916633606,0.9451732039451599,0.4941768944263458,0.9505258798599243,0.4891032576560974,0.7418452501296997,0.4825352430343628,0.4937498867511749,0.5687868595123291,0.5334767699241638,0.6838315725326538,0.38363006711006165,0.5971851944923401
70,0.782058835029602,0.6824313402175903,0.660476803779602,0.6590748429298401,0.76596599817276,0.6257185339927673,0.31941303610801697,0.7109516859054565,0.3596358895301819,0.6470468044281006,1.2703694105148315,0.6160771250724792,0.8823360204696655,0.5553239583969116,0.45039665699005127,0.624398410320282,1.2484183311462402,0.5961133241653442,0.8552045226097107,0.4834647476673126,0.8440200090408325,0.5144952535629272,0.8645429611206055,0.49434056878089905,0.8873627185821533,0.5069338083267212,0.6800626516342163,0.4989341199398041,0.4511643350124359,0.5358143448829651,0.4756166338920593,0.6385843753814697,0.37272465229034424,0.6232643127441406
71,0.5641148686408997,0.6312307119369507,0.6203782558441162,0.6306562423706055,0.6943415403366089,0.6288337707519531,0.3041156530380249,0.7023367285728455,0.33961614966392517,0.653653085231781,0.8984946012496948,0.5908992290496826,0.7794297933578491,0.5785439014434814,0.42241472005844116,0.6230940222740173,0.93569415807724,0.5773449540138245,0.8181257247924805,0.49059173464775085,0.8115748763084412,0.5713037252426147,0.817962646484375,0.5135590434074402,0.8454149961471558,0.49869927763938904,0.6402598023414612,0.49332600831985474,0.4182303249835968,0.5571323037147522,0.45732396841049194,0.6492055654525757,0.3536893129348755,0.5932057499885559
72,0.500392496585846,0.6607164740562439,0.5576801300048828,0.6173822283744812,0.6309669613838196,0.6442632079124451,0.2953002154827118,0.7411723732948303,0.3514394760131836,0.6591116189956665,0.780388355255127,0.6130950450897217,0.7200691103935242,0.5710105895996094,0.38640791177749634,0.6346680521965027,0.78089839220047,0.5953195095062256,0.7606586813926697,0.5034310817718506,0.7847543954849243,0.5255429148674011,0.7870227694511414,0.4834619462490082,0.8266206979751587,0.4854511618614197,0.6231748461723328,0.5172771215438843,0.4029451608657837,0.5744770765304565,0.4366077184677124,0.7309012413024902,0.3450261354446411,0.6001173257827759
73,0.4586915671825409,0.7147507667541504,0.5449265837669373,0.6537387371063232,0.5894267559051514,0.6553043127059937,0.4507155120372772,0.6408188343048096,0.3401189148426056,0.6538480520248413,0.6803147196769714,0.6097573637962341,0.6609055995941162,0.5808491110801697,1.174448013305664,0.5930097699165344,0.7146747708320618,0.5978963375091553,0.7531957030296326,0.49357157945632935,1.7760201692581177,0.5174212455749512,0.7352136373519897,0.509381890296936,0.7626987099647522,0.50303053855896,0.5847029089927673,0.5111042261123657,0.37842100858688354,0.5844160914421082,0.3978078067302704,0.646720826625824,0.32841551303863525,0.6165646314620972
74,0.41371792554855347,0.6630203127861023,0.49809959530830383,0.6679822206497192,0.5524048805236816,0.6535153388977051,0.37221235036849976,0.6794661283493042,0.30312395095825195,0.6795784831047058,0.613446056842804,0.6537285447120667,0.6236352920532227,0.562796413898468,0.9016692042350769,0.5800797939300537,0.6242549419403076,0.6091597676277161,0.6842513084411621,0.5407834053039551,1.4382411241531372,0.4918261170387268,0.6965629458427429,0.5065678358078003,0.7377404570579529,0.4951115846633911,0.5721424221992493,0.523370623588562,0.36394450068473816,0.5737236738204956,0.3807142674922943,0.6596096158027649,0.31789430975914,0.6094166040420532
75,0.3918900489807129,0.6700271964073181,0.4661869406700134,0.6597000360488892,0.5176422595977783,0.6760845184326172,0.32853808999061584,0.6288999915122986,0.2964222729206085,0.6445759534835815,0.561102032661438,0.6232839822769165,0.547279417514801,0.5935227870941162,0.790475070476532,0.5554611086845398,0.5866228342056274,0.5942355394363403,1.1166027784347534,0.5243842601776123,1.275543451309204,0.49081340432167053,0.6580303907394409,0.515932559967041,0.6839722990989685,0.5179852247238159,0.560343861579895,0.5264764428138733,0.3393310606479645,0.5727252960205078,0.3727690577507019,0.6659651398658752,0.30449625849723816,0.6355990767478943
76,0.3556358516216278,0.6939104795455933,0.4316209554672241,0.6795052886009216,0.48844480514526367,0.6717163920402527,0.30545327067375183,0.6811030507087708,0.26825854182243347,0.6793144941329956,0.5328250527381897,0.6483860611915588,0.5544484853744507,0.583973228931427,0.7063114047050476,0.5579623579978943,0.5734368562698364,0.6199102401733398,0.9116289019584656,0.4962814450263977,1.1461176872253418,0.47784700989723206,1.0403485298156738,0.5022862553596497,0.9368783831596375,0.5076634883880615,0.6235899329185486,0.5059366822242737,0.3293059170246124,0.5916264653205872,0.3635024428367615,0.6741719245910645,0.2916065454483032,0.6305485367774963
77,0.32825878262519836,0.6972792744636536,0.4345839023590088,0.6719896793365479,0.45233601331710815,0.6497611403465271,0.2849726676940918,0.6827923059463501,0.27307021617889404,0.6801639795303345,0.4814663529396057,0.6385161876678467,0.5126469731330872,0.603662371635437,0.6285941004753113,0.558290958404541,0.4919242262840271,0.6089179515838623,0.8240084052085876,0.5039395689964294,1.0909550189971924,0.47400301694869995,0.8809122443199158,0.5211296677589417,0.8059086799621582,0.4884202182292938,0.5103667378425598,0.5213956236839294,0.31726112961769104,0.5740193128585815,0.3433857560157776,0.6645848155021667,0.3617190718650818,0.6425842046737671
78,0.3169924020767212,0.6893283128738403,0.4165565073490143,0.6713327169418335,0.4352002441883087,0.7192332148551941,0.2591390311717987,0.6743391156196594,0.27285662293434143,0.6925482749938965,0.43282485008239746,0.6511628031730652,0.47116634249687195,0.6078314781188965,0.5913913249969482,0.5788273811340332,0.4525727927684784,0.6315444111824036,0.765766978263855,0.4977620840072632,1.0040128231048584,0.4779837429523468,0.7849376201629639,0.526468813419342,0.7333364486694336,0.5033578872680664,0.47500118613243103,0.5475996136665344,0.30568116903305054,0.599215030670166,0.3880463242530823,0.6405527591705322,0.2877845764160156,0.6719815731048584
79,0.30828920006752014,0.6914792060852051,0.40409669280052185,0.688884973526001,0.401889443397522,0.6650241613388062,0.24162383377552032,0.70177161693573,0.5706962943077087,0.6429381966590881,0.4069519639015198,0.6840402483940125,0.4691586494445801,0.5993283987045288,0.5374205112457275,0.579884946346283,0.4438616931438446,0.6487691402435303,0.7101083993911743,0.5216692686080933,0.9274903535842896,0.49021053314208984,0.7434482574462891,0.49768733978271484,0.6825562715530396,0.5142658948898315,0.4439980983734131,0.5242567658424377,0.2875460684299469,0.6094794273376465,0.32107895612716675,0.6515620946884155,0.27241379022598267,0.6779110431671143
80,0.28240489959716797,0.7073580622673035,0.34666240215301514,0.76297926902771,0.3864053189754486,0.6871962547302246,0.24527549743652344,0.7003522515296936,0.427070289850235,0.6452205777168274,0.3966577649116516,0.6386653780937195,0.42783477902412415,0.6074562668800354,0.4987874925136566,0.6213600039482117,0.4074784219264984,0.6319701671600342,0.6718268990516663,0.5205304026603699,0.8785116672515869,0.5038623213768005,0.6838382482528687,0.5020769834518433,0.6443917751312256,0.5247583389282227,0.41070398688316345,0.5501190423965454,0.2766408920288086,0.6233729720115662,0.2898324728012085,0.7034322023391724,0.2537153363227844,0.6607660055160522
81,0.27639442682266235,0.7117695808410645,0.3563498258590698,0.6933420896530151,1.0088441371917725,0.6219508647918701,0.21591347455978394,0.7186721563339233,0.37186944484710693,0.6440626382827759,0.35519689321517944,0.6765027046203613,1.3029718399047852,0.5368067026138306,0.45096373558044434,0.6009437441825867,0.37674641609191895,0.6383652687072754,0.6271282434463501,0.5195146203041077,0.8400140404701233,0.4915275275707245,0.6446348428726196,0.5171220302581787,0.607423722743988,0.5254839062690735,0.39737802743911743,0.5633226037025452,0.33709290623664856,0.6958351731300354,0.27894705533981323,0.675505518913269,0.23971502482891083,0.7019470930099487
82,0.6872990131378174,0.6928793787956238,0.3413258194923401,0.7145728468894958,0.738325834274292,0.6342780590057373,0.20293158292770386,0.7374656796455383,0.3283197283744812,0.6736162900924683,1.0903156995773315,0.6123030185699463,0.9470455646514893,0.5465164184570312,0.44477352499961853,0.6083528399467468,0.9798240661621094,0.590608537197113,0.6062609553337097,0.5420127511024475,0.7720995545387268,0.5102800726890564,0.6231757998466492,0.5207611918449402,0.576716423034668,0.530186653137207,0.3683990240097046,0.556642472743988,0.29223671555519104,0.708035409450531,0.25314390659332275,0.6735377907752991,0.2265051156282425,0.6718621850013733
83,0.5192254781723022,0.6300241351127625,1.04976487159729,0.6261091828346252,0.6459069848060608,0.6018548607826233,0.19853894412517548,0.7396059036254883,0.29918810725212097,0.6789823174476624,0.8112242817878723,0.5842847228050232,0.8418555855751038,0.5301569700241089,0.4042653441429138,0.6210303902626038,0.7684201598167419,0.5810807347297668,0.577855110168457,0.5213479995727539,0.7450793385505676,0.49794837832450867,0.5805467963218689,0.5347844958305359,0.5426768064498901,0.5280612111091614,0.36764001846313477,0.5567184686660767,0.2717036306858063,0.7293993830680847,0.25065699219703674,0.6848077774047852,0.2112845480442047,0.6943843364715576
84,0.47326385974884033,0.6795796751976013,0.7820317149162292,0.6261593103408813,0.5553182363510132,0.6124817728996277,0.18633544445037842,0.736433207988739,0.27477556467056274,0.7239536643028259,0.7070507407188416,0.5884864926338196,0.7367133498191833,0.5458987951278687,0.38507285714149475,0.6122944951057434,0.6613736152648926,0.5902758240699768,0.5476983189582825,0.5206689834594727,0.695186197757721,0.5120747089385986,0.5535047054290771,0.5626049041748047,0.5254809260368347,0.5408936142921448,0.3351047933101654,0.5450631380081177,0.2563282251358032,0.7357684373855591,0.229988232254982,0.6812935471534729,0.2086481750011444,0.6855230927467346
85,0.42393168807029724,0.6490154266357422,0.671078622341156,0.6119659543037415,0.5300063490867615,0.6102344393730164,0.17444738745689392,0.7416366338729858,0.26574862003326416,0.6925738453865051,0.6265942454338074,0.6081059575080872,0.6651688814163208,0.5574254989624023,0.38049113750457764,0.6103399395942688,0.5938922762870789,0.5712746381759644,0.5190617442131042,0.5410289764404297,0.6798474192619324,0.5147812366485596,0.5248530507087708,0.5308089852333069,0.5051026344299316,0.5430387258529663,0.32430776953697205,0.5543850064277649,0.2433931976556778,0.7788877487182617,0.21698541939258575,0.7152379751205444,0.19700613617897034,0.6837410926818848
86,0.37871357798576355,0.6660833358764648,0.6196107268333435,0.6240611672401428,0.4836256802082062,0.6505695581436157,0.5298283100128174,0.7049009799957275,0.22899818420410156,0.7255112528800964,0.5760505199432373,0.6498936414718628,0.6130174994468689,0.5610650777816772,1.0000239610671997,0.5873204469680786,0.5202861428260803,0.6010972857475281,0.5066577792167664,0.5583463311195374,0.65137779712677,0.538242757320404,0.5004307627677917,0.541897714138031,0.4794289767742157,0.5509284138679504,0.30398309230804443,0.5698874592781067,0.23011654615402222,0.7711343169212341,0.21926884353160858,0.7111775875091553,0.20286525785923004,0.7109375
87,0.35228875279426575,0.6926010847091675,0.54917973279953,0.6063075661659241,0.43754154443740845,0.6356419920921326,0.4363005459308624,0.6923824548721313,0.2143617421388626,0.7369731664657593,0.5409457683563232,0.6030727028846741,0.5925650000572205,0.5567076802253723,0.7755324840545654,0.5518636703491211,0.49419960379600525,0.5876203775405884,0.832494854927063,0.5480435490608215,0.6076883673667908,0.528999388217926,0.4738227427005768,0.5462731122970581,0.4671264886856079,0.5548171997070312,0.3589465916156769,0.6489691734313965,0.21655496954917908,0.7738935351371765,0.19866259396076202,0.7699634432792664,0.17651136219501495,0.710750937461853
88,0.31755930185317993,0.7102927565574646,0.5156280398368835,0.6295512318611145,0.3984946310520172,0.6378344893455505,0.38566863536834717,0.7245976328849792,0.202605202794075,0.7012196183204651,0.49057289958000183,0.6158316731452942,0.5538459420204163,0.5955885052680969,0.6788796782493591,0.58506178855896,0.43729498982429504,0.6064898371696472,0.701948881149292,0.5875421762466431,1.2089366912841797,0.49423715472221375,0.456572562456131,0.5323576927185059,0.5843334197998047,0.5624382495880127,0.3108539581298828,0.6440216898918152,0.2078455686569214,0.8053174018859863,0.20113861560821533,0.7182671427726746,0.22178351879119873,0.812167763710022
89,0.30654436349868774,0.6969795227050781,0.4630175828933716,0.6482617855072021,0.37534499168395996,0.6539472937583923,0.36258649826049805,0.7222816348075867,0.18593859672546387,0.7441738247871399,0.43921172618865967,0.657440721988678,0.4988522529602051,0.5678261518478394,0.61427903175354,0.5636922717094421,0.4282313883304596,0.5859110355377197,0.636233925819397,0.5477264523506165,0.9380524754524231,0.5198132395744324,0.4281688332557678,0.5457671880722046,0.49308720231056213,0.5563732981681824,0.28605085611343384,0.6377423405647278,0.195008784532547,0.8212217092514038,0.2303481251001358,0.8040364980697632,0.19165116548538208,0.8132071495056152
90,0.27809786796569824,0.7377578020095825,0.4692695438861847,0.652295708656311,0.37016767263412476,0.6509957313537598,0.3388855457305908,0.7108570337295532,0.5515617728233337,0.6568288803100586,0.4170804023742676,0.6274762153625488,0.4772539734840393,0.5747631788253784,0.5525551438331604,0.5635433197021484,0.3829133212566376,0.6234562993049622,0.589849591255188,0.5512761473655701,0.8295831680297852,0.5097499489784241,0.6552485227584839,0.5469039082527161,0.45821404457092285,0.5756898522377014,0.2662283182144165,0.6495291590690613,0.18695339560508728,0.8054378628730774,0.19669084250926971,0.7713331580162048,0.17882020771503448,0.8100590109825134
91,0.27374351024627686,0.7096359133720398,0.40352240204811096,0.6797289848327637,0.3359379470348358,0.65517258644104,0.30873018503189087,0.7394452095031738,0.4400537610054016,0.6570045948028564,0.401637464761734,0.6749339699745178,0.43439915776252747,0.6042305827140808,0.5001599192619324,0.6137904524803162,0.36199313402175903,0.6139499545097351,0.5501362085342407,0.5570791363716125,0.7461076974868774,0.5118259787559509,0.5556082129478455,0.5646791458129883,0.43040481209754944,0.5639503598213196,0.256076455116272,0.6502664685249329,0.17630822956562042,0.8231739401817322,0.1807539165019989,0.7987419366836548,0.16840581595897675,0.8444920778274536
92,0.2555423080921173,0.7415137887001038,0.3774859607219696,0.6807366013526917,0.31291499733924866,0.662570059299469,0.28594809770584106,0.7600494623184204,0.39190050959587097,0.6589297652244568,0.36144551634788513,0.6681509613990784,0.4347700774669647,0.5967248678207397,0.4752209484577179,0.5936827063560486,0.3369894325733185,0.6454744935035706,0.5274015665054321,0.5454245209693909,0.7120341062545776,0.522519588470459,0.4921402931213379,0.5605857968330383,0.3990599513053894,0.5571933388710022,0.24467144906520844,0.6599893569946289,0.24264396727085114,0.9382845759391785,0.17043331265449524,0.7773727178573608,0.1580408364534378,0.8497111201286316
93,0.22290052473545074,0.7307723760604858,0.3698720932006836,0.6673272252082825,0.29134321212768555,0.7040845155715942,0.27122360467910767,0.7407141923904419,0.3551962971687317,0.6759304404258728,0.3518020212650299,0.658451497554779,0.3908955156803131,0.6053107976913452,0.4453335404396057,0.596976637840271,0.31211450695991516,0.6417287588119507,0.5118665099143982,0.5608459115028381,0.6443016529083252,0.49982133507728577,0.45208191871643066,0.5899329781532288,0.3753977417945862,0.5950542688369751,0.23293010890483856,0.7235287427902222,0.2143680453300476,0.9241821765899658,0.15634749829769135,0.7958995699882507,0.14746370911598206,0.8225922584533691
94,0.7419538497924805,0.6205679178237915,0.3353953957557678,0.7022082805633545,1.0089380741119385,0.6032040119171143,0.2582758367061615,0.7846471071243286,0.32795679569244385,0.7001871466636658,1.028741717338562,0.6100372672080994,1.1635512113571167,0.5376577377319336,0.4133661389350891,0.6024899482727051,0.2963857054710388,0.6330246925354004,0.4551584720611572,0.5598376989364624,0.6115489602088928,0.507738471031189,0.417361319065094,0.5802327990531921,0.3553681969642639,0.5871284008026123,0.22243525087833405,0.7022480368614197,0.20038755238056183,0.9354806542396545,0.1493949145078659,0.803774893283844,0.14112168550491333,0.8749855160713196
95,0.5463542342185974,0.6066774129867554,0.32344794273376465,0.6911591291427612,0.7714034914970398,0.5683033466339111,0.2533947825431824,0.7612384557723999,0.296922504901886,0.7259694337844849,0.7933090925216675,0.6025547981262207,0.8925634026527405,0.5295995473861694,0.39200177788734436,0.6221985220909119,0.2686704695224762,0.6376336812973022,0.44023779034614563,0.5724692344665527,0.5812049508094788,0.5142500996589661,0.3944809138774872,0.5837522149085999,0.3420235514640808,0.6224482655525208,0.21385101974010468,0.7042730450630188,0.18773196637630463,0.93117356300354,0.14100795984268188,0.8186459541320801,0.1343361735343933,0.8843302726745605
96,0.4677622616291046,0.6332112550735474,0.3072808086872101,0.6830077767372131,0.6414825916290283,0.5914279818534851,0.2272493839263916,0.7988477945327759,0.2875863015651703,0.7396774888038635,0.662247896194458,0.5763067603111267,0.761573851108551,0.52112877368927,0.37058281898498535,0.5961849689483643,1.0377378463745117,0.5788446068763733,0.41670939326286316,0.5837162137031555,0.5591325759887695,0.5136672258377075,0.36594074964523315,0.6041150093078613,0.3267574906349182,0.6080225706100464,0.20589828491210938,0.7165309190750122,0.17878147959709167,0.9410889744758606,0.13576769828796387,0.8388203978538513,0.1285100281238556,0.87331223487854
97,0.40561243891716003,0.6240557432174683,0.2961127460002899,0.7082840204238892,0.576410174369812,0.5980664491653442,0.2159034162759781,0.806068480014801,0.26488301157951355,0.746789813041687,0.6080424189567566,0.5799767971038818,0.7149379253387451,0.5141900777816772,0.353619784116745,0.6238735318183899,0.7840135097503662,0.5821705460548401,0.4040297865867615,0.5785313844680786,0.5103006958961487,0.5231299996376038,0.34763237833976746,0.6045055389404297,0.31019482016563416,0.6346834301948547,0.1938142329454422,0.7520496249198914,0.1686868667602539,0.941559910774231,0.12670902907848358,0.8646352887153625,0.1223447397351265,0.884904146194458
98,0.39667385816574097,0.6371081471443176,0.8172398209571838,0.631953239440918,0.5522392392158508,0.5991281867027283,0.7314795255661011,0.7248878479003906,0.23986364901065826,0.7669076919555664,0.528589129447937,0.592786431312561,0.6294324994087219,0.5291990637779236,0.9041790962219238,0.5545933246612549,0.6605716347694397,0.5695821046829224,0.3808335065841675,0.5942643880844116,0.49061673879623413,0.5420845746994019,0.3295527994632721,0.6126528978347778,0.2916274070739746,0.6264341473579407,0.1874462068080902,0.7205944657325745,0.1602516770362854,0.950991153717041,0.1237470731139183,0.8689926862716675,0.11812438070774078,0.8953041434288025
99,0.3420134484767914,0.6305291056632996,0.6049063205718994,0.5996885895729065,0.468470960855484,0.6047008037567139,0.5904162526130676,0.706719160079956,0.23150409758090973,0.7492846846580505,0.5119608640670776,0.6103687882423401,0.5746736526489258,0.5472574830055237,0.7086862325668335,0.5642771124839783,0.6007618308067322,0.578715443611145,0.35889899730682373,0.5882328152656555,0.6459153294563293,0.6087784767150879,0.31344589591026306,0.6164241433143616,0.2818850874900818,0.6546872854232788,0.1783904731273651,0.7424400448799133,0.152476966381073,0.9768276214599609,0.11629416048526764,0.8895372748374939,0.11251500993967056,0.9008206129074097
100,0.3036423325538635,0.6911967992782593,0.5293945670127869,0.5784829258918762,0.44590699672698975,0.6018254160881042,0.5275784730911255,0.7439239025115967,0.21772682666778564,0.731065034866333,0.4513119161128998,0.6011918187141418,0.5440074801445007,0.5473961234092712,0.6101787090301514,0.5772212743759155,0.533207893371582,0.5817521810531616,0.35069727897644043,0.5963865518569946,0.543623685836792,0.5505803227424622,0.2944148778915405,0.6224966645240784,0.3107949197292328,0.6390376687049866,0.23700125515460968,0.8436477780342102,0.14459490776062012,0.9786404371261597,0.1110178679227829,0.8695785999298096,0.10757306963205338,0.9207555055618286
101,0.296379417181015,0.6799567341804504,0.4606873691082001,0.6227642297744751,0.4253808856010437,0.6503387093544006,0.4813384413719177,0.7630468606948853,0.6113371253013611,0.6787232756614685,0.4280865788459778,0.6080794334411621,0.5038654804229736,0.5588462948799133,0.5487483143806458,0.5502376556396484,0.4808308780193329,0.5914322733879089,0.3284403085708618,0.6074269413948059,0.4784763753414154,0.5772647261619568,0.29363393783569336,0.648791491985321,0.2688245177268982,0.654341459274292,0.20775757730007172,0.8300110697746277,0.13864071667194366,0.9718773365020752,0.17844240367412567,0.9715465903282166,0.17133919894695282,0.9979585409164429
102,0.27643218636512756,0.6718742847442627,0.41645994782447815,0.6226192116737366,0.39844876527786255,0.6075976490974426,0.44105660915374756,0.7620835304260254,0.503097653388977,0.6598305106163025,0.41232049465179443,0.6123306155204773,0.46636828780174255,0.5397070646286011,0.504867434501648,0.5761054158210754,0.44922181963920593,0.589684247970581,0.31384527683258057,0.6137532591819763,0.44707581400871277,0.5862652063369751,0.25772446393966675,0.6216318607330322,0.24578790366649628,0.6531289219856262,0.18915484845638275,0.8395032286643982,0.1326623260974884,1.006957769393921,0.14852292835712433,0.992972195148468,0.14722619950771332,1.0297712087631226
103,0.2672460377216339,0.6950428485870361,0.3870260417461395,0.6275440454483032,0.3892923593521118,0.6125823259353638,0.4181590676307678,0.7943636775016785,0.45596370100975037,0.6789167523384094,0.3675388991832733,0.6316370964050293,0.42962154746055603,0.5629386901855469,0.46951428055763245,0.5809539556503296,0.407865047454834,0.6017582416534424,0.4212385416030884,0.6488420367240906,0.3998167812824249,0.5834364295005798,0.23468947410583496,0.7022221088409424,0.23039133846759796,0.6577642560005188,0.1791944056749344,0.8412725329399109,0.12744472920894623,0.9872141480445862,0.13564379513263702,0.9948830604553223,0.13630934059619904,1.0052320957183838
104,0.24104011058807373,0.6847428679466248,0.3621772527694702,0.6618408560752869,0.3485058546066284,0.6423325538635254,0.3860192894935608,0.7899531126022339,0.4180373251438141,0.6779811978340149,0.349977046251297,0.630951464176178,0.42044970393180847,0.5683837532997131,0.4420994222164154,0.5799023509025574,0.3887605369091034,0.6394875645637512,0.34747740626335144,0.6647269129753113,0.3780229985713959,0.571976900100708,0.21818597614765167,0.674943745136261,0.21659457683563232,0.6687570214271545,0.16774876415729523,0.8796133995056152,0.18896514177322388,1.0241739749908447,0.1257571429014206,0.9700208306312561,0.12540200352668762,1.0338919162750244
105,0.225908100605011,0.7420912384986877,0.3164358139038086,0.6329236626625061,0.33291301131248474,0.6735512614250183,0.3629208207130432,0.8134733438491821,0.37927716970443726,0.7224879264831543,0.3349400460720062,0.6460989117622375,0.3943256735801697,0.5586376190185547,0.3994043469429016,0.5863544940948486,0.34777751564979553,0.60359787940979,0.31841593980789185,0.657706081867218,0.36003053188323975,0.6203000545501709,0.20462362468242645,0.6933886408805847,0.20329798758029938,0.6866491436958313,0.15888936817646027,0.8673881888389587,0.1641412377357483,1.0064350366592407,0.11792728304862976,1.007293462753296,0.11863859742879868,1.026122808456421
106,0.7296531200408936,0.6254812479019165,0.3006168305873871,0.654749870300293,0.7946749329566956,0.615187406539917,0.3437376320362091,0.8040651082992554,0.3602765202522278,0.6878127455711365,0.3221334218978882,0.6301329731941223,0.37580636143684387,0.5750672221183777,0.3895701467990875,0.5922361612319946,0.33812442421913147,0.6513935923576355,0.2958757281303406,0.6857947111129761,0.33619076013565063,0.6114835143089294,0.19085189700126648,0.7168837189674377,0.19314850866794586,0.6908470988273621,0.1513044834136963,0.8727244138717651,0.15100467205047607,1.0121588706970215,0.11095728725194931,1.0049231052398682,0.11181630194187164,1.042434811592102
107,0.5425654649734497,0.6034486889839172,0.2756272256374359,0.6704565286636353,0.5639333128929138,0.6115246415138245,0.3321041464805603,0.8445134162902832,0.3352367579936981,0.7162356376647949,0.9248486161231995,0.5879605412483215,0.3571750819683075,0.5724061131477356,0.3530643880367279,0.6020268797874451,0.3175710141658783,0.63694167137146,0.2777872383594513,0.6701668500900269,0.31630972027778625,0.6301023364067078,0.18049690127372742,0.7159620523452759,0.18072758615016937,0.7153269648551941,0.1445532739162445,0.9038050174713135,0.14130012691020966,1.0252578258514404,0.1050320491194725,1.0264098644256592,0.10605417937040329,1.0386404991149902
108,0.4627707302570343,0.6490046977996826,0.26859620213508606,0.6979129314422607,0.4685681164264679,0.6343268752098083,0.3054572641849518,0.8615015149116516,0.3137611746788025,0.7433542013168335,0.6930866241455078,0.5832318067550659,0.9381975531578064,0.5292899012565613,0.3372703492641449,0.5985666513442993,0.28299516439437866,0.6634283661842346,0.2543458640575409,0.6797076463699341,0.3032296895980835,0.6369644403457642,0.1722976714372635,0.732040286064148,0.1726977527141571,0.6924141645431519,0.13835403323173523,0.8867067098617554,0.13291744887828827,1.0436065196990967,0.09928332269191742,1.0398505926132202,0.10018444061279297,1.0605816841125488
109,0.40819692611694336,0.6426209807395935,0.25775161385536194,0.6748515367507935,0.44121280312538147,0.6384620070457458,0.2899979054927826,0.8605581521987915,0.29144391417503357,0.7554519176483154,0.5915636420249939,0.5677250027656555,0.7065043449401855,0.5264835357666016,0.3188113570213318,0.6252988576889038,0.8827821612358093,0.578582763671875,0.23975534737110138,0.705474317073822,0.2832823097705841,0.6288045644760132,0.16428378224372864,0.7526865005493164,0.1636590212583542,0.721583366394043,0.1307145059108734,0.9101824760437012,0.12426036596298218,1.032509207725525,0.09469624608755112,1.0141232013702393,0.09480030089616776,1.048154592514038
110,0.36577510833740234,0.6788450479507446,0.23469656705856323,0.6849149465560913,0.3595302999019623,0.6442759037017822,0.864298939704895,0.810832679271698,0.28599363565444946,0.7484216690063477,0.5252169370651245,0.6214919090270996,0.5981164574623108,0.5866736769676208,0.30743929743766785,0.6255258917808533,0.6601349711418152,0.5617908835411072,0.2255307137966156,0.709811806678772,0.2698178291320801,0.6333929896354675,0.15506431460380554,0.7492110729217529,0.15425699949264526,0.7318415641784668,0.12498504668474197,0.9221725463867188,0.11809274554252625,1.0628204345703125,0.08972577005624771,1.0410691499710083,0.09156578034162521,1.0715447664260864
111,0.3403507173061371,0.6540140509605408,0.8826112747192383,0.6022853851318359,0.34631651639938354,0.632967472076416,0.6965323686599731,0.8151494860649109,0.2551494240760803,0.7769107222557068,0.471896767616272,0.6076743006706238,0.5324388146400452,0.5468953847885132,0.2980499863624573,0.6392645835876465,0.5801014304161072,0.5958673357963562,0.20721514523029327,0.7155711054801941,0.33527830243110657,0.6456652283668518,0.15144731104373932,0.7769337892532349,0.1957569122314453,0.7423515915870667,0.11925426125526428,0.9385822415351868,0.11139973253011703,1.0444860458374023,0.08589848130941391,1.0478945970535278,0.08762646466493607,1.067376971244812
112,0.3141205906867981,0.6623598337173462,0.6568945646286011,0.5728958249092102,0.3318128287792206,0.6544449925422668,0.6210317015647888,0.7674527168273926,0.23866453766822815,0.7806693315505981,0.4479409158229828,0.5787839293479919,0.4753206670284271,0.5605310797691345,0.9229203462600708,0.5919627547264099,0.5385876893997192,0.5757158994674683,0.2028919756412506,0.7429810166358948,0.2884201109409332,0.6247225403785706,0.1407168209552765,0.7838582992553711,0.17052170634269714,0.7575227618217468,0.19637912511825562,0.999971866607666,0.10596982389688492,1.0589045286178589,0.08266275376081467,1.0585461854934692,0.14468508958816528,1.1197296380996704
113,0.29265692830085754,0.6620206236839294,0.5735207796096802,0.5970017910003662,0.28737112879753113,0.6704725027084351,0.5730534791946411,0.8095804452896118,0.9432469010353088,0.7307372689247131,0.40832313895225525,0.6468439102172852,0.4412594437599182,0.5710595846176147,0.6637290120124817,0.5699567198753357,0.48287466168403625,0.5828836560249329,0.1904144138097763,0.7404506206512451,0.2601359784603119,0.6391425132751465,0.19838112592697144,0.8367034196853638,0.15810973942279816,0.782558798789978,0.16911716759204865,0.9888708591461182,0.10058382153511047,1.0634785890579224,0.07930552214384079,1.0521910190582275,0.12346650660037994,1.123032808303833
114,0.27535536885261536,0.6568874716758728,0.5239614844322205,0.5745481848716736,0.28668493032455444,0.7125862836837769,0.5198586583137512,0.8158261775970459,0.7774981260299683,0.7512961030006409,0.38521119952201843,0.6057332754135132,0.40400850772857666,0.5675790309906006,0.5765233635902405,0.5833517909049988,0.4441102147102356,0.5787336230278015,0.2272925227880478,0.7612639665603638,0.2421766072511673,0.6484792828559875,0.17218856513500214,0.840389609336853,0.14718928933143616,0.8021625876426697,0.15452244877815247,0.9905551075935364,0.09555847197771072,1.0756045579910278,0.07436069846153259,1.0639351606369019,0.11155333369970322,1.1147098541259766
115,0.24819578230381012,0.704276978969574,0.4757663309574127,0.5884496569633484,0.27409642934799194,0.667831301689148,0.4807049334049225,0.8205720782279968,0.6670128703117371,0.7285576462745667,0.35361745953559875,0.6246630549430847,0.375647634267807,0.5816166996955872,0.5260180234909058,0.5817502737045288,0.4164626896381378,0.6059533357620239,0.19734126329421997,0.7568348050117493,0.22799324989318848,0.6431576013565063,0.16096064448356628,0.8533241152763367,0.1410079151391983,0.7860850691795349,0.14502669870853424,0.989010214805603,0.09226375818252563,1.0720155239105225,0.14574840664863586,1.0861155986785889,0.10441046208143234,1.1113630533218384
116,0.24179673194885254,0.6607566475868225,0.428997278213501,0.618833065032959,0.2648867070674896,0.6618896126747131,0.44921019673347473,0.8307093977928162,0.6154439449310303,0.7460458278656006,0.3426891565322876,0.6392267346382141,0.36208873987197876,0.6013895273208618,0.48988863825798035,0.5971865653991699,0.38378986716270447,0.5955957770347595,0.18262429535388947,0.7458929419517517,0.21186554431915283,0.6715161800384521,0.1509535312652588,0.8637553453445435,0.1336456537246704,0.8162413835525513,0.13671958446502686,1.0063047409057617,0.16203434765338898,1.0827778577804565,0.12193785607814789,1.0887341499328613,0.09637366980314255,1.1031181812286377
117,0.2365950345993042,0.7202891707420349,0.39838361740112305,0.6009965538978577,0.23745295405387878,0.6848087906837463,0.4271092712879181,0.835782527923584,0.5596920847892761,0.7270259261131287,0.29629817605018616,0.6344161033630371,0.33760756254196167,0.6053098440170288,0.4392698407173157,0.588249146938324,0.35041168332099915,0.5961090922355652,0.16777962446212769,0.7576568126678467,0.20079442858695984,0.6860563158988953,0.14133372902870178,0.8854823708534241,0.12592093646526337,0.8244510293006897,0.1298624873161316,1.0060522556304932,0.13934585452079773,1.0823346376419067,0.11057478189468384,1.1002931594848633,0.09108049422502518,1.118295431137085
118,0.8338440656661987,0.6073759198188782,0.38047313690185547,0.6141547560691833,0.7849887609481812,0.5967682600021362,0.39323556423187256,0.8527395725250244,0.524994432926178,0.7383428812026978,0.30913305282592773,0.6373785138130188,0.3158040940761566,0.5918497443199158,0.41447973251342773,0.5920843482017517,0.3362966775894165,0.5929288864135742,0.15770265460014343,0.7960081696510315,0.18660052120685577,0.6912096738815308,0.13229887187480927,0.8984761238098145,0.12183015793561935,0.8125195503234863,0.12145546823740005,1.0104743242263794,0.12621280550956726,1.0964652299880981,0.10099415481090546,1.0991507768630981,0.08610201627016068,1.1340279579162598
119,0.6158114075660706,0.5777143836021423,0.35628560185432434,0.6174057126045227,0.5852295756340027,0.5724844932556152,0.3660021424293518,0.8740727305412292,0.49450942873954773,0.7669419646263123,0.284742534160614,0.6302147507667542,0.3006649613380432,0.6191504597663879,0.39251184463500977,0.5993682146072388,0.30964136123657227,0.628649115562439,0.148759663105011,0.7769024968147278,0.18047495186328888,0.7286377549171448,0.12586872279644012,0.9333550333976746,0.11524739116430283,0.857001006603241,0.11518833041191101,1.0096886157989502,0.11637851595878601,1.0994610786437988,0.09471002966165543,1.0996485948562622,0.08086490631103516,1.1339380741119385
120,0.517877459526062,0.5942683219909668,0.31973928213119507,0.6294934153556824,0.5078484416007996,0.5730655789375305,0.3474505841732025,0.894534170627594,0.4488307535648346,0.7934755682945251,0.8779021501541138,0.5912670493125916,0.8431164026260376,0.5506817698478699,0.3529822528362274,0.5928768515586853,0.30021223425865173,0.6612614989280701,0.1418880969285965,0.8027833700180054,0.1680915802717209,0.6968427300453186,0.120977483689785,0.909649670124054,0.11028219014406204,0.8602883219718933,0.10813957452774048,1.0200178623199463,0.11038491874933243,1.0991166830062866,0.08856820315122604,1.0956279039382935,0.07686688750982285,1.14375638961792
121,0.4586067199707031,0.6083645820617676,0.3091006577014923,0.6386601328849792,0.4547770023345947,0.576916515827179,0.34432563185691833,0.8859732747077942,0.4181846082210541,0.7918483018875122,0.6967990398406982,0.5610324740409851,0.618764340877533,0.5402699112892151,0.3479175865650177,0.6330509781837463,0.8767101764678955,0.5718676447868347,0.13510537147521973,0.8044202327728271,0.1613972783088684,0.7357982993125916,0.1134876161813736,0.9249412417411804,0.10548444837331772,0.8675737977027893,0.10317496210336685,1.023492455482483,0.10289540141820908,1.0893415212631226,0.08339650183916092,1.1088894605636597,0.07316688448190689,1.1440764665603638
122,0.42527851462364197,0.6009886860847473,0.2895432710647583,0.6268634796142578,0.4042801856994629,0.6437209844589233,0.31899547576904297,0.8949630856513977,0.39128196239471436,0.7889508605003357,0.574411153793335,0.5729077458381653,0.5419663190841675,0.5491046905517578,0.3244568407535553,0.6137445569038391,0.6690990328788757,0.5581316947937012,0.12896525859832764,0.7984816431999207,0.15434439480304718,0.7307662963867188,0.10810116678476334,0.9217139482498169,0.17873716354370117,0.8687845468521118,0.09797898679971695,1.0313762426376343,0.09735959023237228,1.099623203277588,0.07878506183624268,1.0945215225219727,0.0696762278676033,1.1448373794555664
123,0.38410139083862305,0.6354063749313354,0.6788265109062195,0.5885189771652222,0.3735296428203583,0.6155499219894409,0.9296505451202393,0.8869562745094299,0.37249255180358887,0.8074557185173035,0.5131949186325073,0.5679633021354675,0.481571763753891,0.5709516406059265,0.2968273162841797,0.603818953037262,0.5800045132637024,0.5447306632995605,0.12128908187150955,0.8229547142982483,0.24859192967414856,0.8276115655899048,0.10171550512313843,0.967754065990448,0.15806397795677185,0.9288575649261475,0.09236641973257065,1.0318771600723267,0.09235940128564835,1.0964279174804688,0.0733492374420166,1.1165827512741089,0.06591319292783737,1.1513919830322266
124,0.350728303194046,0.6211576461791992,0.5117596387863159,0.6161079406738281,0.3499680161476135,0.6059767007827759,0.7489634156227112,0.8569396734237671,0.3512544631958008,0.8219097852706909,0.4448247253894806,0.5915111899375916,0.4310601055622101,0.5751177668571472,0.6956631541252136,0.5770641565322876,0.5178708434104919,0.568881094455719,0.11737319082021713,0.8120338916778564,0.21317213773727417,0.8303435444831848,0.17539134621620178,0.9825494885444641,0.14670999348163605,0.8869553208351135,0.1617908775806427,1.0569164752960205,0.08751317113637924,1.103089451789856,0.07032983005046844,1.1287195682525635,0.06267278641462326,1.1533284187316895
125,0.3280545771121979,0.6245816349983215,0.44824764132499695,0.6244447231292725,0.3314859867095947,0.6274024844169617,0.6649331450462341,0.8506121635437012,0.3266969919204712,0.8160811066627502,0.4118586778640747,0.5988238453865051,0.39129579067230225,0.5963345170021057,0.5327305793762207,0.5864718556404114,0.4779149889945984,0.5783698558807373,0.11158358305692673,0.8262210488319397,0.1987987905740738,0.8335855603218079,0.15358275175094604,1.003475546836853,0.13651588559150696,0.9434080123901367,0.13743898272514343,1.023250699043274,0.0827256441116333,1.1073946952819824,0.06703146547079086,1.1365712881088257,0.06102345511317253,1.1541540622711182
126,0.3070196807384491,0.6299285888671875,0.38926413655281067,0.6310998201370239,0.2897927165031433,0.6464349031448364,0.5919068455696106,0.8558402061462402,0.3139795958995819,0.8274977207183838,0.38493219017982483,0.5922535061836243,0.3734813630580902,0.5925405621528625,0.48234641551971436,0.5675919651985168,0.43519750237464905,0.5754934549331665,0.10691794008016586,0.8395805358886719,0.18226642906665802,0.8363196849822998,0.1413293480873108,0.9965827465057373,0.12932905554771423,0.9274345636367798,0.1252821683883667,1.032358169555664,0.07930488139390945,1.1156083345413208,0.12637051939964294,1.1409785747528076,0.056912004947662354,1.1585540771484375
127,0.283540815114975,0.6292921900749207,0.3453221023082733,0.649855375289917,0.2763056457042694,0.6361866593360901,0.5495775938034058,0.8500779271125793,0.2883443236351013,0.8308637142181396,0.35886454582214355,0.6046723127365112,0.3531477153301239,0.5729707479476929,0.42533573508262634,0.5719747543334961,0.4009162485599518,0.5917561650276184,0.18309369683265686,0.865402102470398,0.16943137347698212,0.832848310470581,0.13096944987773895,1.0384941101074219,0.1229332834482193,0.9603963494300842,0.11606908589601517,1.0363597869873047,0.07562755048274994,1.1153677701950073,0.1043844223022461,1.1160497665405273,0.1283074915409088,1.1570271253585815
128,0.2649838328361511,0.6545234322547913,0.330668181180954,0.6417236924171448,0.27628153562545776,0.6239506602287292,0.4968121349811554,0.8795053362846375,0.9281108379364014,0.7854071855545044,0.3454473614692688,0.6243119239807129,0.3253118097782135,0.6072953343391418,0.4018874168395996,0.5857772827148438,0.3606289327144623,0.5842231512069702,0.15643340349197388,0.8530488014221191,0.16224411129951477,0.8416072726249695,0.12398533523082733,1.0262624025344849,0.11488968878984451,0.9462072849273682,0.10829397290945053,1.0573256015777588,0.14533542096614838,1.1346511840820312,0.09349136054515839,1.128371000289917,0.10689687728881836,1.1417518854141235
129,0.24980270862579346,0.6509336233139038,0.2970123887062073,0.6853237152099609,0.25101354718208313,0.6345059871673584,0.46132993698120117,0.8763445615768433,0.748672366142273,0.7589476108551025,0.32157790660858154,0.7102804780006409,0.31411463022232056,0.6035539507865906,0.3737652599811554,0.5862158536911011,0.3392700254917145,0.5852407813072205,0.1466766744852066,0.8856456875801086,0.15226033329963684,0.8570904731750488,0.11703137308359146,1.0419665575027466,0.11089461296796799,0.9685667753219604,0.1014438048005104,1.049927830696106,0.12359140068292618,1.1181386709213257,0.08660861104726791,1.1313368082046509,0.09567371010780334,1.1652456521987915
130,0.7187545299530029,0.6024065017700195,0.2914731502532959,0.637030303478241,0.6367870569229126,0.5984112024307251,0.43794700503349304,0.8856620788574219,0.652799665927887,0.7962050437927246,0.292314738035202,0.6522969603538513,0.2851795256137848,0.5916035771369934,0.35002192854881287,0.6070101261138916,0.3192126452922821,0.6233502626419067,0.13621585071086884,0.8870630264282227,0.1445561796426773,0.8489409685134888,0.10865467041730881,1.0325071811676025,0.10556209087371826,0.987418532371521,0.09645359963178635,1.053635597229004,0.11132576316595078,1.1171278953552246,0.07933620363473892,1.1194672584533691,0.08791729062795639,1.1601366996765137
131,0.5559226274490356,0.596616268157959,0.2691863775253296,0.6477656960487366,0.4660831689834595,0.5868226885795593,0.4039987623691559,0.8870038986206055,0.5850610733032227,0.8049508333206177,0.2957310974597931,0.6259950995445251,0.27611348032951355,0.6109786629676819,0.32234200835227966,0.6109905242919922,0.2947816848754883,0.6089348196983337,0.12661157548427582,0.8964905142784119,0.1362394541501999,0.8757502436637878,0.10313200205564499,1.0550857782363892,0.10031838715076447,1.0008741617202759,0.09080274403095245,1.0745277404785156,0.10272888094186783,1.1464451551437378,0.07537373155355453,1.1314817667007446,0.08193354308605194,1.1642378568649292
132,0.46480342745780945,0.5840610861778259,0.24668966233730316,0.6564636826515198,0.37865036725997925,0.5928401947021484,0.3823361396789551,0.91700279712677,0.53153395652771,0.8328231573104858,0.7219321727752686,0.5700843334197998,0.7090423107147217,0.5334264636039734,0.30425745248794556,0.6139405369758606,0.28619521856307983,0.6094924807548523,0.12140408903360367,0.9198604226112366,0.13073541224002838,0.8946202397346497,0.09683913737535477,1.0498840808868408,0.09629997611045837,0.9945929646492004,0.08664865046739578,1.0658955574035645,0.09515547752380371,1.1517714262008667,0.07060141861438751,1.1421537399291992,0.07701762020587921,1.1672970056533813
133,0.4391230046749115,0.5841758847236633,0.2356187254190445,0.6609672904014587,0.32977011799812317,0.6097186803817749,0.36376720666885376,0.915459394454956,0.4883233606815338,0.8156681656837463,0.5492424964904785,0.5863533616065979,0.534365177154541,0.5405166149139404,0.29676517844200134,0.6840071082115173,0.26991546154022217,0.6089991331100464,0.11262192577123642,0.911719560623169,0.1240287646651268,0.9030925631523132,0.09318346530199051,1.081562876701355,0.16081073880195618,1.0327099561691284,0.08173944801092148,1.0680582523345947,0.09026388078927994,1.1416629552841187,0.06598041951656342,1.1321358680725098,0.07219349592924118,1.1520991325378418
134,0.3857133090496063,0.6142492294311523,0.6573574542999268,0.6088565587997437,0.30222323536872864,0.6193423271179199,0.3318130075931549,0.9152462482452393,0.44822877645492554,0.8336899280548096,0.46936866641044617,0.5942046046257019,0.4798049032688141,0.5451879501342773,0.274368017911911,0.61234050989151,0.7040218114852905,0.5860708355903625,0.10741366446018219,0.9448056817054749,0.1962427943944931,0.9330593943595886,0.08703723549842834,1.0835063457489014,0.1386478990316391,1.0295108556747437,0.07808100432157516,1.065998911857605,0.08541326969861984,1.1638200283050537,0.06345541030168533,1.146436333656311,0.06807978451251984,1.1663390398025513
135,0.35090118646621704,0.5924693942070007,0.4770418405532837,0.6133599281311035,0.28387710452079773,0.6285738348960876,0.31726735830307007,0.9278281927108765,0.4203844368457794,0.8301218748092651,0.4343867897987366,0.5908975601196289,0.43223437666893005,0.5621097683906555,0.25684991478919983,0.6321474313735962,0.5352730751037598,0.5867663025856018,0.10139299184083939,0.9250532984733582,0.17310674488544464,0.9513767957687378,0.16553865373134613,1.1039971113204956,0.1281932145357132,1.0515691041946411,0.07418683916330338,1.1022857427597046,0.07902756333351135,1.1642141342163086,0.05944686383008957,1.1502333879470825,0.0639505684375763,1.1750471591949463
136,0.3150096833705902,0.6619666814804077,0.409433513879776,0.5966408848762512,0.25714433193206787,0.6385018825531006,0.29988768696784973,0.9121173620223999,0.400515079498291,0.8505524396896362,0.3897162079811096,0.6548748016357422,0.3907235264778137,0.5405641198158264,0.25042983889579773,0.616628110408783,0.4776695668697357,0.5808210372924805,0.09836464375257492,0.9428519606590271,0.15965431928634644,0.9628400206565857,0.1409779191017151,1.082882285118103,0.11898260563611984,1.0373202562332153,0.13927941024303436,1.1191887855529785,0.07502967864274979,1.1678725481033325,0.05736459046602249,1.1343990564346313,0.06081954017281532,1.1645524501800537
137,0.3119140863418579,0.6184477210044861,0.38140884041786194,0.6017812490463257,0.24037200212478638,0.6444133520126343,0.2838746905326843,0.9178359508514404,0.3668787181377411,0.8739408850669861,0.37628495693206787,0.6083971858024597,0.36548465490341187,0.5676456689834595,0.6432047486305237,0.5948470234870911,0.40654146671295166,0.6194161772727966,0.09141222387552261,0.9767546653747559,0.14909347891807556,0.9651380181312561,0.12919755280017853,1.102159857749939,0.11319220066070557,1.0356546640396118,0.11748137325048447,1.1073209047317505,0.07167231291532516,1.1736034154891968,0.054622258991003036,1.1391420364379883,0.05786317214369774,1.1894924640655518
138,0.2920094132423401,0.6525753736495972,0.33992090821266174,0.6266753673553467,0.217454731464386,0.6430400013923645,0.8773053884506226,0.8950565457344055,0.34550511837005615,0.8827144503593445,0.3307447135448456,0.6388850808143616,0.3407991826534271,0.5469536781311035,0.4846617877483368,0.5752016305923462,0.3656606674194336,0.6178511381149292,0.08712640404701233,0.985795259475708,0.13841365277767181,0.9569787979125977,0.12030630558729172,1.1050255298614502,0.10609054565429688,1.0456857681274414,0.10603703558444977,1.1136326789855957,0.06744726747274399,1.1928340196609497,,,0.05461724102497101,1.1784921884536743
139,0.27350160479545593,0.6690801978111267,0.30535566806793213,0.6175569891929626,0.20594684779644012,0.6842724680900574,0.7004347443580627,0.8936200737953186,0.3203226625919342,0.8723811507225037,0.32132115960121155,0.6192694306373596,0.3118107318878174,0.5739952325820923,0.43356943130493164,0.5907758474349976,0.3524622917175293,0.6276597380638123,0.15543481707572937,1.003580093383789,0.1328091025352478,0.9773446917533875,0.11291586607694626,1.1129717826843262,0.1012214720249176,1.0575426816940308,0.09859319031238556,1.1079154014587402,0.06431396305561066,1.1810046434402466,,,,
140,0.24080495536327362,0.6421338319778442,0.2928352355957031,0.5953317284584045,0.1910601109266281,0.6609910726547241,0.6095842719078064,0.8451264500617981,0.8915373682975769,0.8693583607673645,0.29053544998168945,0.642816424369812,0.3025707006454468,0.5749842524528503,0.37986859679222107,0.5888552665710449,0.3132629990577698,0.603689432144165,0.1350528746843338,1.0217820405960083,0.124514639377594,0.9933216571807861,0.10489300638437271,1.0872273445129395,0.09712907671928406,1.0537728071212769,0.09121795743703842,1.1263128519058228,0.061509326100349426,1.185504674911499,,,,
141,0.24351654946804047,0.6540746092796326,0.2608010172843933,0.6522210836410522,0.19194403290748596,0.6422101259231567,0.5574722290039062,0.8569590449333191,0.7296270728111267,0.8502278923988342,0.2916915714740753,0.6695915460586548,0.2798231840133667,0.5741509795188904,0.35175567865371704,0.6062883734703064,0.29038703441619873,0.6294471621513367,0.1236521303653717,1.0278841257095337,0.11872582137584686,0.9981943368911743,0.09926483035087585,1.117049217224121,0.092128686606884,1.057619333267212,0.08605273067951202,1.127078652381897,,,,,,
142,0.22349631786346436,0.6536381244659424,0.2513011693954468,0.6346507668495178,,,0.5025212168693542,0.8678299784660339,0.6268327236175537,0.8531652092933655,0.2628781199455261,0.6232972741127014,0.2620348632335663,0.5692535042762756,0.32830479741096497,0.5934191346168518,0.2802395224571228,0.6228736042976379,0.11524050682783127,1.0337625741958618,0.11257930099964142,1.0016788244247437,0.0938093289732933,1.1010185480117798,0.08700954914093018,1.0802069902420044,0.08153185993432999,1.1212482452392578,,,,,,
143,,,0.23807832598686218,0.6448631286621094,,,0.46871259808540344,0.8980486989021301,0.5705217719078064,0.8684585690498352,,,,,0.3034655749797821,0.6067827343940735,0.2641329765319824,0.6161636710166931,0.10908731818199158,1.0282715559005737,0.10839769244194031,1.0106292963027954,0.0885729119181633,1.1122758388519287,0.08321201801300049,1.081237554550171,0.07676565647125244,1.1222007274627686,,,,,,
144,,,0.21322008967399597,0.6465861201286316,,,0.43517616391181946,0.8870564699172974,0.5111085176467896,0.8683696985244751,,,,,0.2836662828922272,0.6078864336013794,0.24361269176006317,0.6873633861541748,0.10262497514486313,1.0328140258789062,0.10291358828544617,1.0283098220825195,0.08483409136533737,1.1241031885147095,0.07991493493318558,1.0837055444717407,0.07230526953935623,1.1219630241394043,,,,,,
145,,,0.21209147572517395,0.6412672996520996,,,0.4057447016239166,0.8806739449501038,0.4707108438014984,0.8861219882965088,,,,,0.2667118012905121,0.6259051561355591,0.22953589260578156,0.6385802626609802,0.09663233160972595,1.0668803453445435,0.15727590024471283,1.0593864917755127,0.07969638705253601,1.1311732530593872,,,0.06990569084882736,1.1408816576004028,,,,,,
146,,,0.20093001425266266,0.6826179027557373,,,0.37904438376426697,0.8941738605499268,0.429532915353775,0.8987731337547302,,,,,0.256116658449173,0.6229057908058167,0.22238345444202423,0.6807433366775513,0.0912475436925888,1.0680876970291138,0.13484661281108856,1.027246117591858,0.07621748000383377,1.1322736740112305,,,0.0660754144191742,1.130630612373352,,,,,,
147,,,0.19340737164020538,0.6699153780937195,,,0.36537954211235046,0.8998718857765198,0.3899610936641693,0.9017178416252136,,,,,0.23607967793941498,0.6173485517501831,,,0.08642983436584473,1.068751335144043,0.12363286316394806,1.0380593538284302,,,,,0.063529834151268,1.1249791383743286,,,,,,
148,,,0.17919452488422394,0.6557557582855225,,,0.32392439246177673,0.9042952656745911,0.36550939083099365,0.9091882705688477,,,,,0.23150090873241425,0.626428484916687,,,0.08201169222593307,1.0795903205871582,0.11568023264408112,1.0388380289077759,,,,,,,,,,,,
149,,,0.1748899668455124,0.6952205300331116,,,0.3237972855567932,0.9246904253959656,0.3452708125114441,0.9146499633789062,,,,,,,,,0.07802742719650269,1.0654693841934204,0.10884349048137665,1.0545459985733032,,,,,,,,,,,,
150,,,0.16783998906612396,0.6405174732208252,,,0.29774656891822815,0.9397704601287842,0.32881805300712585,0.9203463196754456,,,,,,,,,,,0.10272170603275299,1.0633463859558105,,,,,,,,,,,,
151,,,,,,,,,0.29968827962875366,0.9555354714393616,,,,,,,,,,,0.09707470238208771,1.0718555450439453,,,,,,,,,,,,
152,,,,,,,,,,,,,,,,,,,,,0.09183651208877563,1.067915916442871,,,,,,,,,,,,
153,,,,,,,,,,,,,,,,,,,,,0.08679856359958649,1.0827622413635254,,,,,,,,,,,,
154,,,,,,,,,,,,,,,,,,,,,0.08333970606327057,1.0790941715240479,,,,,,,,,,,,
155,,,,,,,,,,,,,,,,,,,,,0.07842300832271576,1.0729005336761475,,,,,,,,,,,,
156,,,,,,,,,,,,,,,,,,,,,0.07524388283491135,1.0843300819396973,,,,,,,,,,,,
